,Gold,USD_Index,Oil,Silver,SP500,Bitcoin,Interest_Rate,10Y_Treasury_Yield,Inflation_CPI,Unemployment
1/2/2008,857,76.01000213623047,99.62000274658203,15.166999816894531,1447.1600341796875,,3.94,4.36,212.174,5
1/3/2008,866.4000244140625,75.91999816894531,99.18000030517578,15.381999969482422,1447.1600341796875,,3.94,4.36,212.174,5
1/4/2008,863.0999755859375,75.81999969482422,97.91000366210938,15.345999717712402,1411.6300048828125,,3.94,4.36,212.174,5
1/7/2008,859.5999755859375,76.19999694824219,95.08999633789062,15.180000305175781,1416.1800537109375,,3.94,4.36,212.174,5
1/8/2008,878,76.12000274658203,96.33000183105469,15.706999778747559,1390.189941,,3.94,4.36,212.174,5
1/9/2008,879.5,76.45999908447266,95.66999816894531,15.734000205993652,1409.1300048828125,,3.94,4.36,212.174,5
1/10/2008,891.7000122070312,76,93.70999908447266,16.17300033569336,1420.3299560546875,,3.94,4.36,212.174,5
1/11/2008,896.0999755859375,76.04000091552734,92.69000244140625,16.273000717163086,1401.02002,,3.94,4.36,212.174,5
1/14/2008,901.5999755859375,75.69999694824219,94.19999694824219,16.325000762939453,1416.25,,3.94,4.36,212.174,5
1/15/2008,901,75.66000366210938,91.90000153,16.204999923706055,1380.949951171875,,3.94,4.36,212.174,5
1/16/2008,880.5999755859375,76.36000061035156,90.83999633789062,15.807000160217285,1373.199951171875,,3.94,4.36,212.174,5
1/17/2008,879.5,76.30000305175781,90.12999725341797,15.930000305175781,1333.25,,3.94,4.36,212.174,5
1/18/2008,880.7999877929688,76.5,90.56999969482422,16.13800048828125,1325.189941,,3.94,4.36,212.174,5
1/22/2008,889.5999755859375,76.54000091552734,89.84999847,16.030000686645508,1310.5,,3.94,4.36,212.174,5
1/23/2008,882.5,76.57499694824219,86.98999786376953,15.902000427246094,1338.5999755859375,,3.94,4.36,212.174,5
1/24/2008,905.5,75.87000274658203,89.41000366210938,16.273000717163086,1352.0699462890625,,3.94,4.36,212.174,5
1/25/2008,910.5,76.11499786376953,90.70999908447266,16.42799949645996,1330.6099853515625,,3.94,4.36,212.174,5
1/28/2008,927.0999755859375,75.69999694824219,90.98999786376953,16.690000534057617,1353.959961,,3.94,4.36,212.174,5
1/29/2008,925.0999755859375,75.66500091552734,91.63999938964844,16.74500084,1362.300048828125,,3.94,4.36,212.174,5
1/30/2008,920.5999755859375,75.13999938964844,92.33000183105469,16.711000442504883,1355.810059,,3.94,4.36,212.174,5
1/31/2008,922.7000122070312,75.28500366210938,91.75,16.947999954223633,1378.550048828125,,3.94,4.36,212.174,5
2/1/2008,908.7000122070312,75.56500244140625,88.95999908447266,16.823999404907227,1395.4200439453125,,2.98,3.62,212.687,4.9
2/4/2008,904.9000244140625,75.47000122070312,90.01999664,16.739999771118164,1380.8199462890625,,2.98,3.62,212.687,4.9
2/5/2008,885.9000244140625,76.28500366210938,88.41000366210938,16.30299949645996,1336.6400146484375,,2.98,3.62,212.687,4.9
2/6/2008,900.7000122070312,76.30000305175781,87.13999938964844,16.507999420166016,1326.449951171875,,2.98,3.62,212.687,4.9
2/7/2008,906.0999755859375,77.12000274658203,88.11000061035156,16.735000610351562,1336.9100341796875,,2.98,3.62,212.687,4.9
2/8/2008,918.4000244140625,76.81999969482422,91.76999664,17.075000762939453,1331.290039,,2.98,3.62,212.687,4.9
2/11/2008,922.9000244140625,76.73500061035156,93.58999633789062,17.433000564575195,1339.1300048828125,,2.98,3.62,212.687,4.9
2/12/2008,907.4000244140625,76.44999694824219,92.77999877929688,17.218000411987305,1348.8599853515625,,2.98,3.62,212.687,4.9
2/13/2008,906.5,76.52999877929688,93.26999664,17.326000213623047,1367.209961,,2.98,3.62,212.687,4.9
2/14/2008,907.4000244140625,76.23999786376953,95.45999908447266,17.229999542236328,1348.8599853515625,,2.98,3.62,212.687,4.9
2/15/2008,902.7999877929688,76.20999908447266,95.5,17.097999572753906,1349.989990234375,,2.98,3.62,212.687,4.9
2/19/2008,926.5999755859375,76.07499694824219,100.01000213623047,17.489999771118164,1348.780029296875,,2.98,3.62,212.687,4.9
2/20/2008,934.5999755859375,76.22000122070312,100.73999786376953,17.74500084,1360.030029296875,,2.98,3.62,212.687,4.9
2/21/2008,946.0999755859375,75.65000153,98.23000336,17.940000534057617,1342.530029296875,,2.98,3.62,212.687,4.9
2/22/2008,944.7000122070312,75.57499694824219,98.80999755859375,18.024999618530273,1353.1099853515625,,2.98,3.62,212.687,4.9
2/25/2008,937.5999755859375,75.55000305175781,99.23000336,18.079999923706055,1371.800048828125,,2.98,3.62,212.687,4.9
2/26/2008,946.0999755859375,74.79000091552734,100.87999725341797,18.711999893188477,1381.290039,,2.98,3.62,212.687,4.9
2/27/2008,958.2000122070312,74.26499938964844,99.63999938964844,19.20199966430664,1380.02002,,2.98,3.62,212.687,4.9
2/28/2008,964.5,73.77500153,102.58999633789062,19.62999916,1367.6800537109375,,2.98,3.62,212.687,4.9
2/29/2008,972.0999755859375,73.75,101.83999633789062,19.808000564575195,1330.6300048828125,,2.98,3.62,212.687,4.9
3/1/2008,972.0999755859375,73.75,101.83999633789062,19.808000564575195,1330.6300048828125,,2.61,3.62,213.448,5.1
3/3/2008,981.5,73.73500061035156,102.44999694824219,20.072999954223633,1331.3399658203125,,2.61,3.62,213.448,5.1
3/4/2008,963.9000244140625,73.69499969482422,99.51999664,19.738000869750977,1326.75,,2.61,3.62,213.448,5.1
3/5/2008,986.2000122070312,73.48999786376953,104.5199966430664,20.684999465942383,1333.699951171875,,2.61,3.62,213.448,5.1
3/6/2008,975,73.04000091552734,105.47000122070312,20.131000518798828,1304.3399658203125,,2.61,3.62,213.448,5.1
3/7/2008,972.2000122070312,73.04499816894531,105.1500015258789,20.158000946044922,1293.3699951171875,,2.61,3.62,213.448,5.1
3/10/2008,969.9000244140625,73.01999664,107.9000015258789,19.697999954223633,1273.3699951171875,,2.61,3.62,213.448,5.1
3/11/2008,974.2000122070312,73.29000091552734,108.75,19.676000595092773,1320.6500244140625,,2.61,3.62,213.448,5.1
3/12/2008,978.7999877929688,72.43000030517578,109.91999816894531,19.910999298095703,1308.77002,,2.61,3.62,213.448,5.1
3/13/2008,992.2999877929688,72.08000183105469,110.33000183105469,20.339000701904297,1315.47998,,2.61,3.62,213.448,5.1
3/14/2008,998.2000122070312,71.67500305175781,110.20999908447266,20.573999404907227,1288.1400146484375,,2.61,3.62,213.448,5.1
3/17/2008,1001.4000244140625,71.30400085449219,105.68000030517578,20.222000122070312,1276.5999755859375,,2.61,3.62,213.448,5.1
3/18/2008,1003.2000122070312,72.04000091552734,109.41999816894531,19.889999389648438,1330.739990234375,,2.61,3.62,213.448,5.1
3/19/2008,944.7000122070312,72.62000274658203,104.4800033569336,18.395000457763672,1298.4200439453125,,2.61,3.62,213.448,5.1
3/20/2008,919.5999755859375,73.23000336,101.83999633789062,16.80500030517578,1329.510009765625,,2.61,3.62,213.448,5.1
3/24/2008,918.2999877929688,73.33000183105469,100.86000061035156,17.066999435424805,1349.8800048828125,,2.61,3.62,213.448,5.1
3/25/2008,934.5999755859375,72.69000244140625,101.22000122070312,17.761999130249023,1352.989990234375,,2.61,3.62,213.448,5.1
3/26/2008,949,71.87999725341797,105.9000015258789,18.34600067138672,1341.1300048828125,,2.61,3.62,213.448,5.1
3/27/2008,948.7999877929688,72.04000091552734,107.58000183105469,18.51300048828125,1325.760009765625,,2.61,3.62,213.448,5.1
3/28/2008,930.5999755859375,72.10500336,105.62000274658203,17.899999618530273,1315.219970703125,,2.61,3.62,213.448,5.1
3/31/2008,916.2000122070312,72.16500091552734,101.58000183105469,17.274999618530273,1322.699951171875,,2.61,3.62,213.448,5.1
4/1/2008,882.9000244140625,72.96499633789062,100.9800033569336,16.854999542236328,1370.1800537109375,,2.28,3.57,213.942,5
4/2/2008,895.2000122070312,72.66999816894531,104.83000183105469,17.14699935913086,1367.530029296875,,2.28,3.57,213.942,5
4/3/2008,905,72.48500061035156,103.83000183105469,17.44700050354004,1369.310059,,2.28,3.57,213.942,5
4/4/2008,909,72.36000061035156,106.2300033569336,17.722000122070312,1370.4000244140625,,2.28,3.57,213.942,5
4/7/2008,922.7000122070312,72.5,109.08999633789062,18.086999893188477,1372.540039,,2.28,3.57,213.942,5
4/8/2008,914,72.52999877929688,108.5,17.674999237060547,1365.540039,,2.28,3.57,213.942,5
4/9/2008,933.5999755859375,72.12000274658203,110.87000274658203,18.170000076293945,1354.489990234375,,2.28,3.57,213.942,5
4/10/2008,928.2999877929688,72.41999816894531,110.11000061035156,18.01300048828125,1360.550048828125,,2.28,3.57,213.942,5
4/11/2008,923.5999755859375,72.06500244140625,110.13999938964844,17.667999267578125,1332.8299560546875,,2.28,3.57,213.942,5
4/14/2008,925.4000244140625,72.12999725341797,111.76000213623047,17.76799964904785,1328.3199462890625,,2.28,3.57,213.942,5
4/15/2008,928.7000122070312,72.29000091552734,113.79000091552734,17.829999923706055,1334.4300537109375,,2.28,3.57,213.942,5
4/16/2008,945.0999755859375,71.64499664,114.93000030517578,18.30500030517578,1364.709961,,2.28,3.57,213.942,5
4/17/2008,939.7999877929688,71.92500305175781,114.86000061035156,18.28700065612793,1365.560059,,2.28,3.57,213.942,5
4/18/2008,912.2000122070312,72.25499725341797,116.69000244140625,17.802000045776367,1390.3299560546875,,2.28,3.57,213.942,5
4/21/2008,914.7000122070312,71.87999725341797,117.4800033569336,17.341999053955078,1388.1700439453125,,2.28,3.57,213.942,5
4/22/2008,922.2999877929688,71.54000091552734,119.37000274658203,17.697999954223633,1375.939941,,2.28,3.57,213.942,5
4/23/2008,906.2000122070312,72.05000305175781,118.30000305175781,17.155000686645508,1379.9300537109375,,2.28,3.57,213.942,5
4/24/2008,886.7999877929688,72.77500153,116.05999755859375,16.652000427246094,1388.8199462890625,,2.28,3.57,213.942,5
4/25/2008,887.2000122070312,73.02999877929688,118.5199966430664,16.84600067138672,1397.8399658203125,,2.28,3.57,213.942,5
4/28/2008,892.9000244140625,72.80000305175781,118.75,17.01099967956543,1396.3699951171875,,2.28,3.57,213.942,5
4/29/2008,874.2000122070312,73.10500336,115.62999725341797,16.540000915527344,1390.939941,,2.28,3.57,213.942,5
4/30/2008,862.7999877929688,72.72000122070312,113.45999908447266,16.50200080871582,1385.5899658203125,,2.28,3.57,213.942,5
5/1/2008,848.9000244140625,73.48000336,112.5199966430664,16.121000289916992,1409.3399658203125,,1.98,3.78,215.208,5.4
5/2/2008,856.0999755859375,73.69000244140625,116.31999969482422,16.381000518798828,1413.9000244140625,,1.98,3.78,215.208,5.4
5/5/2008,872.2999877929688,73.375,119.97000122070312,16.746000289916992,1407.489990234375,,1.98,3.78,215.208,5.4
5/6/2008,876,73.17500305175781,121.83999633789062,16.780000686645508,1418.260009765625,,1.98,3.78,215.208,5.4
5/7/2008,869.5999755859375,73.69000244140625,123.52999877929688,16.617000579833984,1392.5699462890625,,1.98,3.78,215.208,5.4
5/8/2008,880.5999755859375,73.66500091552734,123.69000244140625,16.79400062561035,1397.6800537109375,,1.98,3.78,215.208,5.4
5/9/2008,884.5,73.22499847,125.95999908447266,16.843000411987305,1388.280029296875,,1.98,3.78,215.208,5.4
5/12/2008,883.7000122070312,73.12000274658203,124.2300033569336,17.158000946044922,1403.5799560546875,,1.98,3.78,215.208,5.4
5/13/2008,868.5,73.43499755859375,125.80000305175781,16.76300048828125,1403.040039,,1.98,3.78,215.208,5.4
5/14/2008,865.4000244140625,73.56500244140625,124.22000122070312,16.549999237060547,1408.6600341796875,,1.98,3.78,215.208,5.4
5/15/2008,879,73.48999786376953,124.12000274658203,16.62700080871582,1423.5699462890625,,1.98,3.78,215.208,5.4
5/16/2008,899,72.95999908447266,126.29000091552734,16.90399932861328,1425.3499755859375,,1.98,3.78,215.208,5.4
5/19/2008,905,73.17500305175781,127.05000305175781,16.974000930786133,1426.6300048828125,,1.98,3.78,215.208,5.4
5/20/2008,919.5,72.51999664,129.07000732421875,17.67099952697754,1413.4000244140625,,1.98,3.78,215.208,5.4
5/21/2008,928,72.08000183105469,133.1699981689453,17.99799919128418,1390.709961,,1.98,3.78,215.208,5.4
5/22/2008,917.9000244140625,72.40000153,130.80999755859375,17.975000381469727,1394.3499755859375,,1.98,3.78,215.208,5.4
5/23/2008,925.5999755859375,71.97000122070312,132.19000244140625,18.240999221801758,1375.9300537109375,,1.98,3.78,215.208,5.4
5/27/2008,907.7000122070312,72.41999816894531,128.85000610351562,17.424999237060547,1385.3499755859375,,1.98,3.78,215.208,5.4
5/28/2008,900.5,72.625,131.02999877929688,17.37999916,1390.8399658203125,,1.98,3.78,215.208,5.4
5/29/2008,877.2000122070312,73.10500336,126.62000274658203,16.476999282836914,1398.260009765625,,1.98,3.78,215.208,5.4
5/30/2008,887.2999877929688,72.94999694824219,127.3499984741211,16.82699966430664,1400.3800048828125,,1.98,3.78,215.208,5.4
6/1/2008,887.2999877929688,72.94999694824219,127.3499984741211,16.82699966430664,1400.3800048828125,,2,3.78,217.463,5.6
6/2/2008,892.9000244140625,72.98999786376953,127.76000213623047,16.874000549316406,1385.6700439453125,,2,3.78,217.463,5.6
6/3/2008,881.5999755859375,73.30000305175781,124.30999755859375,16.798999786376953,1377.6500244140625,,2,3.78,217.463,5.6
6/4/2008,879.9000244140625,73.50499725341797,122.30000305175781,16.90600014,1377.199951171875,,2,3.78,217.463,5.6
6/5/2008,871.7999877929688,73.07499694824219,127.79000091552734,17.136999130249023,1404.050048828125,,2,3.78,217.463,5.6
6/6/2008,895.4000244140625,72.43000030517578,138.5399932861328,17.39699935913086,1360.6800537109375,,2,3.78,217.463,5.6
6/9/2008,894.7000122070312,72.875,134.35000610351562,17.18000030517578,1361.760009765625,,2,3.78,217.463,5.6
6/10/2008,867.9000244140625,73.73999786376953,131.30999755859375,16.60700035095215,1358.439941,,2,3.78,217.463,5.6
6/11/2008,879.7000122070312,73.23500061035156,136.3800048828125,16.82900047302246,1335.489990234375,,2,3.78,217.463,5.6
6/12/2008,869.2000122070312,73.87999725341797,136.74000549316406,16.46299934387207,1339.8699951171875,,2,3.78,217.463,5.6
6/13/2008,870.2999877929688,74.16999816894531,134.86000061035156,16.540000915527344,1360.030029296875,,2,3.78,217.463,5.6
6/16/2008,883.5999755859375,73.68499755859375,134.61000061035156,17.214000701904297,1360.1400146484375,,2,3.78,217.463,5.6
6/17/2008,884.2999877929688,73.92500305175781,134.00999450683594,17.05900001525879,1350.9300537109375,,2,3.78,217.463,5.6
6/18/2008,890.9000244140625,73.83999633789062,136.67999267578125,17.325000762939453,1337.810059,,2,3.78,217.463,5.6
6/19/2008,901.7000122070312,73.87000274658203,131.92999267578125,17.457000732421875,1342.8299560546875,,2,3.78,217.463,5.6
6/20/2008,901.2999877929688,73.37999725341797,134.6199951171875,17.386999130249023,1317.9300537109375,,2,3.78,217.463,5.6
6/23/2008,884.7999877929688,73.81500244140625,136.74000549316406,16.781999588012695,1318,,2,3.78,217.463,5.6
6/24/2008,889.2000122070312,73.59999847,137,16.62700080871582,1314.290039,,2,3.78,217.463,5.6
6/25/2008,880,73.29000091552734,134.5500030517578,16.499000549316406,1321.969970703125,,2,3.78,217.463,5.6
6/26/2008,913.0999755859375,72.79000091552734,139.63999938964844,17.12299919128418,1283.1500244140625,,2,3.78,217.463,5.6
6/27/2008,929.2999877929688,72.66999816894531,140.2100067138672,17.62000084,1278.3800048828125,,2,3.78,217.463,5.6
6/30/2008,926.2000122070312,72.80000305175781,140,17.420000076293945,1280,,2,3.78,217.463,5.6
7/1/2008,942.5,72.66999816894531,140.97000122070312,18.200000762939453,1284.9100341796875,,2.01,4.01,219.016,5.8
7/2/2008,944.7999877929688,72.33499908447266,143.57000732421875,18.336999893188477,1261.52002,,2.01,4.01,219.016,5.8
7/3/2008,931.9000244140625,73.07499694824219,145.2899932861328,18.28499984741211,1262.9000244140625,,2.01,4.01,219.016,5.8
7/7/2008,927.2999877929688,72.97000122070312,141.3699951171875,17.83799934387207,1252.310059,,2.01,4.01,219.016,5.8
7/8/2008,921.9000244140625,73.31500244140625,136.0399932861328,17.87999916,1273.699951171875,,2.01,4.01,219.016,5.8
7/9/2008,927.2999877929688,72.87000274658203,136.0500030517578,18.100000381469727,1244.689941,,2.01,4.01,219.016,5.8
7/10/2008,940.9000244140625,72.76499938964844,141.64999389648438,18.24500084,1253.3900146484375,,2.01,4.01,219.016,5.8
7/11/2008,959.5,72.34500122070312,145.0800018310547,18.74500084,1239.489990234375,,2.01,4.01,219.016,5.8
7/14/2008,972.7000122070312,72.16999816894531,145.17999267578125,19.174999237060547,1228.300048828125,,2.01,4.01,219.016,5.8
7/15/2008,977.7000122070312,72.16999816894531,138.74000549316406,18.94099998474121,1214.9100341796875,,2.01,4.01,219.016,5.8
7/16/2008,961.7999877929688,72.33499908447266,134.60000610351562,18.735000610351562,1245.3599853515625,,2.01,4.01,219.016,5.8
7/17/2008,970,72.49500274658203,129.2899932861328,18.66699981689453,1260.3199462890625,,2.01,4.01,219.016,5.8
7/18/2008,957.2999877929688,72.42500305175781,128.8800048828125,18.135000228881836,1260.6800537109375,,2.01,4.01,219.016,5.8
7/21/2008,963.0999755859375,72.22000122070312,131.0399932861328,18.36199951171875,1260,,2.01,4.01,219.016,5.8
7/22/2008,948,72.67500305175781,127.94999694824219,17.94499969482422,1277,,2.01,4.01,219.016,5.8
7/23/2008,922.4000244140625,73.04000091552734,124.44000244140625,17.399999618530273,1282.189941,,2.01,4.01,219.016,5.8
7/24/2008,922,73.125,125.48999786376953,17.246000289916992,1252.540039,,2.01,4.01,219.016,5.8
7/25/2008,926.5999755859375,73.07499694824219,123.26000213623047,17.325000762939453,1257.760009765625,,2.01,4.01,219.016,5.8
7/28/2008,927.5999755859375,72.86000061035156,124.7300033569336,17.41699981689453,1234.3699951171875,,2.01,4.01,219.016,5.8
7/29/2008,916.4000244140625,73.50499725341797,122.19000244140625,17.329999923706055,1263.199951171875,,2.01,4.01,219.016,5.8
7/30/2008,902.9000244140625,73.51000213623047,126.7699966430664,17.422000885009766,1284.260009765625,,2.01,4.01,219.016,5.8
7/31/2008,913.9000244140625,73.41999816894531,124.08000183105469,17.75,1267.3800048828125,,2.01,4.01,219.016,5.8
8/1/2008,909,73.59999847,125.0999984741211,17.481000900268555,1260.310059,,2,3.97,218.69,6.1
8/4/2008,900.0999755859375,73.62000274658203,121.41000366210938,17.10300064086914,1249.010009765625,,2,3.97,218.69,6.1
8/5/2008,878.5999755859375,74.05500030517578,119.16999816894531,16.53700065612793,1284.8800048828125,,2,3.97,218.69,6.1
8/6/2008,875.5999755859375,74.41000366210938,118.58000183105469,16.472000122070312,1289.189941,,2,3.97,218.69,6.1
8/7/2008,870.7000122070312,74.72499847,120.0199966430664,16.226999282836914,1266.0699462890625,,2,3.97,218.69,6.1
8/8/2008,857.7999877929688,76.01000213623047,115.19999694824219,15.303000450134277,1296.3199462890625,,2,3.97,218.69,6.1
8/11/2008,821.5,76.31500244140625,114.44999694824219,14.595000267028809,1305.3199462890625,,2,3.97,218.69,6.1
8/12/2008,808.2000122070312,76.31999969482422,113.01000213623047,14.461999893188477,1289.5899658203125,,2,3.97,218.69,6.1
8/13/2008,825,76.38500213623047,116,14.824000358581543,1285.8299560546875,,2,3.97,218.69,6.1
8/14/2008,808.2000122070312,76.83499908447266,115.01000213623047,14.21399974822998,1292.9300537109375,,2,3.97,218.69,6.1
8/15/2008,786,77.34999847,113.7699966430664,12.800999641418457,1298.199951171875,,2,3.97,218.69,6.1
8/18/2008,799.7000122070312,77.26999664,112.87000274658203,13.086999893188477,1278.5999755859375,,2,3.97,218.69,6.1
8/19/2008,811.0999755859375,76.98500061035156,114.52999877929688,13.093000411987305,1266.689941,,2,3.97,218.69,6.1
8/20/2008,810.2999877929688,77.09500122070312,114.9800033569336,13.029000282287598,1274.540039,,2,3.97,218.69,6.1
8/21/2008,833,76.33000183105469,121.18000030517578,13.718999862670898,1277.719970703125,,2,3.97,218.69,6.1
8/22/2008,827.4000244140625,76.89499664,114.58999633789062,13.470000267028809,1292.199951171875,,2,3.97,218.69,6.1
8/25/2008,819.7999877929688,76.90499877929688,115.11000061035156,13.364999771118164,1266.8399658203125,,2,3.97,218.69,6.1
8/26/2008,822.2000122070312,77.34500122070312,116.2699966430664,13.571999549865723,1271.510009765625,,2,3.97,218.69,6.1
8/27/2008,828.0999755859375,77.19499969482422,118.1500015258789,13.468000411987305,1281.6600341796875,,2,3.97,218.69,6.1
8/28/2008,830.9000244140625,77.25499725341797,115.58999633789062,13.604000091552734,1300.6800537109375,,2,3.97,218.69,6.1
8/29/2008,829.2999877929688,77.5,115.45999908447266,13.607000350952148,1282.8299560546875,,2,3.97,218.69,6.1
9/1/2008,829.2999877929688,77.5,115.45999908447266,13.607000350952148,1282.8299560546875,,1.81,3.97,218.877,6.1
9/2/2008,805,78.13999938964844,109.70999908447266,13.050000190734863,1277.5799560546875,,1.81,3.97,218.877,6.1
9/3/2008,802.7000122070312,78.16500091552734,109.3499984741211,12.859999656677246,1274.97998,,1.81,3.97,218.877,6.1
9/4/2008,797.9000244140625,78.68499755859375,107.88999938964844,12.855999946594238,1236.8299560546875,,1.81,3.97,218.877,6.1
9/5/2008,797.5999755859375,79,106.2300033569336,12.244999885559082,1242.310059,,1.81,3.97,218.877,6.1
9/8/2008,797.5,79.65499877929688,106.33999633789062,11.989999771118164,1267.790039,,1.81,3.97,218.877,6.1
9/9/2008,787.0999755859375,79.29000091552734,103.26000213623047,11.640000343322754,1224.510009765625,,1.81,3.97,218.877,6.1
9/10/2008,757.9000244140625,79.875,102.58000183105469,10.817000389099121,1232.040039,,1.81,3.97,218.877,6.1
9/11/2008,741.2999877929688,80.15000153,100.87000274658203,10.489999771118164,1249.050048828125,,1.81,3.97,218.877,6.1
9/12/2008,760.2999877929688,78.97499847,101.18000030517578,10.734999656677246,1251.699951171875,,1.81,3.97,218.877,6.1
9/15/2008,783.0999755859375,78.79000091552734,95.70999908447266,11.074999809265137,1192.699951171875,,1.81,3.97,218.877,6.1
9/16/2008,776.5,79.52999877929688,91.15000153,10.461999893188477,1213.5999755859375,,1.81,3.97,218.877,6.1
9/17/2008,846.5999755859375,78.08999633789062,97.16000366210938,11.619999885559082,1156.3900146484375,,1.81,3.97,218.877,6.1
9/18/2008,892.7000122070312,78.06500244140625,97.87999725341797,12.64799976348877,1206.510009765625,,1.81,3.97,218.877,6.1
9/19/2008,860.5999755859375,77.94000244140625,104.55000305175781,12.425000190734863,1255.0799560546875,,1.81,3.97,218.877,6.1
9/22/2008,903.9000244140625,76.375,120.91999816894531,13.399999618530273,1207.0899658203125,,1.81,3.97,218.877,6.1
9/23/2008,885.5,76.65000153,106.61000061035156,13.119999885559082,1188.219970703125,,1.81,3.97,218.877,6.1
9/24/2008,889,76.87999725341797,105.7300033569336,13.383999824523926,1185.8699951171875,,1.81,3.97,218.877,6.1
9/25/2008,877.7000122070312,77.11000061035156,108.0199966430664,13.222000122070312,1209.1800537109375,,1.81,3.97,218.877,6.1
9/26/2008,882.9000244140625,77.04499816894531,106.88999938964844,13.458000183105469,1213.27002,,1.81,3.97,218.877,6.1
9/29/2008,888.2000122070312,77.52999877929688,96.37000274658203,12.980999946594238,1106.4200439453125,,1.81,3.97,218.877,6.1
9/30/2008,874.2000122070312,79.36000061035156,100.63999938964844,12.230999946594238,1166.3599853515625,,1.81,3.97,218.877,6.1
10/1/2008,880.7000122070312,79.53500366210938,98.52999877929688,12.720000267028809,1161.060059,,0.97,3.77,216.995,6.5
10/2/2008,839,80.63999938964844,93.97000122070312,11.06499958,1114.280029296875,,0.97,3.77,216.995,6.5
10/3/2008,828.9000244140625,80.58000183105469,93.87999725341797,11.270000457763672,1099.22998,,0.97,3.77,216.995,6.5
10/6/2008,862.7000122070312,81.94999694824219,87.80999755859375,11.229999542236328,1056.8900146484375,,0.97,3.77,216.995,6.5
10/7/2008,878.4000244140625,81.22000122070312,90.05999755859375,11.324999809265137,996.2299805,,0.97,3.77,216.995,6.5
10/8/2008,903.0999755859375,81.04499816894531,88.94999694824219,11.717000007629395,984.9400024414062,,0.97,3.77,216.995,6.5
10/9/2008,883.0999755859375,81.36499786376953,86.58999633789062,11.819999694824219,909.9199829101562,,0.97,3.77,216.995,6.5
10/10/2008,855.4000244140625,83.30999755859375,77.69999694824219,10.545000076293945,899.2199707,,0.97,3.77,216.995,6.5
10/13/2008,838.9000244140625,82.21499633789062,81.19000244140625,10.737000465393066,1003.3499755859375,,0.97,3.77,216.995,6.5
10/14/2008,836.2999877929688,81.63999938964844,78.62999725341797,11.017999649047852,998.0100098,,0.97,3.77,216.995,6.5
10/15/2008,835.5,82.34500122070312,74.54000091552734,10.142000198364258,907.8400268554688,,0.97,3.77,216.995,6.5
10/16/2008,801.5,82.77999877929688,69.84999847,9.607000350952148,946.4299926757812,,0.97,3.77,216.995,6.5
10/17/2008,785.0999755859375,82.83499908447266,71.84999847,9.31000042,940.5499877929688,,0.97,3.77,216.995,6.5
10/20/2008,787.5999755859375,83.47499847,74.25,9.664999961853027,985.4000244140625,,0.97,3.77,216.995,6.5
10/21/2008,766.0999755859375,84.41500091552734,70.88999938964844,10.050000190734863,955.0499877929688,,0.97,3.77,216.995,6.5
10/22/2008,733.2999877929688,85.79000091552734,66.75,9.451999664,896.7800293,,0.97,3.77,216.995,6.5
10/23/2008,713.2999877929688,85.79000091552734,67.83999633789062,9.5,908.1099853515625,,0.97,3.77,216.995,6.5
10/24/2008,729.0999755859375,86.94999694824219,64.15000153,9.295000076293945,876.7700195,,0.97,3.77,216.995,6.5
10/27/2008,741.7000122070312,87.61000061035156,63.220001220703125,9.194999694824219,848.9199829101562,,0.97,3.77,216.995,6.5
10/28/2008,739.2999877929688,87.59999847,62.72999954223633,8.789999961853027,940.5100098,,0.97,3.77,216.995,6.5
10/29/2008,752.7999877929688,85.63500213623047,67.5,9.805000305175781,930.0900268554688,,0.97,3.77,216.995,6.5
10/30/2008,737.2000122070312,85.25499725341797,65.95999908447266,9.784999847,954.0900268554688,,0.97,3.77,216.995,6.5
10/31/2008,716.7999877929688,86.34500122070312,67.80999755859375,9.729999542236328,968.75,,0.97,3.77,216.995,6.5
11/1/2008,716.7999877929688,86.34500122070312,67.80999755859375,9.729999542236328,968.75,,0.39,3.77,213.153,6.8
11/3/2008,725.4000244140625,86.98500061035156,63.90999984741211,9.75,966.2999877929688,,0.39,3.77,213.153,6.8
11/4/2008,756,85.37000274658203,70.52999877929688,10.130000114440918,1005.75,,0.39,3.77,213.153,6.8
11/5/2008,741.2999877929688,85.12999725341797,65.30000305175781,10.454999923706055,952.7700195,,0.39,3.77,213.153,6.8
11/6/2008,731.2000122070312,86.45999908447266,60.77000045776367,10.055000305175781,904.8800048828125,,0.39,3.77,213.153,6.8
11/7/2008,733.2000122070312,86.44999694824219,61.040000915527344,9.963000297546387,930.9899902,,0.39,3.77,213.153,6.8
11/10/2008,745.5999755859375,86.38999938964844,62.40999984741211,10.220000267028809,919.2100219726562,,0.39,3.77,213.153,6.8
11/11/2008,732,87.69000244140625,59.33000183105469,9.805000305175781,898.9500122070312,,0.39,3.77,213.153,6.8
11/12/2008,717.7000122070312,88.05000305175781,56.15999984741211,9.479999542236328,852.2999877929688,,0.39,3.77,213.153,6.8
11/13/2008,704.9000244140625,87.40499877929688,58.24000168,8.800000190734863,911.2899780273438,,0.39,3.77,213.153,6.8
11/14/2008,742.4000244140625,86.78500366210938,57.040000915527344,9.489999771118164,873.2899780273438,,0.39,3.77,213.153,6.8
11/17/2008,741.9000244140625,87.13999938964844,54.95000076293945,9.329999923706055,850.75,,0.39,3.77,213.153,6.8
11/18/2008,732.5999755859375,87.75,54.38999938964844,9.550000190734863,859.1199951171875,,0.39,3.77,213.153,6.8
11/19/2008,735.9000244140625,87.56500244140625,53.619998931884766,9.31000042,806.5800170898438,,0.39,3.77,213.153,6.8
11/20/2008,748.5999755859375,88.29499816894531,49.619998931884766,9.024999618530273,752.4400024414062,,0.39,3.77,213.153,6.8
11/21/2008,791.7000122070312,88.41500091552734,49.93000030517578,9.479999542236328,800.0300293,,0.39,3.77,213.153,6.8
11/24/2008,819.4000244140625,86.27999877929688,54.5,10.354999542236328,851.8099975585938,,0.39,3.77,213.153,6.8
11/25/2008,818.4000244140625,85.05999755859375,50.77000045776367,10.270000457763672,857.3900146484375,,0.39,3.77,213.153,6.8
11/26/2008,808.5,85.73500061035156,54.439998626708984,10.220000267028809,887.6799926757812,,0.39,3.77,213.153,6.8
11/28/2008,816.2000122070312,86.70500183105469,54.43000030517578,10.18500042,896.2399902,,0.39,3.77,213.153,6.8
12/1/2008,774.5999755859375,86.90000153,49.279998779296875,9.350000381469727,816.2100219726562,,0.16,2.72,211.398,7.3
12/2/2008,781.2999877929688,86.81999969482422,46.959999084472656,9.590000153,848.8099975585938,,0.16,2.72,211.398,7.3
12/3/2008,768.7999877929688,87.16500091552734,46.790000915527344,9.564000129699707,870.7399902,,0.16,2.72,211.398,7.3
12/4/2008,763.7999877929688,86.54499816894531,43.66999816894531,9.491000175476074,845.2199707,,0.16,2.72,211.398,7.3
12/5/2008,750.5,87.19000244140625,40.810001373291016,9.401000022888184,876.0700073242188,,0.16,2.72,211.398,7.3
12/8/2008,767.4000244140625,85.59999847,43.709999084472656,9.93999958,909.7000122070312,,0.16,2.72,211.398,7.3
12/9/2008,772.4000244140625,85.875,42.06999969482422,9.81499958,888.6699829101562,,0.16,2.72,211.398,7.3
12/10/2008,807.0999755859375,85.55000305175781,43.52000045776367,10.164999961853027,899.2399902,,0.16,2.72,211.398,7.3
12/11/2008,824.9000244140625,83.88999938964844,47.97999954223633,10.390000343322754,873.5900268554688,,0.16,2.72,211.398,7.3
12/12/2008,818.9000244140625,83.62999725341797,46.279998779296875,10.199000358581543,879.7299805,,0.16,2.72,211.398,7.3
12/15/2008,835.4000244140625,82.26300048828125,44.50999832,10.58899974822998,868.5700073242188,,0.16,2.72,211.398,7.3
12/16/2008,841.7000122070312,81.59500122070312,43.599998474121094,10.673999786376953,913.1799926757812,,0.16,2.72,211.398,7.3
12/17/2008,867.5,80.07499694824219,40.060001373291016,11.388999938964844,904.4199829101562,,0.16,2.72,211.398,7.3
12/18/2008,859.5999755859375,80.61499786376953,36.220001220703125,11.08899974822998,885.2800293,,0.16,2.72,211.398,7.3
12/19/2008,836.4000244140625,82.43499755859375,33.869998931884766,10.819000244140625,887.8800048828125,,0.16,2.72,211.398,7.3
12/22/2008,846.2000122070312,82.08000183105469,39.90999984741211,10.829000473022461,871.6300048828125,,0.16,2.72,211.398,7.3
12/23/2008,837.2000122070312,82.18499755859375,38.97999954223633,10.232999801635742,863.1599731445312,,0.16,2.72,211.398,7.3
12/24/2008,847.0999755859375,81.97499847,35.349998474121094,10.322999954223633,868.1500244140625,,0.16,2.72,211.398,7.3
12/26/2008,870.4000244140625,81.69000244140625,37.709999084472656,10.503000259399414,872.7999877929688,,0.16,2.72,211.398,7.3
12/29/2008,874.5999755859375,81.52500153,40.02000045776367,10.782999992370605,869.4199829101562,,0.16,2.72,211.398,7.3
12/30/2008,869.2999877929688,81.77999877929688,39.029998779296875,10.954999923706055,890.6400146484375,,0.16,2.72,211.398,7.3
12/31/2008,883.5999755859375,82.15000153,44.599998474121094,11.270000457763672,903.25,,0.16,2.72,211.398,7.3
1/1/2009,883.5999755859375,82.15000153,44.599998474121094,11.270000457763672,903.25,,0.15,2.72,211.933,7.8
1/2/2009,878.7999877929688,82.80500030517578,46.34000015258789,11.46500015258789,931.7999877929688,,0.15,2.72,211.933,7.8
1/5/2009,857.2000122070312,83.57499694824219,48.810001373291016,11.244999885559082,927.4500122070312,,0.15,2.72,211.933,7.8
1/6/2009,865.4000244140625,83.72000122070312,48.58000183105469,11.420000076293945,934.7000122070312,,0.15,2.72,211.933,7.8
1/7/2009,841.0999755859375,83.11499786376953,42.630001068115234,11.079999923706055,906.6500244140625,,0.15,2.72,211.933,7.8
1/8/2009,853.9000244140625,82.33499908447266,41.70000076293945,11.071999549865723,909.7299805,,0.15,2.72,211.933,7.8
1/9/2009,854.2999877929688,83.45500183105469,40.83000183105469,11.295000076293945,890.3499755859375,,0.15,2.72,211.933,7.8
1/12/2009,820.2999877929688,83.74500274658203,37.59000015258789,10.725000381469727,870.2600098,,0.15,2.72,211.933,7.8
1/13/2009,820.0999755859375,84.99500274658203,37.779998779296875,10.654999732971191,871.7899780273438,,0.15,2.72,211.933,7.8
1/14/2009,808.2000122070312,85.16999816894531,37.279998779296875,10.45199966430664,842.6199951171875,,0.15,2.72,211.933,7.8
1/15/2009,806.7000122070312,85.15499877929688,35.400001525878906,10.420000076293945,843.7399902,,0.15,2.72,211.933,7.8
1/16/2009,839.2999877929688,84.83499908447266,36.50999832,11.194999694824219,850.1199951171875,,0.15,2.72,211.933,7.8
1/20/2009,854.5999755859375,86.86499786376953,38.74000168,11.157999992370605,805.2199707,,0.15,2.72,211.933,7.8
1/21/2009,849.5999755859375,86.51499938964844,43.54999923706055,11.31499958,840.2399902,,0.15,2.72,211.933,7.8
1/22/2009,858.2000122070312,86.12999725341797,43.66999816894531,11.357000350952148,827.5,,0.15,2.72,211.933,7.8
1/23/2009,895.2999877929688,86.19000244140625,46.470001220703125,11.932000160217285,831.9500122070312,,0.15,2.72,211.933,7.8
1/26/2009,908.5,85.20500183105469,45.72999954223633,12.10200023651123,836.5700073242188,,0.15,2.72,211.933,7.8
1/27/2009,899.2000122070312,84.93000030517578,41.58000183105469,12.166999816894531,845.7100219726562,,0.15,2.72,211.933,7.8
1/28/2009,888.0999755859375,85.20999908447266,42.15999984741211,11.963000297546387,874.0900268554688,,0.15,2.72,211.933,7.8
1/29/2009,905.0999755859375,85.75499725341797,41.439998626708984,12.140000343322754,845.1400146484375,,0.15,2.72,211.933,7.8
1/30/2009,927.2999877929688,86.45999908447266,41.68000030517578,12.56000042,825.8800048828125,,0.15,2.72,211.933,7.8
2/1/2009,927.2999877929688,86.45999908447266,41.68000030517578,12.56000042,825.8800048828125,,0.22,2.72,212.705,8.3
2/2/2009,906.7000122070312,86.48000336,40.08000183105469,12.40999984741211,825.4400024414062,,0.22,2.72,212.705,8.3
2/3/2009,892,85.43000030517578,40.779998779296875,12.295000076293945,838.5100098,,0.22,2.72,212.705,8.3
2/4/2009,901.5999755859375,86.07499694824219,40.31999969482422,12.46500015258789,832.2299805,,0.22,2.72,212.705,8.3
2/5/2009,913.5999755859375,86.36000061035156,41.16999816894531,12.744999885559082,845.8499755859375,,0.22,2.72,212.705,8.3
2/6/2009,913.9000244140625,85.64499664,40.16999816894531,13.154999732971191,868.5999755859375,,0.22,2.72,212.705,8.3
2/9/2009,892.4000244140625,85.05000305175781,39.560001373291016,12.824999809265137,869.8900146484375,,0.22,2.72,212.705,8.3
2/10/2009,913.7000122070312,86.13500213623047,37.54999923706055,13.125,827.1599731445312,,0.22,2.72,212.705,8.3
2/11/2009,943.7999877929688,86.125,35.939998626708984,13.515000343322754,833.7399902,,0.22,2.72,212.705,8.3
2/12/2009,948.5,86.90499877929688,33.97999954223633,13.505000114440918,835.1900024414062,,0.22,2.72,212.705,8.3
2/13/2009,941.5,86.32499694824219,37.50999832,13.619999885559082,826.8400268554688,,0.22,2.72,212.705,8.3
2/17/2009,967,87.91999816894531,34.93000030517578,14.008000373840332,789.1699829101562,,0.22,2.72,212.705,8.3
2/18/2009,977.7000122070312,88.33000183105469,34.619998931884766,14.288000106811523,788.4199829101562,,0.22,2.72,212.705,8.3
2/19/2009,976.0999755859375,87.75,39.47999954223633,13.932999610900879,778.9400024414062,,0.22,2.72,212.705,8.3
2/20/2009,1001.7999877929688,86.69999694824219,38.939998626708984,14.48799991607666,770.0499877929688,,0.22,2.72,212.705,8.3
2/23/2009,994.5999755859375,87.43000030517578,38.439998626708984,14.447999954223633,743.3300170898438,,0.22,2.72,212.705,8.3
2/24/2009,969.0999755859375,87.05000305175781,39.959999084472656,13.993000030517578,773.1400146484375,,0.22,2.72,212.705,8.3
2/25/2009,965.7000122070312,88.12000274658203,42.5,13.873000144958496,764.9000244140625,,0.22,2.72,212.705,8.3
2/26/2009,941.7999877929688,87.875,45.220001220703125,12.949999809265137,752.8300170898438,,0.22,2.72,212.705,8.3
2/27/2009,941.5,88.15000153,44.75999832,13.085000038146973,735.0900268554688,,0.22,2.72,212.705,8.3
3/1/2009,941.5,88.15000153,44.75999832,13.085000038146973,735.0900268554688,,0.18,2.72,212.495,8.7
3/2/2009,939,89.06999969482422,40.150001525878906,13.050000190734863,700.8200073242188,,0.18,2.72,212.495,8.7
3/3/2009,912.9000244140625,89.01999664,41.650001525878906,12.694999694824219,696.3300170898438,,0.18,2.72,212.495,8.7
3/4/2009,906,88.69999694824219,45.380001068115234,12.899999618530273,712.8699951171875,,0.18,2.72,212.495,8.7
3/5/2009,927,89.19999694824219,43.61000061035156,13.104999542236328,682.5499877929688,,0.18,2.72,212.495,8.7
3/6/2009,942.0999755859375,88.55000305175781,45.52000045776367,13.322999954223633,683.3800048828125,,0.18,2.72,212.495,8.7
3/9/2009,917.7000122070312,89,47.06999969482422,12.949999809265137,676.5300293,,0.18,2.72,212.495,8.7
3/10/2009,895.5999755859375,88.94000244140625,45.709999084472656,12.56000042,719.5999755859375,,0.18,2.72,212.495,8.7
3/11/2009,910.4000244140625,87.88500213623047,42.33000183105469,12.81499958,721.3599853515625,,0.18,2.72,212.495,8.7
3/12/2009,923.7000122070312,87.66500091552734,47.029998779296875,12.958000183105469,750.7399902,,0.18,2.72,212.495,8.7
3/13/2009,929.7999877929688,87.45500183105469,46.25,13.229999542236328,756.5499877929688,,0.18,2.72,212.495,8.7
3/16/2009,921.5999755859375,86.88999938964844,47.349998474121094,12.904999732971191,753.8900146484375,,0.18,2.72,212.495,8.7
3/17/2009,916.4000244140625,87.34500122070312,49.15999984741211,12.68500042,778.1199951171875,,0.18,2.72,212.495,8.7
3/18/2009,888.7000122070312,84.98000336,48.13999938964844,11.949999809265137,794.3499755859375,,0.18,2.72,212.495,8.7
3/19/2009,958.2999877929688,83.63999938964844,51.61000061035156,13.5,784.0399780273438,,0.18,2.72,212.495,8.7
3/20/2009,955.7999877929688,84.33999633789062,51.060001373291016,13.82699966430664,768.5399780273438,,0.18,2.72,212.495,8.7
3/23/2009,952.0999755859375,83.94999694824219,53.79999923706055,13.862000465393066,822.9199829101562,,0.18,2.72,212.495,8.7
3/24/2009,923.2999877929688,84.33000183105469,53.97999954223633,13.343999862670898,806.1199951171875,,0.18,2.72,212.495,8.7
3/25/2009,935.4000244140625,84.29499816894531,52.77000045776367,13.423999786376953,813.8800048828125,,0.18,2.72,212.495,8.7
3/26/2009,939.5999755859375,84.61000061035156,54.34000015258789,13.607000350952148,832.8599853515625,,0.18,2.72,212.495,8.7
3/27/2009,923,85.58000183105469,52.380001068115234,13.25100040435791,815.9400024414062,,0.18,2.72,212.495,8.7
3/30/2009,915.5,86.30000305175781,48.40999984741211,13.02299976348877,787.5300293,,0.18,2.72,212.495,8.7
3/31/2009,922.5999755859375,85.89499664,49.65999984741211,12.975000381469727,797.8699951171875,,0.18,2.72,212.495,8.7
4/1/2009,926.0999755859375,85.95999908447266,48.38999938964844,12.96500015258789,811.0800170898438,,0.15,2.68,212.709,9
4/2/2009,907.4000244140625,84.88999938964844,52.63999938964844,13.015000343322754,834.3800048828125,,0.15,2.68,212.709,9
4/3/2009,895.5999755859375,84.55500030517578,52.50999832,12.725000381469727,842.5,,0.15,2.68,212.709,9
4/6/2009,871.5,85.07499694824219,51.04999923706055,12.104999542236328,835.4799805,,0.15,2.68,212.709,9
4/7/2009,882.2000122070312,85.66500091552734,49.150001525878906,12.204999923706055,815.5499877929688,,0.15,2.68,212.709,9
4/8/2009,884.7999877929688,85.70999908447266,49.380001068115234,12.335000038146973,825.1599731445312,,0.15,2.68,212.709,9
4/9/2009,882.2000122070312,86.07499694824219,52.24000168,12.324999809265137,856.5599975585938,,0.15,2.68,212.709,9
4/13/2009,894.7000122070312,84.93000030517578,50.04999923706055,12.762999534606934,858.7299805,,0.15,2.68,212.709,9
4/14/2009,890.9000244140625,84.92500305175781,49.40999984741211,12.760000228881836,841.5,,0.15,2.68,212.709,9
4/15/2009,892.7999877929688,85.36000061035156,49.25,12.795000076293945,852.0599975585938,,0.15,2.68,212.709,9
4/16/2009,879.2999877929688,85.5,49.97999954223633,12.25,865.2999877929688,,0.15,2.68,212.709,9
4/17/2009,867.4000244140625,86.29499816894531,50.33000183105469,11.78499984741211,869.5999755859375,,0.15,2.68,212.709,9
4/20/2009,887,86.98000336,45.880001068115234,12.100000381469727,832.3900146484375,,0.15,2.68,212.709,9
4/21/2009,882.0999755859375,86.88999938964844,46.50999832,12.055000305175781,850.0800170898438,,0.15,2.68,212.709,9
4/22/2009,891.7999877929688,86.48500061035156,48.849998474121094,12.300000190734863,843.5499877929688,,0.15,2.68,212.709,9
4/23/2009,905.9000244140625,85.75499725341797,49.619998931884766,12.75,851.9199829101562,,0.15,2.68,212.709,9
4/24/2009,913.5999755859375,84.91999816894531,51.54999923706055,12.914999961853027,866.2299805,,0.15,2.68,212.709,9
4/27/2009,907.4000244140625,85.91999816894531,50.13999938964844,12.949999809265137,857.5100098,,0.15,2.68,212.709,9
4/28/2009,892.7999877929688,85.32499694824219,49.91999816894531,12.395000457763672,855.1599731445312,,0.15,2.68,212.709,9
4/29/2009,899.7999877929688,84.65499877929688,50.970001220703125,12.753999710083008,873.6400146484375,,0.15,2.68,212.709,9
4/30/2009,890.7000122070312,84.77500153,51.119998931884766,12.305000305175781,872.8099975585938,,0.15,2.68,212.709,9
5/1/2009,887.5999755859375,84.70500183105469,53.20000076293945,12.479999542236328,877.5200195,,0.18,3.21,213.022,9.4
5/4/2009,901.5999755859375,84.11499786376953,54.470001220703125,13.093000411987305,907.2399902,,0.18,3.21,213.022,9.4
5/5/2009,903.7000122070312,84.29499816894531,53.84000015258789,13.402000427246094,903.7999877929688,,0.18,3.21,213.022,9.4
5/6/2009,910.5,83.94000244140625,56.34000015258789,13.692000389099121,919.5300293,,0.18,3.21,213.022,9.4
5/7/2009,915,84.10500336,56.709999084472656,14.01200008392334,907.3900146484375,,0.18,3.21,213.022,9.4
5/8/2009,914.4000244140625,82.63999938964844,58.630001068115234,13.93500042,929.2299805,,0.18,3.21,213.022,9.4
5/11/2009,913,82.79499816894531,58.5,13.890000343322754,909.2399902,,0.18,3.21,213.022,9.4
5/12/2009,923.5,82.41999816894531,58.849998474121094,14.194999694824219,908.3499755859375,,0.18,3.21,213.022,9.4
5/13/2009,925.5,82.625,58.02000045776367,14,883.9199829101562,,0.18,3.21,213.022,9.4
5/14/2009,928,82.37000274658203,58.619998931884766,14.020000457763672,893.0700073242188,,0.18,3.21,213.022,9.4
5/15/2009,930.9000244140625,83.15000153,56.34000015258789,13.989999771118164,882.8800048828125,,0.18,3.21,213.022,9.4
5/18/2009,921.2999877929688,82.75499725341797,59.029998779296875,13.81000042,909.7100219726562,,0.18,3.21,213.022,9.4
5/19/2009,926.2999877929688,82.05500030517578,59.650001525878906,14.109999656677246,908.1300048828125,,0.18,3.21,213.022,9.4
5/20/2009,937,81.08000183105469,62.040000915527344,14.270000457763672,903.4699707,,0.18,3.21,213.022,9.4
5/21/2009,950.7999877929688,80.63999938964844,61.04999923706055,14.43500042,888.3300170898438,,0.18,3.21,213.022,9.4
5/22/2009,958.5,80.05500030517578,61.66999816894531,14.682999610900879,887,,0.18,3.21,213.022,9.4
5/26/2009,953.0999755859375,80.20500183105469,62.45000076293945,14.588000297546387,910.3300170898438,,0.18,3.21,213.022,9.4
5/27/2009,953.2000122070312,80.41500091552734,63.45000076293945,14.852999687194824,893.0599975585938,,0.18,3.21,213.022,9.4
5/28/2009,961.5,80.5,65.08000183105469,15.149999618530273,906.8300170898438,,0.18,3.21,213.022,9.4
5/29/2009,978.7999877929688,79.43000030517578,66.30999755859375,15.600000381469727,919.1400146484375,,0.18,3.21,213.022,9.4
6/1/2009,978.5999755859375,79.16000366210938,68.58000183105469,15.725000381469727,942.8699951171875,,0.21,3.71,214.79,9.5
6/2/2009,983.2000122070312,78.47000122070312,68.55000305175781,15.944999694824219,944.7399902,,0.21,3.71,214.79,9.5
6/3/2009,964.5,79.53500366210938,66.12000274658203,15.300000190734863,931.7600098,,0.21,3.71,214.79,9.5
6/4/2009,981.2000122070312,79.44999694824219,68.80999755859375,15.883000373840332,942.4600219726562,,0.21,3.71,214.79,9.5
6/5/2009,961.7000122070312,80.73000336,68.44000244140625,15.37600040435791,940.0900268554688,,0.21,3.71,214.79,9.5
6/8/2009,951.7000122070312,80.97000122070312,68.08999633789062,14.942999839782715,939.1400146484375,,0.21,3.71,214.79,9.5
6/9/2009,954,79.82499694824219,70.01000213623047,15.128000259399414,942.4299926757812,,0.21,3.71,214.79,9.5
6/10/2009,954,80.33999633789062,71.33000183105469,15.213000297546387,939.1500244140625,,0.21,3.71,214.79,9.5
6/11/2009,961.2999877929688,79.43000030517578,72.68000030517578,15.480999946594238,944.8900146484375,,0.21,3.71,214.79,9.5
6/12/2009,940.0999755859375,80.17500305175781,72.04000091552734,14.864999771118164,946.2100219726562,,0.21,3.71,214.79,9.5
6/15/2009,926.9000244140625,80.86100006103516,70.62000274658203,14.020000457763672,923.7199707,,0.21,3.71,214.79,9.5
6/16/2009,931.5999755859375,81.12999725341797,70.47000122070312,14.119999885559082,911.9699707,,0.21,3.71,214.79,9.5
6/17/2009,935.4000244140625,80.57499694824219,71.02999877929688,14.269000053405762,910.7100219726562,,0.21,3.71,214.79,9.5
6/18/2009,934,81.01000213623047,71.37000274658203,14.229000091552734,918.3699951171875,,0.21,3.71,214.79,9.5
6/19/2009,935.5999755859375,80.62999725341797,69.55000305175781,14.189000129699707,921.2299805,,0.21,3.71,214.79,9.5
6/22/2009,920.5999755859375,81.13999938964844,66.93000030517578,13.694000244140625,893.0399780273438,,0.21,3.71,214.79,9.5
6/23/2009,923.9000244140625,80.17500305175781,69.23999786376953,13.833999633789062,895.0999755859375,,0.21,3.71,214.79,9.5
6/24/2009,934.0999755859375,80.87999725341797,68.66999816894531,13.89900016784668,900.9400024414062,,0.21,3.71,214.79,9.5
6/25/2009,939.0999755859375,80.69000244140625,70.23000336,13.994000434875488,920.2600098,,0.21,3.71,214.79,9.5
6/26/2009,940.7000122070312,80.10500336,69.16000366210938,14.116999626159668,918.9000244140625,,0.21,3.71,214.79,9.5
6/29/2009,940.4000244140625,80.11499786376953,71.48999786376953,13.946999549865723,927.2299805,,0.21,3.71,214.79,9.5
6/30/2009,927.0999755859375,80.42500305175781,69.88999938964844,13.574000358581543,919.3200073242188,,0.21,3.71,214.79,9.5
7/1/2009,941,79.875,69.30999755859375,13.739999771118164,923.3300170898438,,0.16,3.55,214.726,9.5
7/2/2009,930.7000122070312,80.49500274658203,66.73000336,13.392999649047852,896.4199829101562,,0.16,3.55,214.726,9.5
7/6/2009,924,80.69499969482422,64.05000305175781,13.22700023651123,898.7199707,,0.16,3.55,214.726,9.5
7/7/2009,928.7999877929688,80.86499786376953,62.93000030517578,13.208999633789062,881.0300293,,0.16,3.55,214.726,9.5
7/8/2009,909,81.00499725341797,60.13999938964844,12.840999603271484,879.5599975585938,,0.16,3.55,214.726,9.5
7/9/2009,915.9000244140625,80.05000305175781,60.40999984741211,12.923999786376953,882.6799926757812,,0.16,3.55,214.726,9.5
7/10/2009,912.2000122070312,80.43000030517578,59.88999938964844,12.63700008392334,879.1300048828125,,0.16,3.55,214.726,9.5
7/13/2009,922.2000122070312,80.30000305175781,59.689998626708984,12.78499984741211,901.0499877929688,,0.16,3.55,214.726,9.5
7/14/2009,922.5,80.37000274658203,59.52000045776367,12.854999542236328,905.8400268554688,,0.16,3.55,214.726,9.5
7/15/2009,939.0999755859375,79.45999908447266,61.540000915527344,13.20300006866455,932.6799926757812,,0.16,3.55,214.726,9.5
7/16/2009,935.0999755859375,79.37000274658203,62.02000045776367,13.229999542236328,940.7399902,,0.16,3.55,214.726,9.5
7/17/2009,937.2000122070312,79.50499725341797,63.560001373291016,13.39799976348877,940.3800048828125,,0.16,3.55,214.726,9.5
7/20/2009,948.5,79.05000305175781,63.97999954223633,13.619999885559082,951.1300048828125,,0.16,3.55,214.726,9.5
7/21/2009,946.5999755859375,79.08999633789062,64.72000122070312,13.472999572753906,954.5800170898438,,0.16,3.55,214.726,9.5
7/22/2009,953,78.86000061035156,65.40000153,13.694999694824219,954.0700073242188,,0.16,3.55,214.726,9.5
7/23/2009,954.5,78.97000122070312,67.16000366210938,13.765000343322754,976.2899780273438,,0.16,3.55,214.726,9.5
7/24/2009,952.7999877929688,78.89499664,68.05000305175781,13.869999885559082,979.2600098,,0.16,3.55,214.726,9.5
7/27/2009,953.2999877929688,78.75499725341797,68.37999725341797,13.984999656677246,982.1799926757812,,0.16,3.55,214.726,9.5
7/28/2009,939,79,67.23000336,13.734999656677246,979.6199951171875,,0.16,3.55,214.726,9.5
7/29/2009,927.2000122070312,79.78500366210938,63.349998474121094,13.253000259399414,975.1500244140625,,0.16,3.55,214.726,9.5
7/30/2009,934.9000244140625,79.40499877929688,66.94000244140625,13.477999687194824,986.75,,0.16,3.55,214.726,9.5
7/31/2009,953.7000122070312,78.44999694824219,69.44999694824219,13.932999610900879,987.4799805,,0.16,3.55,214.726,9.5
8/1/2009,953.7000122070312,78.44999694824219,69.44999694824219,13.932999610900879,987.4799805,,0.16,3.55,215.445,9.6
8/3/2009,956.5999755859375,77.75,71.58000183105469,14.244999885559082,1002.6300048828125,,0.16,3.55,215.445,9.6
8/4/2009,967.5,77.87999725341797,71.41999816894531,14.687999725341797,1005.6500244140625,,0.16,3.55,215.445,9.6
8/5/2009,964.2000122070312,77.60500336,71.97000122070312,14.753000259399414,1002.719970703125,,0.16,3.55,215.445,9.6
8/6/2009,960.7000122070312,78.15499877929688,71.94000244140625,14.637999534606934,997.0800170898438,,0.16,3.55,215.445,9.6
8/7/2009,957.2999877929688,79.10500336,70.93000030517578,14.66100025177002,1010.47998,,0.16,3.55,215.445,9.6
8/10/2009,945,79.38500213623047,70.59999847,14.347999572753906,1007.0999755859375,,0.16,3.55,215.445,9.6
8/11/2009,945.7999877929688,79.28500366210938,69.44999694824219,14.338000297546387,994.3499755859375,,0.16,3.55,215.445,9.6
8/12/2009,950.7000122070312,78.90000153,70.16000366210938,14.57800006866455,1005.8099975585938,,0.16,3.55,215.445,9.6
8/13/2009,954.7000122070312,78.58000183105469,70.51999664,14.979999542236328,1012.72998,,0.16,3.55,215.445,9.6
8/14/2009,947,79.00499725341797,67.51000213623047,14.71500015258789,1004.0900268554688,,0.16,3.55,215.445,9.6
8/17/2009,934.2999877929688,79.40000153,66.75,13.970999717712402,979.7299805,,0.16,3.55,215.445,9.6
8/18/2009,937.7000122070312,79.03500366210938,69.19000244140625,13.956000328063965,989.6699829101562,,0.16,3.55,215.445,9.6
8/19/2009,943.2999877929688,78.54499816894531,72.41999816894531,13.871000289916992,996.4600219726562,,0.16,3.55,215.445,9.6
8/20/2009,940.2999877929688,78.44999694824219,72.54000091552734,13.87600040435791,1007.3699951171875,,0.16,3.55,215.445,9.6
8/21/2009,953.2000122070312,78.09999847,73.88999938964844,14.15999984741211,1026.1300048828125,,0.16,3.55,215.445,9.6
8/24/2009,942.2999877929688,78.33000183105469,74.37000274658203,14.190999984741211,1025.5699462890625,,0.16,3.55,215.445,9.6
8/25/2009,944.5,78.29499816894531,72.05000305175781,14.305999755859375,1028,,0.16,3.55,215.445,9.6
8/26/2009,944.2999877929688,78.72000122070312,71.43000030517578,14.25100040435791,1028.1199951171875,,0.16,3.55,215.445,9.6
8/27/2009,945.5,78.05500030517578,72.48999786376953,14.215999603271484,1030.97998,,0.16,3.55,215.445,9.6
8/28/2009,957,78.38500213623047,72.73999786376953,14.784000396728516,1028.9300537109375,,0.16,3.55,215.445,9.6
8/31/2009,951.7000122070312,78.22000122070312,69.95999908447266,14.89799976348877,1020.6199951171875,,0.16,3.55,215.445,9.6
9/1/2009,954.7000122070312,78.80500030517578,68.05000305175781,15.03499984741211,998.0399780273438,,0.15,3.38,215.861,9.8
9/2/2009,976.5999755859375,78.43499755859375,68.05000305175781,15.34000015258789,994.75,,0.15,3.38,215.861,9.8
9/3/2009,995.7999877929688,78.51999664,67.95999908447266,16.26799964904785,1003.239990234375,,0.15,3.38,215.861,9.8
9/4/2009,994.9000244140625,78.16500091552734,68.01999664,16.26300048828125,1016.4000244140625,,0.15,3.38,215.861,9.8
9/8/2009,997.9000244140625,77.33999633789062,71.09999847,16.488000869750977,1025.3900146484375,,0.15,3.38,215.861,9.8
9/9/2009,995.2999877929688,77.09999847,71.30999755859375,16.44300079345703,1033.3699951171875,,0.15,3.38,215.861,9.8
9/10/2009,995.4000244140625,76.83000183105469,71.94000244140625,16.649999618530273,1044.1400146484375,,0.15,3.38,215.861,9.8
9/11/2009,1004.9000244140625,76.63999938964844,69.29000091552734,16.676000595092773,1042.72998,,0.15,3.38,215.861,9.8
9/14/2009,999.9000244140625,76.73200225830078,68.86000061035156,16.60099983215332,1049.3399658203125,,0.15,3.38,215.861,9.8
9/15/2009,1005,76.78500366210938,70.93000030517578,16.97800064086914,1052.6300048828125,,0.15,3.38,215.861,9.8
9/16/2009,1018.9000244140625,76.47499847,72.51000213623047,17.408000946044922,1068.760009765625,,0.15,3.38,215.861,9.8
9/17/2009,1012.2999877929688,76.43000030517578,72.47000122070312,17.243000030517578,1065.489990234375,,0.15,3.38,215.861,9.8
9/18/2009,1009.2000122070312,76.66999816894531,72.04000091552734,17.042999267578125,1068.300048828125,,0.15,3.38,215.861,9.8
9/21/2009,1003.7000122070312,77,69.70999908447266,16.857999801635742,1064.6600341796875,,0.15,3.38,215.861,9.8
9/22/2009,1014.2000122070312,76.34999847,71.55000305175781,17.093000411987305,1071.6600341796875,,0.15,3.38,215.861,9.8
9/23/2009,1013,76.29499816894531,68.97000122070312,16.88800048828125,1060.8699951171875,,0.15,3.38,215.861,9.8
9/24/2009,997.5,77.11499786376953,65.88999938964844,16.273000717163086,1050.780029296875,,0.15,3.38,215.861,9.8
9/25/2009,990.2000122070312,77.01499938964844,66.01999664,16.038000106811523,1044.3800048828125,,0.15,3.38,215.861,9.8
9/28/2009,992.5,77.26999664,66.83999633789062,16.17300033569336,1062.97998,,0.15,3.38,215.861,9.8
9/29/2009,993.0999755859375,77.36000061035156,66.70999908447266,16.15600014,1060.6099853515625,,0.15,3.38,215.861,9.8
9/30/2009,1008,76.86000061035156,70.61000061035156,16.63599967956543,1057.0799560546875,,0.15,3.38,215.861,9.8
10/1/2009,999.5,77.41500091552734,70.81999969482422,16.417999267578125,1029.8499755859375,,0.12,3.21,216.509,10
10/2/2009,1003.2000122070312,77.21499633789062,69.94999694824219,16.20800018310547,1025.209961,,0.12,3.21,216.509,10
10/5/2009,1016.7000122070312,76.83499908447266,70.41000366210938,16.51300048828125,1040.459961,,0.12,3.21,216.509,10
10/6/2009,1038.5999755859375,76.49500274658203,70.87999725341797,17.273000717163086,1054.719970703125,,0.12,3.21,216.509,10
10/7/2009,1043.300048828125,76.66500091552734,69.56999969482422,17.47800064086914,1057.5799560546875,,0.12,3.21,216.509,10
10/8/2009,1055.4000244140625,76.12999725341797,71.69000244140625,17.799999237060547,1065.47998,,0.12,3.21,216.509,10
10/9/2009,1047.800048828125,76.62000274658203,71.76999664,17.674999237060547,1071.489990234375,,0.12,3.21,216.509,10
10/12/2009,1056.699951171875,76.29000091552734,73.26999664,17.80500030517578,1076.189941,,0.12,3.21,216.509,10
10/13/2009,1064.199951171875,76.16500091552734,74.15000153,17.825000762939453,1073.189941,,0.12,3.21,216.509,10
10/14/2009,1063.9000244140625,75.72499847,75.18000030517578,17.89299964904785,1092.02002,,0.12,3.21,216.509,10
10/15/2009,1049.800048828125,75.66000366210938,77.58000183105469,17.399999618530273,1096.560059,,0.12,3.21,216.509,10
10/16/2009,1050.699951171875,75.76999664,78.52999877929688,17.405000686645508,1087.6800537109375,,0.12,3.21,216.509,10
10/19/2009,1057.300048828125,75.50499725341797,79.61000061035156,17.610000610351562,1097.9100341796875,,0.12,3.21,216.509,10
10/20/2009,1057.800048828125,75.73000336,79.08999633789062,17.542999267578125,1091.060059,,0.12,3.21,216.509,10
10/21/2009,1063.699951171875,75.11000061035156,81.37000274658203,17.809999465942383,1081.4000244140625,,0.12,3.21,216.509,10
10/22/2009,1057.800048828125,75.23999786376953,81.19000244140625,17.530000686645508,1092.9100341796875,,0.12,3.21,216.509,10
10/23/2009,1055.5999755859375,75.59999847,80.5,17.711000442504883,1079.5999755859375,,0.12,3.21,216.509,10
10/26/2009,1042.0999755859375,76.19499969482422,78.68000030517578,17.083999633789062,1066.949951171875,,0.12,3.21,216.509,10
10/27/2009,1034.699951171875,76.27999877929688,79.55000305175781,16.53100014,1063.4100341796875,,0.12,3.21,216.509,10
10/28/2009,1029.9000244140625,76.58499908447266,77.45999908447266,16.231000900268555,1042.6300048828125,,0.12,3.21,216.509,10
10/29/2009,1046.4000244140625,76.06500244140625,79.87000274658203,16.645999908447266,1066.1099853515625,,0.12,3.21,216.509,10
10/30/2009,1039.699951171875,76.47499847,77,16.246000289916992,1036.189941,,0.12,3.21,216.509,10
11/1/2009,1039.699951171875,76.47499847,77,16.246000289916992,1036.189941,,0.12,3.21,217.234,9.9
11/2/2009,1053.4000244140625,76.45999908447266,78.12999725341797,16.430999755859375,1042.8800048828125,,0.12,3.21,217.234,9.9
11/3/2009,1084.300048828125,76.56999969482422,79.59999847,17.17099952697754,1045.4100341796875,,0.12,3.21,217.234,9.9
11/4/2009,1086.699951171875,75.82499694824219,80.40000153,17.395000457763672,1046.5,,0.12,3.21,217.234,9.9
11/5/2009,1088.699951171875,75.86499786376953,79.62000274658203,17.399999618530273,1066.6300048828125,,0.12,3.21,217.234,9.9
11/6/2009,1095.0999755859375,75.94000244140625,77.43000030517578,17.364999771118164,1069.300048828125,,0.12,3.21,217.234,9.9
11/9/2009,1100.800048828125,75.13500213623047,79.43000030517578,17.469999313354492,1093.0799560546875,,0.12,3.21,217.234,9.9
11/10/2009,1101.9000244140625,75.11000061035156,79.05000305175781,17.211999893188477,1093.010009765625,,0.12,3.21,217.234,9.9
11/11/2009,1114,75.26000213623047,79.27999877929688,17.527000427246094,1098.510009765625,,0.12,3.21,217.234,9.9
11/12/2009,1106,75.69499969482422,76.94000244140625,17.25499916,1087.239990234375,,0.12,3.21,217.234,9.9
11/13/2009,1116.0999755859375,75.42500305175781,76.34999847,17.37000084,1093.47998,,0.12,3.21,217.234,9.9
11/16/2009,1138.5999755859375,74.91999816894531,78.90000153,18.389999389648438,1109.300048828125,,0.12,3.21,217.234,9.9
11/17/2009,1138.800048828125,75.46499633789062,79.13999938964844,18.37700080871582,1110.3199462890625,,0.12,3.21,217.234,9.9
11/18/2009,1140.699951171875,75.26499938964844,79.58000183105469,18.406999588012695,1109.800048828125,,0.12,3.21,217.234,9.9
11/19/2009,1141.4000244140625,75.37000274658203,77.45999908447266,18.44700050354004,1094.9000244140625,,0.12,3.21,217.234,9.9
11/20/2009,1146.4000244140625,75.73000336,76.72000122070312,18.433000564575195,1091.3800048828125,,0.12,3.21,217.234,9.9
11/23/2009,1164.300048828125,75.16999816894531,77.55999755859375,18.60300064086914,1106.239990234375,,0.12,3.21,217.234,9.9
11/24/2009,1165.5,75.125,76.01999664,18.447999954223633,1105.6500244140625,,0.12,3.21,217.234,9.9
11/25/2009,1186.9000244140625,74.32499694824219,77.95999908447266,18.766000747680664,1110.6300048828125,,0.12,3.21,217.234,9.9
11/27/2009,1174.199951171875,75.04000091552734,76.05000305175781,18.302000045776367,1091.489990234375,,0.12,3.21,217.234,9.9
11/30/2009,1181.0999755859375,74.93499755859375,77.27999877929688,18.49500084,1095.6300048828125,,0.12,3.21,217.234,9.9
12/1/2009,1199.0999755859375,74.41500091552734,78.37000274658203,19.18000030517578,1108.8599853515625,,0.12,3.28,217.347,9.9
12/2/2009,1212,74.70500183105469,76.59999847,19.295000076293945,1109.239990234375,,0.12,3.28,217.347,9.9
12/3/2009,1217.4000244140625,74.66999816894531,76.45999908447266,19.101999282836914,1099.9200439453125,,0.12,3.28,217.347,9.9
12/4/2009,1168.800048828125,75.97000122070312,75.47000122070312,18.496000289916992,1105.97998,,0.12,3.28,217.347,9.9
12/7/2009,1163.4000244140625,75.80999755859375,73.93000030517578,18.336000442504883,1103.25,,0.12,3.28,217.347,9.9
12/8/2009,1142.800048828125,76.33000183105469,72.62000274658203,17.78499984741211,1091.939941,,0.12,3.28,217.347,9.9
12/9/2009,1120.4000244140625,76.05500030517578,70.66999816894531,17.158000946044922,1095.949951171875,,0.12,3.28,217.347,9.9
12/10/2009,1125.699951171875,76.06999969482422,70.54000091552734,17.17300033569336,1102.3499755859375,,0.12,3.28,217.347,9.9
12/11/2009,1119.4000244140625,76.58499908447266,69.87000274658203,17.083999633789062,1106.4100341796875,,0.12,3.28,217.347,9.9
12/14/2009,1123.300048828125,76.41400146484375,69.51000213623047,17.326000213623047,1114.1099853515625,,0.12,3.28,217.347,9.9
12/15/2009,1122.4000244140625,77.30000305175781,70.69000244140625,17.44099998474121,1107.9300537109375,,0.12,3.28,217.347,9.9
12/16/2009,1135.5,77.33499908447266,72.66000366210938,17.679000854492188,1109.1800537109375,,0.12,3.28,217.347,9.9
12/17/2009,1106.800048828125,78.08999633789062,72.65000153,17.18000030517578,1096.0799560546875,,0.12,3.28,217.347,9.9
12/18/2009,1110.800048828125,78.19499969482422,73.36000061035156,17.30500030517578,1102.469970703125,,0.12,3.28,217.347,9.9
12/21/2009,1095.4000244140625,78.41999816894531,72.47000122070312,17.020000457763672,1114.050048828125,,0.12,3.28,217.347,9.9
12/22/2009,1086,78.61000061035156,74.40000153,17.014999389648438,1118.02002,,0.12,3.28,217.347,9.9
12/23/2009,1093.300048828125,78.23000336,76.66999816894531,17.174999237060547,1120.5899658203125,,0.12,3.28,217.347,9.9
12/24/2009,1104.0999755859375,78.17500305175781,78.05000305175781,17.42300033569336,1126.47998,,0.12,3.28,217.347,9.9
12/28/2009,1107.199951171875,78.01499938964844,78.76999664,17.542999267578125,1127.780029296875,,0.12,3.28,217.347,9.9
12/29/2009,1097,78.18499755859375,78.87000274658203,17.090999603271484,1126.199951171875,,0.12,3.28,217.347,9.9
12/30/2009,1091.5,78.27500153,79.27999877929688,16.77899932861328,1126.4200439453125,,0.12,3.28,217.347,9.9
12/31/2009,1095.199951171875,78.22000122070312,79.36000061035156,16.82200050354004,1115.0999755859375,,0.12,3.28,217.347,9.9
1/1/2010,1095.199951171875,78.22000122070312,79.36000061035156,16.82200050354004,1115.0999755859375,,0.11,3.28,217.488,9.8
1/4/2010,1117.699951171875,77.83000183105469,81.51000213623047,17.440000534057617,1132.989990234375,,0.11,3.28,217.488,9.8
1/5/2010,1118.0999755859375,77.84999847,81.76999664,17.78100014,1136.52002,,0.11,3.28,217.488,9.8
1/6/2010,1135.9000244140625,77.65499877929688,83.18000030517578,18.163000106811523,1137.1400146484375,,0.11,3.28,217.488,9.8
1/7/2010,1133.0999755859375,78.10500336,82.66000366210938,18.33300018310547,1141.689941,,0.11,3.28,217.488,9.8
1/8/2010,1138.199951171875,77.65499877929688,82.75,18.45800018310547,1144.97998,,0.11,3.28,217.488,9.8
1/11/2010,1150.699951171875,77.16000366210938,82.51999664,18.683000564575195,1146.97998,,0.11,3.28,217.488,9.8
1/12/2010,1128.9000244140625,77.12000274658203,80.79000091552734,18.243000030517578,1136.219970703125,,0.11,3.28,217.488,9.8
1/13/2010,1136.4000244140625,76.98999786376953,79.65000153,18.538000106811523,1145.6800537109375,,0.11,3.28,217.488,9.8
1/14/2010,1142.5999755859375,76.88500213623047,79.38999938964844,18.64299964904785,1148.459961,,0.11,3.28,217.488,9.8
1/15/2010,1130.0999755859375,77.48000336,78,18.410999298095703,1136.030029296875,,0.11,3.28,217.488,9.8
1/19/2010,1139.699951171875,77.65000153,79.01999664,18.784000396728516,1150.22998,,0.11,3.28,217.488,9.8
1/20/2010,1112.300048828125,78.5,77.62000274658203,17.865999221801758,1138.040039,,0.11,3.28,217.488,9.8
1/21/2010,1102.699951171875,78.51499938964844,76.08000183105469,17.496000289916992,1116.47998,,0.11,3.28,217.488,9.8
1/22/2010,1089.199951171875,78.43000030517578,74.54000091552734,16.917999267578125,1091.760009765625,,0.11,3.28,217.488,9.8
1/25/2010,1095.199951171875,78.34999847,75.26000213623047,17.131000518798828,1096.780029296875,,0.11,3.28,217.488,9.8
1/26/2010,1097.9000244140625,78.61000061035156,74.70999908447266,16.84600067138672,1092.1700439453125,,0.11,3.28,217.488,9.8
1/27/2010,1084.4000244140625,78.87000274658203,73.66999816894531,16.42799949645996,1097.5,,0.11,3.28,217.488,9.8
1/28/2010,1083.5999755859375,79.09999847,73.63999938964844,16.20199966430664,1084.530029296875,,0.11,3.28,217.488,9.8
1/29/2010,1083,79.65000153,72.88999938964844,16.183000564575195,1073.8699951171875,,0.11,3.28,217.488,9.8
2/1/2010,1104.300048828125,79.41999816894531,74.43000030517578,16.652999877929688,1089.189941,,0.13,3.68,217.281,9.8
2/2/2010,1117.4000244140625,79.18000030517578,77.23000336,16.736000061035156,1103.3199462890625,,0.13,3.68,217.281,9.8
2/3/2010,1111.4000244140625,79.55000305175781,76.98000336,16.309999465942383,1097.280029296875,,0.13,3.68,217.281,9.8
2/4/2010,1062.4000244140625,80.07499694824219,73.13999938964844,15.343000411987305,1063.1099853515625,,0.13,3.68,217.281,9.8
2/5/2010,1052.199951171875,80.59500122070312,71.19000244140625,14.822999954223633,1066.189941,,0.13,3.68,217.281,9.8
2/8/2010,1065.699951171875,80.44000244140625,71.88999938964844,15.07800006866455,1056.739990234375,,0.13,3.68,217.281,9.8
2/9/2010,1076.699951171875,79.98999786376953,73.75,15.430999755859375,1070.52002,,0.13,3.68,217.281,9.8
2/10/2010,1075.800048828125,80.13999938964844,74.51999664,15.302000045776367,1068.1300048828125,,0.13,3.68,217.281,9.8
2/11/2010,1094.199951171875,80.09999847,75.27999877929688,15.592000007629395,1078.469970703125,,0.13,3.68,217.281,9.8
2/12/2010,1089.5,80.41000366210938,74.12999725341797,15.449000358581543,1075.510009765625,,0.13,3.68,217.281,9.8
2/16/2010,1119.300048828125,79.75499725341797,77.01000213623047,16.149999618530273,1094.8699951171875,,0.13,3.68,217.281,9.8
2/17/2010,1119.5,80.47499847,77.33000183105469,16.097999572753906,1099.510009765625,,0.13,3.68,217.281,9.8
2/18/2010,1118,80.46499633789062,79.05999755859375,16.059999465942383,1106.75,,0.13,3.68,217.281,9.8
2/19/2010,1121.300048828125,80.72000122070312,79.80999755859375,16.413000106811523,1109.1700439453125,,0.13,3.68,217.281,9.8
2/22/2010,1112.5999755859375,80.58499908447266,80.16000366210938,16.222000122070312,1108.010009765625,,0.13,3.68,217.281,9.8
2/23/2010,1102.699951171875,80.91000366210938,78.86000061035156,15.887999534606934,1094.5999755859375,,0.13,3.68,217.281,9.8
2/24/2010,1096.5,80.91500091552734,80,15.93999958,1105.239990234375,,0.13,3.68,217.281,9.8
2/25/2010,1107.800048828125,80.86000061035156,78.16999816894531,16.110000610351562,1102.939941,,0.13,3.68,217.281,9.8
2/26/2010,1118.300048828125,80.44000244140625,79.66000366210938,16.5,1104.489990234375,,0.13,3.68,217.281,9.8
3/1/2010,1117.800048828125,80.70500183105469,78.69999694824219,16.448999404907227,1115.709961,,0.16,3.61,217.353,9.9
3/2/2010,1136.9000244140625,80.57499694824219,79.68000030517578,17.04400062561035,1118.310059,,0.16,3.61,217.353,9.9
3/3/2010,1142.699951171875,80.01999664,80.87000274658203,17.30900001525879,1118.790039,,0.16,3.61,217.353,9.9
3/4/2010,1132.5999755859375,80.58499908447266,80.20999908447266,17.15600014,1122.969970703125,,0.16,3.61,217.353,9.9
3/5/2010,1134.800048828125,80.45999908447266,81.5,17.36199951171875,1138.699951171875,,0.16,3.61,217.353,9.9
3/8/2010,1123.5999755859375,80.45500183105469,81.87000274658203,17.25200080871582,1138.5,,0.16,3.61,217.353,9.9
3/9/2010,1122,80.60500336,81.48999786376953,17.31800079345703,1140.449951171875,,0.16,3.61,217.353,9.9
3/10/2010,1107.800048828125,80.46499633789062,82.08999633789062,16.993999481201172,1145.6099853515625,,0.16,3.61,217.353,9.9
3/11/2010,1108,80.31500244140625,82.11000061035156,17.13599967956543,1150.239990234375,,0.16,3.61,217.353,9.9
3/12/2010,1101.5,79.83999633789062,81.23999786376953,17.02400016784668,1149.989990234375,,0.16,3.61,217.353,9.9
3/15/2010,1105.0999755859375,80.17500305175781,79.80000305175781,17.08300018310547,1150.510009765625,,0.16,3.61,217.353,9.9
3/16/2010,1122.199951171875,79.99500274658203,81.69999694824219,17.33300018310547,1159.459961,,0.16,3.61,217.353,9.9
3/17/2010,1124,79.84999847,82.93000030517578,17.50200080871582,1166.209961,,0.16,3.61,217.353,9.9
3/18/2010,1127.4000244140625,80.44000244140625,82.19999694824219,17.406999588012695,1165.8299560546875,,0.16,3.61,217.353,9.9
3/19/2010,1107.4000244140625,80.97499847,80.68000030517578,17.017000198364258,1159.9000244140625,,0.16,3.61,217.353,9.9
3/22/2010,1099.300048828125,80.88300323486328,81.25,16.920000076293945,1165.810059,,0.16,3.61,217.353,9.9
3/23/2010,1103.5,81.11799621582031,81.91000366210938,17.011999130249023,1174.1700439453125,,0.16,3.61,217.353,9.9
3/24/2010,1088.5999755859375,82.10600280761719,80.61000061035156,16.625999450683594,1167.719970703125,,0.16,3.61,217.353,9.9
3/25/2010,1092.699951171875,82.40499877929688,80.52999877929688,16.726999282836914,1165.72998,,0.16,3.61,217.353,9.9
3/26/2010,1104.199951171875,81.97799682617188,80,16.893999099731445,1166.5899658203125,,0.16,3.61,217.353,9.9
3/29/2010,1110.300048828125,81.62400055,82.16999816894531,17.37299919128418,1173.219970703125,,0.16,3.61,217.353,9.9
3/30/2010,1104.5,81.73799896240234,82.37000274658203,17.31599998474121,1173.27002,,0.16,3.61,217.353,9.9
3/31/2010,1113.300048828125,81.29100036621094,83.76000213623047,17.511999130249023,1169.4300537109375,,0.16,3.61,217.353,9.9
4/1/2010,1125.0999755859375,80.97200012207031,84.87000274658203,17.875999450683594,1178.0999755859375,,0.2,3.89,217.403,9.9
4/5/2010,1132.9000244140625,81.25399780273438,86.62000274658203,18.104000091552734,1187.439941,,0.2,3.89,217.403,9.9
4/6/2010,1135.0999755859375,81.56999969482422,86.83999633789062,17.91699981689453,1189.439941,,0.2,3.89,217.403,9.9
4/7/2010,1152.300048828125,81.61199951171875,85.87999725341797,18.184999465942383,1182.449951171875,,0.2,3.89,217.403,9.9
4/8/2010,1152.199951171875,81.70099639892578,85.38999938964844,18.115999221801758,1186.439941,,0.2,3.89,217.403,9.9
4/9/2010,1161.0999755859375,81.24099731445312,84.91999816894531,18.34000015258789,1194.3699951171875,,0.2,3.89,217.403,9.9
4/12/2010,1161.5999755859375,80.69200134277344,84.33999633789062,18.402999877929688,1196.47998,,0.2,3.89,217.403,9.9
4/13/2010,1152.800048828125,80.625,84.05000305175781,18.238000869750977,1197.300048828125,,0.2,3.89,217.403,9.9
4/14/2010,1159,80.29100036621094,85.83999633789062,18.40399932861328,1210.6500244140625,,0.2,3.89,217.403,9.9
4/15/2010,1159.699951171875,80.58499908447266,85.51000213623047,18.423999786376953,1211.6700439453125,,0.2,3.89,217.403,9.9
4/16/2010,1136.300048828125,80.94400024414062,83.23999786376953,17.66900062561035,1192.1300048828125,,0.2,3.89,217.403,9.9
4/19/2010,1135.199951171875,81.10500336,81.44999694824219,17.725000381469727,1197.52002,,0.2,3.89,217.403,9.9
4/20/2010,1138.5999755859375,81.14099884033203,83.44999694824219,17.815000534057617,1207.1700439453125,,0.2,3.89,217.403,9.9
4/21/2010,1148.199951171875,81.26599884033203,83.68000030517578,18.072999954223633,1205.939941,,0.2,3.89,217.403,9.9
4/22/2010,1142.300048828125,81.68199920654297,83.69999694824219,18.006000518798828,1208.6700439453125,,0.2,3.89,217.403,9.9
4/23/2010,1153.0999755859375,81.49800109863281,85.12000274658203,18.18899917602539,1217.280029296875,,0.2,3.89,217.403,9.9
4/26/2010,1153.5,81.61499786376953,84.19999694824219,18.333999633789062,1212.050048828125,,0.2,3.89,217.403,9.9
4/27/2010,1161.699951171875,82.30999755859375,82.44000244140625,18.115999221801758,1183.709961,,0.2,3.89,217.403,9.9
4/28/2010,1171.300048828125,82.53500366210938,83.22000122070312,18.10700035095215,1191.3599853515625,,0.2,3.89,217.403,9.9
4/29/2010,1168.4000244140625,82.16100311279297,85.16999816894531,18.548999786376953,1206.780029296875,,0.2,3.89,217.403,9.9
4/30/2010,1180.0999755859375,81.99099731445312,86.15000153,18.611000061035156,1186.689941,,0.2,3.89,217.403,9.9
5/1/2010,1180.0999755859375,81.99099731445312,86.15000153,18.611000061035156,1186.689941,,0.2,3.89,217.29,9.6
5/3/2010,1182.699951171875,82.39900207519531,86.19000244140625,18.812999725341797,1202.260009765625,,0.2,3.89,217.29,9.6
5/4/2010,1168.5999755859375,83.42099762,82.73999786376953,17.81800079345703,1173.5999755859375,,0.2,3.89,217.29,9.6
5/5/2010,1174.5999755859375,84.19999694824219,79.97000122070312,17.51099967956543,1165.8699951171875,,0.2,3.89,217.29,9.6
5/6/2010,1196.9000244140625,85.04699707,77.11000061035156,17.493000030517578,1128.1500244140625,,0.2,3.89,217.29,9.6
5/7/2010,1210,84.65899658203125,75.11000061035156,18.429000854492188,1110.8800048828125,,0.2,3.89,217.29,9.6
5/10/2010,1200.4000244140625,84.33499908447266,76.80000305175781,18.530000686645508,1159.72998,,0.2,3.89,217.29,9.6
5/11/2010,1219.9000244140625,84.61299896240234,76.37000274658203,19.27199935913086,1155.790039,,0.2,3.89,217.29,9.6
5/12/2010,1242.699951171875,84.96700286865234,75.65000153,19.639999389648438,1171.6700439453125,,0.2,3.89,217.29,9.6
5/13/2010,1228.800048828125,85.34200286865234,74.40000153,19.47599983215332,1157.439941,,0.2,3.89,217.29,9.6
5/14/2010,1227.4000244140625,86.23100280761719,71.61000061035156,19.20199966430664,1135.6800537109375,,0.2,3.89,217.29,9.6
5/17/2010,1227.699951171875,86.37699890136719,70.08000183105469,18.834999084472656,1136.939941,,0.2,3.89,217.29,9.6
5/18/2010,1214.300048828125,87.31500244140625,69.41000366210938,18.854999542236328,1120.800048828125,,0.2,3.89,217.29,9.6
5/19/2010,1192.5999755859375,86.54000091552734,69.87000274658203,18.090999603271484,1115.050048828125,,0.2,3.89,217.29,9.6
5/20/2010,1187.800048828125,85.70600128173828,68.01000213623047,17.694000244140625,1071.5899658203125,,0.2,3.89,217.29,9.6
5/21/2010,1175.699951171875,85.53700256347656,70.04000091552734,17.631000518798828,1087.689941,,0.2,3.89,217.29,9.6
5/24/2010,1193.800048828125,86.33699798583984,70.20999908447266,17.98200035095215,1073.6500244140625,,0.2,3.89,217.29,9.6
5/25/2010,1197.800048828125,86.88800048828125,68.75,17.76300048828125,1074.030029296875,,0.2,3.89,217.29,9.6
5/26/2010,1213.300048828125,87.24400329589844,71.51000213623047,18.29199981689453,1067.949951171875,,0.2,3.89,217.29,9.6
5/27/2010,1211.9000244140625,86.28199768066406,74.55000305175781,18.457000732421875,1103.060059,,0.2,3.89,217.29,9.6
5/28/2010,1212.199951171875,86.58200073242188,73.97000122070312,18.410999298095703,1089.4100341796875,,0.2,3.89,217.29,9.6
6/1/2010,1224.800048828125,86.72499847,72.58000183105469,18.540000915527344,1070.709961,,0.18,3.29,217.199,9.4
6/2/2010,1220.5999755859375,86.87699890136719,72.86000061035156,18.304000854492188,1098.3800048828125,,0.18,3.29,217.199,9.4
6/3/2010,1208.300048828125,87.21399688720703,74.61000061035156,17.920000076293945,1102.8299560546875,,0.18,3.29,217.199,9.4
6/4/2010,1216.199951171875,88.31500244140625,71.51000213623047,17.290000915527344,1064.8800048828125,,0.18,3.29,217.199,9.4
6/7/2010,1239.300048828125,88.46299743652344,71.44000244140625,18.152999877929688,1050.469970703125,,0.18,3.29,217.199,9.4
6/8/2010,1244,88.47299957,71.98999786376953,18.468000411987305,1062,,0.18,3.29,217.199,9.4
6/9/2010,1228.5,87.93499755859375,74.37999725341797,18.18000030517578,1055.689941,,0.18,3.29,217.199,9.4
6/10/2010,1220.800048828125,87.16600036621094,75.48000336,18.341999053955078,1086.8399658203125,,0.18,3.29,217.199,9.4
6/11/2010,1228.9000244140625,87.51699829101562,73.77999877929688,18.222000122070312,1091.5999755859375,,0.18,3.29,217.199,9.4
6/14/2010,1223.300048828125,86.50399780273438,75.12000274658203,18.402000427246094,1089.6300048828125,,0.18,3.29,217.199,9.4
6/15/2010,1233.199951171875,86.29000091552734,76.94000244140625,18.569000244140625,1115.22998,,0.18,3.29,217.199,9.4
6/16/2010,1229.300048828125,86.38600158691406,77.66999816894531,18.43199920654297,1114.6099853515625,,0.18,3.29,217.199,9.4
6/17/2010,1247.5,85.98200225830078,76.79000091552734,18.767000198364258,1116.040039,,0.18,3.29,217.199,9.4
6/18/2010,1257.199951171875,85.97599792480469,77.18000030517578,19.174999237060547,1117.510009765625,,0.18,3.29,217.199,9.4
6/21/2010,1239.699951171875,86.23899841308594,77.81999969482422,18.802000045776367,1113.199951171875,,0.18,3.29,217.199,9.4
6/22/2010,1239.9000244140625,86.40799713134766,77.20999908447266,18.895999908447266,1095.310059,,0.18,3.29,217.199,9.4
6/23/2010,1234.0999755859375,86.04799652,76.34999847,18.45400047302246,1092.040039,,0.18,3.29,217.199,9.4
6/24/2010,1245.5,86.01699829101562,76.51000213623047,18.731000900268555,1073.689941,,0.18,3.29,217.199,9.4
6/25/2010,1255.800048828125,85.57900238,78.86000061035156,19.104999542236328,1076.760009765625,,0.18,3.29,217.199,9.4
6/28/2010,1238.199951171875,85.92199707,78.25,18.67300033569336,1074.5699462890625,,0.18,3.29,217.199,9.4
6/29/2010,1242,86.33999633789062,75.94000244140625,18.59399986,1041.239990234375,,0.18,3.29,217.199,9.4
6/30/2010,1245.5,86.28099822998047,75.62999725341797,18.67099952697754,1030.709961,,0.18,3.29,217.199,9.4
7/1/2010,1206.300048828125,84.98400115966797,72.94999694824219,17.760000228881836,1027.3699951171875,,0.18,2.96,217.605,9.4
7/2/2010,1207.4000244140625,84.66999816894531,72.13999938964844,17.697999954223633,1022.5800170898438,,0.18,2.96,217.605,9.4
7/6/2010,1194.800048828125,84.30599975585938,71.98000336,17.83300018310547,1028.060059,,0.18,2.96,217.605,9.4
7/7/2010,1198.5999755859375,84.03800201416016,74.06999969482422,17.979000091552734,1060.27002,,0.18,2.96,217.605,9.4
7/8/2010,1195.800048828125,84.03600311279297,75.44000244140625,17.851999282836914,1070.25,,0.18,2.96,217.605,9.4
7/9/2010,1209.5999755859375,84.15200043,76.08999633789062,18.05299949645996,1077.959961,,0.18,2.96,217.605,9.4
7/12/2010,1198.5,84.40699768066406,74.94999694824219,17.89699935913086,1078.75,,0.18,2.96,217.605,9.4
7/13/2010,1213.300048828125,83.82099914550781,77.15000153,18.23699951171875,1095.3399658203125,,0.18,2.96,217.605,9.4
7/14/2010,1206.800048828125,83.59799957,77.04000091552734,18.27400016784668,1095.1700439453125,,0.18,2.96,217.605,9.4
7/15/2010,1208.0999755859375,82.74299621582031,76.62000274658203,18.34600067138672,1096.47998,,0.18,2.96,217.605,9.4
7/16/2010,1188,82.65799713134766,76.01000213623047,17.773000717163086,1064.8800048828125,,0.18,2.96,217.605,9.4
7/19/2010,1181.699951171875,82.70500183105469,76.54000091552734,17.534000396728516,1071.25,,0.18,2.96,217.605,9.4
7/20/2010,1191.5,82.92900085449219,77.44000244140625,17.684999465942383,1083.47998,,0.18,2.96,217.605,9.4
7/21/2010,1191.5999755859375,83.59300231933594,76.55999755859375,17.79800033569336,1069.5899658203125,,0.18,2.96,217.605,9.4
7/22/2010,1195.5,82.78199768066406,79.30000305175781,18.114999771118164,1093.6700439453125,,0.18,2.96,217.605,9.4
7/23/2010,1187.699951171875,82.62899780273438,78.98000336,18.09600067138672,1102.6600341796875,,0.18,2.96,217.605,9.4
7/26/2010,1183,82.24199676513672,78.98000336,18.19499969482422,1115.010009765625,,0.18,2.96,217.605,9.4
7/27/2010,1158,82.32800293,77.5,17.621000289916992,1113.8399658203125,,0.18,2.96,217.605,9.4
7/28/2010,1160.4000244140625,82.30999755859375,76.98999786376953,17.42300033569336,1106.1300048828125,,0.18,2.96,217.605,9.4
7/29/2010,1168.4000244140625,81.75399780273438,78.36000061035156,17.60099983215332,1101.530029296875,,0.18,2.96,217.605,9.4
7/30/2010,1181.699951171875,81.65499877929688,78.94999694824219,17.98699951171875,1101.5999755859375,,0.18,2.96,217.605,9.4
8/1/2010,1181.699951171875,81.65499877929688,78.94999694824219,17.98699951171875,1101.5999755859375,,0.19,2.96,217.923,9.5
8/2/2010,1183.4000244140625,81.05500030517578,81.33999633789062,18.402999877929688,1125.8599853515625,,0.19,2.96,217.923,9.5
8/3/2010,1185.199951171875,80.68399810791016,82.55000305175781,18.406999588012695,1120.459961,,0.19,2.96,217.923,9.5
8/4/2010,1193.699951171875,80.99199676513672,82.47000122070312,18.26300048828125,1127.239990234375,,0.19,2.96,217.923,9.5
8/5/2010,1197.199951171875,80.93000030517578,82.01000213623047,18.308000564575195,1125.810059,,0.19,2.96,217.923,9.5
8/6/2010,1203.4000244140625,80.49600219726562,80.69999694824219,18.458999633789062,1121.6400146484375,,0.19,2.96,217.923,9.5
8/9/2010,1200.699951171875,80.78900146484375,81.48000336,18.229000091552734,1127.790039,,0.19,2.96,217.923,9.5
8/10/2010,1196.199951171875,80.92400360107422,80.25,18.145999908447266,1121.060059,,0.19,2.96,217.923,9.5
8/11/2010,1197.5,82.4280014,78.01999664,17.889999389648438,1089.469970703125,,0.19,2.96,217.923,9.5
8/12/2010,1214.800048828125,82.76699829101562,75.73999786376953,18.05299949645996,1083.6099853515625,,0.19,2.96,217.923,9.5
8/13/2010,1214.9000244140625,83.03800201416016,75.38999938964844,18.097000122070312,1079.25,,0.19,2.96,217.923,9.5
8/16/2010,1224.5,82.63500213623047,75.23999786376953,18.417999267578125,1079.3800048828125,,0.19,2.96,217.923,9.5
8/17/2010,1226.5999755859375,82.3239975,75.76999664,18.586000442504883,1092.540039,,0.19,2.96,217.923,9.5
8/18/2010,1229.699951171875,82.30999755859375,75.41999816894531,18.389999389648438,1094.1600341796875,,0.19,2.96,217.923,9.5
8/19/2010,1233.800048828125,82.54000091552734,74.43000030517578,18.31800079345703,1075.6300048828125,,0.19,2.96,217.923,9.5
8/20/2010,1227.199951171875,83.16000366210938,73.45999908447266,17.98200035095215,1071.689941,,0.19,2.96,217.923,9.5
8/23/2010,1226.9000244140625,83.22799682617188,73.09999847,17.982999801635742,1067.3599853515625,,0.19,2.96,217.923,9.5
8/24/2010,1231.800048828125,83.20600128173828,71.62999725341797,18.368999481201172,1051.8699951171875,,0.19,2.96,217.923,9.5
8/25/2010,1239.5,83.33100128173828,72.51999664,19.02199935913086,1055.3299560546875,,0.19,2.96,217.923,9.5
8/26/2010,1235.4000244140625,82.98300170898438,73.36000061035156,18.97800064086914,1047.219970703125,,0.19,2.96,217.923,9.5
8/27/2010,1236,82.96800231933594,75.16999816894531,19.038999557495117,1064.5899658203125,,0.19,2.96,217.923,9.5
8/30/2010,1237.0999755859375,83.22599792480469,74.69999694824219,19.038000106811523,1048.9200439453125,,0.19,2.96,217.923,9.5
8/31/2010,1248.300048828125,83.25399780273438,71.91999816894531,19.398000717163086,1049.3299560546875,,0.19,2.96,217.923,9.5
9/1/2010,1246.300048828125,82.54900360107422,73.91000366210938,19.358999252319336,1080.290039,,0.19,2.58,218.275,9.5
9/2/2010,1251.5,82.50099945,75.01999664,19.63800048828125,1090.0999755859375,,0.19,2.58,218.275,9.5
9/3/2010,1249.199951171875,82.12400055,74.59999847,19.915000915527344,1104.510009765625,,0.19,2.58,218.275,9.5
9/7/2010,1257.300048828125,82.84400177001953,74.08999633789062,19.882999420166016,1091.8399658203125,,0.19,2.58,218.275,9.5
9/8/2010,1255.5999755859375,82.58000183105469,74.66999816894531,19.97800064086914,1098.8699951171875,,0.19,2.58,218.275,9.5
9/9/2010,1248.9000244140625,82.69000244140625,74.25,19.81399917602539,1104.1800537109375,,0.19,2.58,218.275,9.5
9/10/2010,1244.5,82.70099639892578,76.44999694824219,19.802000045776367,1109.550048828125,,0.19,2.58,218.275,9.5
9/13/2010,1245.0999755859375,82.09200286865234,77.19000244140625,20.110000610351562,1121.9000244140625,,0.19,2.58,218.275,9.5
9/14/2010,1269.699951171875,81.33899688720703,76.80000305175781,20.400999069213867,1121.0999755859375,,0.19,2.58,218.275,9.5
9/15/2010,1266.699951171875,81.75099945,76.01999664,20.54199981689453,1125.0699462890625,,0.19,2.58,218.275,9.5
9/16/2010,1271.9000244140625,81.50099945,74.56999969482422,20.74500084,1124.6600341796875,,0.19,2.58,218.275,9.5
9/17/2010,1275.5999755859375,81.64099884033203,73.66000366210938,20.790000915527344,1125.5899658203125,,0.19,2.58,218.275,9.5
9/20/2010,1279,81.58200073242188,74.86000061035156,20.777000427246094,1142.709961,,0.19,2.58,218.275,9.5
9/21/2010,1272.4000244140625,80.67299652,73.51999664,20.62000084,1139.780029296875,,0.19,2.58,218.275,9.5
9/22/2010,1290.199951171875,80.06400299072266,74.70999908447266,21.035999298095703,1134.280029296875,,0.19,2.58,218.275,9.5
9/23/2010,1294.300048828125,80.24700164794922,75.18000030517578,21.194000244140625,1124.8299560546875,,0.19,2.58,218.275,9.5
9/24/2010,1296,79.59899902,76.48999786376953,21.382999420166016,1148.6700439453125,,0.19,2.58,218.275,9.5
9/27/2010,1296.699951171875,79.55400085449219,76.51999664,21.454999923706055,1142.1600341796875,,0.19,2.58,218.275,9.5
9/28/2010,1306.5999755859375,79.21199798583984,76.18000030517578,21.687999725341797,1147.699951171875,,0.19,2.58,218.275,9.5
9/29/2010,1308.5,78.90499877929688,77.86000061035156,21.929000854492188,1144.72998,,0.19,2.58,218.275,9.5
9/30/2010,1307.800048828125,78.93800354003906,79.97000122070312,21.79800033569336,1141.199951171875,,0.19,2.58,218.275,9.5
10/1/2010,1316.0999755859375,78.31300354003906,81.58000183105469,22.03700065612793,1146.239990234375,,0.19,2.54,219.035,9.4
10/4/2010,1315.4000244140625,78.65799713134766,81.47000122070312,22.01300048828125,1137.030029296875,,0.19,2.54,219.035,9.4
10/5/2010,1338.9000244140625,77.96700286865234,82.81999969482422,22.714000701904297,1160.75,,0.19,2.54,219.035,9.4
10/6/2010,1346.4000244140625,77.62000274658203,83.23000336,23.020000457763672,1159.969970703125,,0.19,2.54,219.035,9.4
10/7/2010,1333.9000244140625,77.64199829101562,81.66999816894531,22.565000534057617,1158.060059,,0.19,2.54,219.035,9.4
10/8/2010,1344.199951171875,77.56300354003906,82.66000366210938,23.086999893188477,1165.1500244140625,,0.19,2.54,219.035,9.4
10/11/2010,1353.300048828125,77.66400146484375,82.20999908447266,23.33099937438965,1165.3199462890625,,0.19,2.54,219.035,9.4
10/12/2010,1345.699951171875,77.58799743652344,81.66999816894531,23.128999710083008,1169.77002,,0.19,2.54,219.035,9.4
10/13/2010,1369.5,77.28700256347656,83.01000213623047,23.913999557495117,1178.0999755859375,,0.19,2.54,219.035,9.4
10/14/2010,1376.699951171875,76.88099670410156,82.69000244140625,24.41699981689453,1173.810059,,0.19,2.54,219.035,9.4
10/15/2010,1371.0999755859375,77.26799774169922,81.25,24.27199935913086,1176.189941,,0.19,2.54,219.035,9.4
10/18/2010,1371.199951171875,77.13700103759766,83.08000183105469,24.39699935913086,1184.709961,,0.19,2.54,219.035,9.4
10/19/2010,1335.0999755859375,78.42099762,79.48999786376953,23.763999938964844,1165.9000244140625,,0.19,2.54,219.035,9.4
10/20/2010,1343.300048828125,77.41400146484375,81.76999664,23.847999572753906,1178.1700439453125,,0.19,2.54,219.035,9.4
10/21/2010,1324.699951171875,77.63400268554688,80.55999755859375,23.12299919128418,1180.260009765625,,0.19,2.54,219.035,9.4
10/22/2010,1324.4000244140625,77.68499755859375,81.69000244140625,23.125,1183.0799560546875,,0.19,2.54,219.035,9.4
10/25/2010,1338.300048828125,77.3030014,82.51999664,23.54400062561035,1185.6199951171875,,0.19,2.54,219.035,9.4
10/26/2010,1338,77.91000366210938,82.55000305175781,23.823999404907227,1185.6400146484375,,0.19,2.54,219.035,9.4
10/27/2010,1322.199951171875,78.37699890136719,81.94000244140625,23.398000717163086,1182.449951171875,,0.19,2.54,219.035,9.4
10/28/2010,1342.0999755859375,77.50299835205078,82.18000030517578,23.871000289916992,1183.780029296875,,0.19,2.54,219.035,9.4
10/29/2010,1357.0999755859375,77.45700073242188,81.43000030517578,24.559999465942383,1183.260009765625,,0.19,2.54,219.035,9.4
11/1/2010,1350.199951171875,77.48100280761719,82.94999694824219,24.54800033569336,1184.3800048828125,,0.19,2.66,219.59,9.8
11/2/2010,1356.4000244140625,76.89199829101562,83.90000153,24.832000732421875,1193.5699462890625,,0.19,2.66,219.59,9.8
11/3/2010,1337.0999755859375,76.62300109863281,84.69000244140625,24.43199920654297,1197.959961,,0.19,2.66,219.59,9.8
11/4/2010,1382.699951171875,76,86.48999786376953,26.038999557495117,1221.060059,,0.19,2.66,219.59,9.8
11/5/2010,1397.300048828125,76.69100189208984,86.84999847,26.743999481201172,1225.8499755859375,,0.19,2.66,219.59,9.8
11/8/2010,1402.800048828125,77.16400146484375,87.05999755859375,27.42799949645996,1223.25,,0.19,2.66,219.59,9.8
11/9/2010,1409.800048828125,77.58399963378906,86.72000122070312,28.902000427246094,1213.4000244140625,,0.19,2.66,219.59,9.8
11/10/2010,1399.0999755859375,77.76999664,87.80999755859375,26.861000061035156,1218.709961,,0.19,2.66,219.59,9.8
11/11/2010,1403.0999755859375,78.35600280761719,87.80999755859375,27.400999069213867,1213.540039,,0.19,2.66,219.59,9.8
11/12/2010,1365.4000244140625,78.23100280761719,84.87999725341797,25.937999725341797,1199.209961,,0.19,2.66,219.59,9.8
11/15/2010,1368.4000244140625,78.67299652,84.86000061035156,26.08799934387207,1197.75,,0.19,2.66,219.59,9.8
11/16/2010,1338.300048828125,79.33300018310547,82.33999633789062,25.229000091552734,1178.3399658203125,,0.19,2.66,219.59,9.8
11/17/2010,1336.800048828125,79.20999908447266,80.44000244140625,25.506999969482422,1178.5899658203125,,0.19,2.66,219.59,9.8
11/18/2010,1352.9000244140625,78.72899627685547,81.84999847,26.829999923706055,1196.689941,,0.19,2.66,219.59,9.8
11/19/2010,1352.199951171875,78.59400177001953,81.51000213623047,27.174999237060547,1199.72998,,0.19,2.66,219.59,9.8
11/22/2010,1357.699951171875,78.76799774169922,81.73999786376953,27.457000732421875,1197.8399658203125,,0.19,2.66,219.59,9.8
11/23/2010,1377.5,79.76200103759766,81.25,27.56800079345703,1180.72998,,0.19,2.66,219.59,9.8
11/24/2010,1372.9000244140625,79.93900299072266,83.86000061035156,27.52400016784668,1198.3499755859375,,0.19,2.66,219.59,9.8
11/26/2010,1362.300048828125,80.43299865722656,83.76000213623047,26.69499969482422,1189.4000244140625,,0.19,2.66,219.59,9.8
11/29/2010,1366,80.90200043,85.73000336,27.148000717163086,1187.760009765625,,0.19,2.66,219.59,9.8
11/30/2010,1385,81.27100372314453,84.11000061035156,28.184999465942383,1180.550048828125,,0.19,2.66,219.59,9.8
12/1/2010,1387.300048828125,80.76200103759766,86.75,28.38800048828125,1206.0699462890625,,0.18,2.97,220.472,9.3
12/2/2010,1388.5,80.33599853515625,88,28.54199981689453,1221.530029296875,,0.18,2.97,220.472,9.3
12/3/2010,1405.4000244140625,79.40699768066406,89.19000244140625,29.240999221801758,1224.709961,,0.18,2.97,220.472,9.3
12/6/2010,1415.300048828125,79.59899902,89.37999725341797,29.704999923706055,1223.1199951171875,,0.18,2.97,220.472,9.3
12/7/2010,1408.300048828125,79.86399841308594,88.69000244140625,29.74799919128418,1223.75,,0.18,2.97,220.472,9.3
12/8/2010,1382.5,80.00800323486328,88.27999877929688,28.224000930786133,1228.280029296875,,0.18,2.97,220.472,9.3
12/9/2010,1392.0999755859375,80.08499908447266,88.37000274658203,28.788999557495117,1233,,0.18,2.97,220.472,9.3
12/10/2010,1384.300048828125,80.06600189208984,87.79000091552734,28.576000213623047,1240.4000244140625,,0.18,2.97,220.472,9.3
12/13/2010,1397.300048828125,79.63999938964844,88.61000061035156,29.599000930786133,1240.459961,,0.18,2.97,220.472,9.3
12/14/2010,1403.5999755859375,79.69000244140625,88.27999877929688,29.759000778198242,1241.5899658203125,,0.18,2.97,220.472,9.3
12/15/2010,1385.5,80.58200073242188,88.62000274658203,29.225000381469727,1235.22998,,0.18,2.97,220.472,9.3
12/16/2010,1370.4000244140625,80.54900360107422,87.69999694824219,28.756999969482422,1242.8699951171875,,0.18,2.97,220.472,9.3
12/17/2010,1378.5999755859375,80.75199890136719,88.01999664,29.113000869750977,1243.9100341796875,,0.18,2.97,220.472,9.3
12/20/2010,1385.5,80.97200012207031,88.80999755859375,29.334999084472656,1247.0799560546875,,0.18,2.97,220.472,9.3
12/21/2010,1388.199951171875,81.06900024414062,89.81999969482422,29.375999450683594,1254.5999755859375,,0.18,2.97,220.472,9.3
12/22/2010,1386.800048828125,81.07299805,90.48000336,29.367000579833984,1258.8399658203125,,0.18,2.97,220.472,9.3
12/23/2010,1380,80.83200073242188,91.51000213623047,29.309999465942383,1256.77002,,0.18,2.97,220.472,9.3
12/27/2010,1382.4000244140625,80.67900085449219,91,29.235000610351562,1257.540039,,0.18,2.97,220.472,9.3
12/28/2010,1405.199951171875,80.66999816894531,91.48999786376953,30.297000885009766,1258.510009765625,,0.18,2.97,220.472,9.3
12/29/2010,1413.0999755859375,80.10199737548828,91.12000274658203,30.679000854492188,1259.780029296875,,0.18,2.97,220.472,9.3
12/30/2010,1405.5999755859375,79.79799652,89.83999633789062,30.488000869750977,1257.8800048828125,,0.18,2.97,220.472,9.3
12/31/2010,1421.0999755859375,79.28800201416016,91.37999725341797,30.90999984741211,1257.6400146484375,,0.18,2.97,220.472,9.3
1/1/2011,1421.0999755859375,79.28800201416016,91.37999725341797,30.90999984741211,1257.6400146484375,,0.17,2.97,221.187,9.1
1/3/2011,1422.5999755859375,79.38400268554688,91.55000305175781,31.09600067138672,1271.8699951171875,,0.17,2.97,221.187,9.1
1/4/2011,1378.5,79.6989975,89.37999725341797,29.492000579833984,1270.199951171875,,0.17,2.97,221.187,9.1
1/5/2011,1373.4000244140625,80.53800201416016,90.30000305175781,29.17300033569336,1276.560059,,0.17,2.97,221.187,9.1
1/6/2011,1371.4000244140625,81.09300231933594,88.37999725341797,29.110000610351562,1273.8499755859375,,0.17,2.97,221.187,9.1
1/7/2011,1368.5,81.32099914550781,88.02999877929688,28.660999298095703,1271.5,,0.17,2.97,221.187,9.1
1/10/2011,1373.699951171875,81.16300201416016,89.25,28.85099983215332,1269.75,,0.17,2.97,221.187,9.1
1/11/2011,1384,81.13500213623047,91.11000061035156,29.489999771118164,1274.47998,,0.17,2.97,221.187,9.1
1/12/2011,1385.699951171875,80.25,91.86000061035156,29.531999588012695,1285.959961,,0.17,2.97,221.187,9.1
1/13/2011,1386.9000244140625,79.40599822998047,91.40000153,29.25200080871582,1283.760009765625,,0.17,2.97,221.187,9.1
1/14/2011,1360.4000244140625,79.36599731445312,91.54000091552734,28.30900001525879,1293.239990234375,,0.17,2.97,221.187,9.1
1/18/2011,1368.0999755859375,79.16000366210938,91.37999725341797,28.900999069213867,1295.02002,,0.17,2.97,221.187,9.1
1/19/2011,1370.199951171875,78.81099700927734,90.86000061035156,28.79199981689453,1281.9200439453125,,0.17,2.97,221.187,9.1
1/20/2011,1346.5,78.98400115966797,88.86000061035156,27.458999633789062,1280.260009765625,,0.17,2.97,221.187,9.1
1/21/2011,1341,78.37000274658203,89.11000061035156,27.416000366210938,1283.3499755859375,,0.17,2.97,221.187,9.1
1/24/2011,1344.5,78.19300079345703,87.87000274658203,27.31800079345703,1290.8399658203125,,0.17,2.97,221.187,9.1
1/25/2011,1332.300048828125,78.14499664,86.19000244140625,26.81100082397461,1291.1800537109375,,0.17,2.97,221.187,9.1
1/26/2011,1333,78.03500366210938,87.33000183105469,27.131999969482422,1296.6300048828125,,0.17,2.97,221.187,9.1
1/27/2011,1318.4000244140625,77.85399627685547,85.63999938964844,27.045000076293945,1299.540039,,0.17,2.97,221.187,9.1
1/28/2011,1340.699951171875,78.27999877929688,89.33999633789062,27.93400001525879,1276.3399658203125,,0.17,2.97,221.187,9.1
1/31/2011,1333.800048828125,77.86499786376953,92.19000244140625,28.173999786376953,1286.1199951171875,,0.17,2.97,221.187,9.1
2/1/2011,1339.5999755859375,77.19300079345703,90.76999664,28.52400016784668,1307.5899658203125,,0.16,3.48,221.898,9
2/2/2011,1331.5,77.27799987792969,90.86000061035156,28.298999786376953,1304.030029296875,,0.16,3.48,221.898,9
2/3/2011,1352.300048828125,77.86699676513672,90.54000091552734,28.732999801635742,1307.0999755859375,,0.16,3.48,221.898,9
2/4/2011,1348.300048828125,78.15699768066406,89.02999877929688,29.06399917602539,1310.8699951171875,,0.16,3.48,221.898,9
2/7/2011,1347.5999755859375,78.12200164794922,87.48000336,29.347999572753906,1319.050048828125,,0.16,3.48,221.898,9
2/8/2011,1363.4000244140625,78.09400177001953,86.94000244140625,30.270999908447266,1324.5699462890625,,0.16,3.48,221.898,9
2/9/2011,1364.800048828125,77.72100067138672,86.70999908447266,30.273000717163086,1320.8800048828125,,0.16,3.48,221.898,9
2/10/2011,1361.9000244140625,78.32700348,86.73000336,30.090999603271484,1321.8699951171875,,0.16,3.48,221.898,9
2/11/2011,1359.9000244140625,78.56500244140625,85.58000183105469,29.992000579833984,1329.1500244140625,,0.16,3.48,221.898,9
2/14/2011,1364.5999755859375,78.71700286865234,84.80999755859375,30.52899932861328,1332.3199462890625,,0.16,3.48,221.898,9
2/15/2011,1373.5999755859375,78.66000366210938,84.31999969482422,30.69300079345703,1328.010009765625,,0.16,3.48,221.898,9
2/16/2011,1374.699951171875,78.27700043,84.98999786376953,30.62999916,1336.3199462890625,,0.16,3.48,221.898,9
2/17/2011,1384.699951171875,78.06500244140625,86.36000061035156,31.57200050354004,1340.4300537109375,,0.16,3.48,221.898,9
2/18/2011,1388.199951171875,77.72000122070312,86.19999694824219,32.29800033569336,1343.010009765625,,0.16,3.48,221.898,9
2/22/2011,1400.5,77.82299805,93.56999969482422,32.86399841308594,1315.439941,,0.16,3.48,221.898,9
2/23/2011,1413.4000244140625,77.44400024414062,98.09999847,33.301998138427734,1307.4000244140625,,0.16,3.48,221.898,9
2/24/2011,1415.300048828125,77.09600067138672,97.27999877929688,33.17900085449219,1306.0999755859375,,0.16,3.48,221.898,9
2/25/2011,1408.699951171875,77.30000305175781,97.87999725341797,32.89799880981445,1319.8800048828125,,0.16,3.48,221.898,9
2/28/2011,1409.300048828125,76.92099762,96.97000122070312,33.80400085449219,1327.219970703125,,0.16,3.48,221.898,9
3/1/2011,1430.699951171875,77.08300018310547,99.62999725341797,34.41600036621094,1306.3299560546875,,0.14,3.41,223.046,9
3/2/2011,1437.199951171875,76.68900299072266,102.2300033569336,34.82500076293945,1308.439941,,0.14,3.41,223.046,9
3/3/2011,1416,76.49500274658203,101.91000366210938,34.31299973,1330.969970703125,,0.14,3.41,223.046,9
3/4/2011,1428.199951171875,76.41600036621094,104.41999816894531,35.31700134277344,1321.1500244140625,,0.14,3.41,223.046,9
3/7/2011,1434.0999755859375,76.51399993896484,105.44000244140625,35.85499954223633,1310.1300048828125,,0.14,3.41,223.046,9
3/8/2011,1426.9000244140625,76.80000305175781,105.0199966430664,35.65299987792969,1321.8199462890625,,0.14,3.41,223.046,9
3/9/2011,1429.300048828125,76.71900177001953,104.37999725341797,36.042999267578125,1320.02002,,0.14,3.41,223.046,9
3/10/2011,1412.199951171875,77.27400207519531,102.69999694824219,35.06399917602539,1295.1099853515625,,0.14,3.41,223.046,9
3/11/2011,1421.5,76.76999664,101.16000366210938,35.93299865722656,1304.280029296875,,0.14,3.41,223.046,9
3/14/2011,1424.5999755859375,76.46199798583984,101.19000244140625,35.82500076293945,1296.3900146484375,,0.14,3.41,223.046,9
3/15/2011,1392.5999755859375,76.65599822998047,97.18000030517578,34.11600112915039,1281.8699951171875,,0.14,3.41,223.046,9
3/16/2011,1396,76.98600006103516,97.98000336,34.47100067138672,1256.8800048828125,,0.14,3.41,223.046,9
3/17/2011,1404,76.33999633789062,101.41999816894531,34.25999832,1273.719970703125,,0.14,3.41,223.046,9
3/18/2011,1415.9000244140625,75.97100067138672,101.06999969482422,35.060001373291016,1279.209961,,0.14,3.41,223.046,9
3/21/2011,1426.199951171875,75.65499877929688,102.33000183105469,36.00199890136719,1298.3800048828125,,0.14,3.41,223.046,9
3/22/2011,1427.5,75.67299652,104,36.270999908447266,1293.77002,,0.14,3.41,223.046,9
3/23/2011,1437.9000244140625,76.04599762,105.75,37.20199966430664,1297.540039,,0.14,3.41,223.046,9
3/24/2011,1434.800048828125,75.88800048828125,105.5999984741211,37.38800048828125,1309.6600341796875,,0.14,3.41,223.046,9
3/25/2011,1426.0999755859375,76.48500061035156,105.4000015258789,37.05799865722656,1313.800048828125,,0.14,3.41,223.046,9
3/28/2011,1419.800048828125,76.37599945,103.9800033569336,37.09700012207031,1310.189941,,0.14,3.41,223.046,9
3/29/2011,1416,76.50199890136719,104.79000091552734,36.97700119018555,1319.439941,,0.14,3.41,223.046,9
3/30/2011,1423.800048828125,76.35700225830078,104.2699966430664,37.500999450683594,1328.260009765625,,0.14,3.41,223.046,9
3/31/2011,1438.9000244140625,76.0719986,106.72000122070312,37.87200164794922,1325.8299560546875,,0.14,3.41,223.046,9
4/1/2011,1428.0999755859375,76.08300018310547,107.94000244140625,37.73699951171875,1332.4100341796875,,0.1,3.46,224.093,9.1
4/4/2011,1432.199951171875,76.15899658203125,108.47000122070312,38.48400115966797,1332.8699951171875,,0.1,3.46,224.093,9.1
4/5/2011,1451.800048828125,76.11100006103516,108.33999633789062,39.17499923706055,1332.6300048828125,,0.1,3.46,224.093,9.1
4/6/2011,1457.699951171875,75.75700378417969,108.83000183105469,39.38399887084961,1335.540039,,0.1,3.46,224.093,9.1
4/7/2011,1458.5,75.80999755859375,110.30000305175781,39.54199981689453,1333.510009765625,,0.1,3.46,224.093,9.1
4/8/2011,1473.4000244140625,75.27300262451172,112.79000091552734,40.599998474121094,1328.1700439453125,,0.1,3.46,224.093,9.1
4/11/2011,1467.4000244140625,75.28199768066406,109.91999816894531,40.604000091552734,1324.459961,,0.1,3.46,224.093,9.1
4/12/2011,1452.9000244140625,75.06500244140625,106.25,40.05799865722656,1314.1600341796875,,0.1,3.46,224.093,9.1
4/13/2011,1454.9000244140625,75.19000244140625,107.11000061035156,40.23500061035156,1314.4100341796875,,0.1,3.46,224.093,9.1
4/14/2011,1471.699951171875,74.88800048828125,108.11000061035156,41.6609993,1314.52002,,0.1,3.46,224.093,9.1
4/15/2011,1485.300048828125,75.02799987792969,109.66000366210938,42.566001892089844,1319.6800537109375,,0.1,3.46,224.093,9.1
4/18/2011,1492.300048828125,75.73000336,107.12000274658203,42.957000732421875,1305.1400146484375,,0.1,3.46,224.093,9.1
4/19/2011,1494.5,75.24900055,108.1500015258789,43.91899871826172,1312.6199951171875,,0.1,3.46,224.093,9.1
4/20/2011,1498.300048828125,74.56700134277344,111.44999694824219,44.46500015258789,1330.3599853515625,,0.1,3.46,224.093,9.1
4/21/2011,1503.199951171875,74.18000030517578,112.29000091552734,46.06200027,1337.3800048828125,,0.1,3.46,224.093,9.1
4/25/2011,1508.5999755859375,74.18099975585938,112.27999877929688,47.15100098,1335.25,,0.1,3.46,224.093,9.1
4/26/2011,1503,74.02500153,112.20999908447266,45.05799865722656,1347.239990234375,,0.1,3.46,224.093,9.1
4/27/2011,1516.699951171875,73.69100189208984,112.76000213623047,45.9640007,1355.6600341796875,,0.1,3.46,224.093,9.1
4/28/2011,1530.800048828125,73.31099700927734,112.86000061035156,47.52000045776367,1360.47998,,0.1,3.46,224.093,9.1
4/29/2011,1556,73.10700225830078,113.93000030517578,48.58399963378906,1363.6099853515625,,0.1,3.46,224.093,9.1
5/1/2011,1556,73.10700225830078,113.93000030517578,48.58399963378906,1363.6099853515625,,0.09,3.46,224.806,9
5/2/2011,1556.699951171875,73.13899993896484,113.5199966430664,46.077999114990234,1361.219970703125,,0.09,3.46,224.806,9
5/3/2011,1540.0999755859375,73.31500244140625,111.05000305175781,42.57600021362305,1356.6199951171875,,0.09,3.46,224.806,9
5/4/2011,1514.9000244140625,73.21299743652344,109.23999786376953,39.382999420166016,1347.3199462890625,,0.09,3.46,224.806,9
5/5/2011,1480.9000244140625,74.375,99.80000305175781,36.23099899291992,1335.0999755859375,,0.09,3.46,224.806,9
5/6/2011,1491.199951171875,75.08000183105469,97.18000030517578,35.28300094604492,1340.199951171875,,0.09,3.46,224.806,9
5/9/2011,1502.9000244140625,74.90000153,102.55000305175781,37.11000061035156,1346.290039,,0.09,3.46,224.806,9
5/10/2011,1516.5999755859375,74.78199768066406,103.87999725341797,38.47999954223633,1357.1600341796875,,0.09,3.46,224.806,9
5/11/2011,1501.0999755859375,75.51699829101562,98.20999908447266,35.50899887084961,1342.0799560546875,,0.09,3.46,224.806,9
5/12/2011,1506.5999755859375,75.41699981689453,98.97000122070312,34.792999267578125,1348.6500244140625,,0.09,3.46,224.806,9
5/13/2011,1493.4000244140625,75.93800354003906,99.65000153,35.01100158691406,1337.77002,,0.09,3.46,224.806,9
5/16/2011,1490.4000244140625,75.65100098,97.37000274658203,34.12900161743164,1329.469970703125,,0.09,3.46,224.806,9
5/17/2011,1479.800048828125,75.54499816894531,96.91000366210938,33.487998962402344,1328.97998,,0.09,3.46,224.806,9
5/18/2011,1495.5999755859375,75.63200378417969,100.0999984741211,35.09400177001953,1340.6800537109375,,0.09,3.46,224.806,9
5/19/2011,1492.199951171875,75.27700043,98.44000244140625,34.926998138427734,1343.5999755859375,,0.09,3.46,224.806,9
5/20/2011,1508.800048828125,75.57900238,99.48999786376953,35.082000732421875,1333.27002,,0.09,3.46,224.806,9
5/23/2011,1515.300048828125,76.23400115966797,97.69999694824219,34.90100098,1317.3699951171875,,0.09,3.46,224.806,9
5/24/2011,1523.199951171875,76.02300262451172,99.58999633789062,36.12099838256836,1316.280029296875,,0.09,3.46,224.806,9
5/25/2011,1526.5999755859375,76.02999877929688,101.31999969482422,37.63999938964844,1320.469970703125,,0.09,3.46,224.806,9
5/26/2011,1522.800048828125,75.63200378417969,100.2300033569336,37.32600021362305,1325.689941,,0.09,3.46,224.806,9
5/27/2011,1536.300048828125,75.01799774169922,100.58999633789062,37.856998443603516,1331.0999755859375,,0.09,3.46,224.806,9
5/31/2011,1535.9000244140625,74.69599914550781,102.69999694824219,38.303001403808594,1345.199951171875,,0.09,3.46,224.806,9
6/1/2011,1542.4000244140625,74.73100280761719,100.29000091552734,37.68899917602539,1314.550048828125,,0.09,2.96,224.806,9.1
6/2/2011,1532,74.375,100.4000015258789,36.20000076293945,1312.939941,,0.09,2.96,224.806,9.1
6/3/2011,1541.699951171875,73.80699920654297,100.22000122070312,36.18700027,1300.1600341796875,,0.09,2.96,224.806,9.1
6/6/2011,1546.5,73.99900055,99.01000213623047,36.77600098,1286.1700439453125,,0.09,2.96,224.806,9.1
6/7/2011,1543.300048828125,73.52799987792969,99.08999633789062,37.040000915527344,1284.939941,,0.09,2.96,224.806,9.1
6/8/2011,1538.0999755859375,73.93900299072266,100.73999786376953,36.61899948120117,1279.560059,,0.09,2.96,224.806,9.1
6/9/2011,1542.0999755859375,74.20099639892578,101.93000030517578,37.42300033569336,1289,,0.09,2.96,224.806,9.1
6/10/2011,1528.5999755859375,74.79799652,99.29000091552734,36.32600021362305,1270.97998,,0.09,2.96,224.806,9.1
6/13/2011,1515,74.59600067138672,97.30000305175781,34.736000061035156,1271.8299560546875,,0.09,2.96,224.806,9.1
6/14/2011,1523.800048828125,74.69200134277344,99.37000274658203,35.40999984741211,1287.8699951171875,,0.09,2.96,224.806,9.1
6/15/2011,1525.5999755859375,76.0719986,94.80999755859375,35.40599822998047,1265.4200439453125,,0.09,2.96,224.806,9.1
6/16/2011,1529.300048828125,76.22399902,94.94999694824219,35.553001403808594,1267.6400146484375,,0.09,2.96,224.806,9.1
6/17/2011,1538.5999755859375,75.46099853515625,93.01000213623047,35.73899841308594,1271.5,,0.09,2.96,224.806,9.1
6/20/2011,1541.5,75.5,93.26000213623047,36.064998626708984,1278.3599853515625,,0.09,2.96,224.806,9.1
6/21/2011,1546,74.93099975585938,93.40000153,36.37300109863281,1295.52002,,0.09,2.96,224.806,9.1
6/22/2011,1552.9000244140625,75.18800354003906,95.41000366210938,36.73400115966797,1287.1400146484375,,0.09,2.96,224.806,9.1
6/23/2011,1520.0999755859375,75.90399932861328,91.01999664,35.005001068115234,1283.5,,0.09,2.96,224.806,9.1
6/24/2011,1500.5,76.20999908447266,91.16000366210938,34.64099884033203,1268.449951171875,,0.09,2.96,224.806,9.1
6/27/2011,1496,75.82800293,90.61000061035156,33.58000183105469,1280.0999755859375,,0.09,2.96,224.806,9.1
6/28/2011,1499.699951171875,75.48999786376953,92.88999938964844,33.632999420166016,1296.6700439453125,,0.09,2.96,224.806,9.1
6/29/2011,1509.9000244140625,75.0739975,94.76999664,34.75,1307.4100341796875,,0.09,2.96,224.806,9.1
6/30/2011,1502.300048828125,74.63500213623047,95.41999816894531,34.81200027,1320.6400146484375,,0.09,2.96,224.806,9.1
7/1/2011,1482.300048828125,74.67400360107422,94.94000244140625,33.694000244140625,1339.6700439453125,,0.07,3.22,225.395,9
7/5/2011,1512.300048828125,74.98500061035156,96.88999938964844,35.402000427246094,1337.8800048828125,,0.07,3.22,225.395,9
7/6/2011,1528.699951171875,75.44000244140625,96.65000153,35.9109993,1339.219970703125,,0.07,3.22,225.395,9
7/7/2011,1530.199951171875,75.25700378417969,98.66999816894531,36.52799987792969,1353.219970703125,,0.07,3.22,225.395,9
7/8/2011,1541.199951171875,75.51399993896484,96.19999694824219,36.5359993,1343.800048828125,,0.07,3.22,225.395,9
7/11/2011,1548.800048828125,76.37400055,95.15000153,35.68899917602539,1319.489990234375,,0.07,3.22,225.395,9
7/12/2011,1561.9000244140625,76.23400115966797,97.43000030517578,35.62900161743164,1313.6400146484375,,0.07,3.22,225.395,9
7/13/2011,1585.199951171875,75.54699707,98.05000305175781,38.14799880981445,1317.719970703125,,0.07,3.22,225.395,9
7/14/2011,1589,75.56199645996094,95.69000244140625,38.68899917602539,1308.8699951171875,,0.07,3.22,225.395,9
7/15/2011,1589.800048828125,75.51999664,97.23999786376953,39.06299973,1316.1400146484375,,0.07,3.22,225.395,9
7/18/2011,1602.0999755859375,75.79299926757812,95.93000030517578,40.33300018310547,1305.439941,,0.07,3.22,225.395,9
7/19/2011,1600.9000244140625,75.51300048828125,97.5,40.21099853515625,1326.72998,,0.07,3.22,225.395,9
7/20/2011,1596.699951171875,75.09400177001953,98.13999938964844,39.54600143432617,1325.8399658203125,,0.07,3.22,225.395,9
7/21/2011,1586.800048828125,74.23100280761719,99.12999725341797,38.93700027,1343.800048828125,,0.07,3.22,225.395,9
7/22/2011,1601.300048828125,74.41200256347656,99.87000274658203,40.112998962402344,1345.02002,,0.07,3.22,225.395,9
7/25/2011,1612,74.25399780273438,99.19999694824219,40.354000091552734,1337.4300537109375,,0.07,3.22,225.395,9
7/26/2011,1616.5999755859375,73.62899780273438,99.58999633789062,40.691001892089844,1331.939941,,0.07,3.22,225.395,9
7/27/2011,1615,74.27300262451172,97.40000153,40.553001403808594,1304.8900146484375,,0.07,3.22,225.395,9
7/28/2011,1613.4000244140625,74.39099884033203,97.44000244140625,39.77899932861328,1300.6700439453125,,0.07,3.22,225.395,9
7/29/2011,1628.300048828125,74.03600311279297,95.69999694824219,40.09199905395508,1292.280029296875,,0.07,3.22,225.395,9
8/1/2011,1619,74.45600128173828,94.88999938964844,39.29800033569336,1286.939941,,0.1,2.77,226.106,9
8/2/2011,1641.9000244140625,74.66600036621094,93.79000091552734,40.08100128173828,1254.050048828125,,0.1,2.77,226.106,9
8/3/2011,1663.4000244140625,74.1989975,91.93000030517578,41.74700164794922,1260.3399658203125,,0.1,2.77,226.106,9
8/4/2011,1656.199951171875,75.36000061035156,86.62999725341797,39.417999267578125,1200.0699462890625,,0.1,2.77,226.106,9
8/5/2011,1648.800048828125,74.80200195,86.87999725341797,38.196998596191406,1199.3800048828125,,0.1,2.77,226.106,9
8/8/2011,1710.199951171875,74.93800354003906,81.30999755859375,39.374000549316406,1119.459961,,0.1,2.77,226.106,9
8/9/2011,1740,74.72399902,79.30000305175781,37.87699890136719,1172.530029296875,,0.1,2.77,226.106,9
8/10/2011,1781.300048828125,74.76899719238281,82.88999938964844,39.32500076293945,1120.760009765625,,0.1,2.77,226.106,9
8/11/2011,1748.800048828125,74.80999755859375,85.72000122070312,38.65599822998047,1172.6400146484375,,0.1,2.77,226.106,9
8/12/2011,1740.199951171875,74.74299621582031,85.37999725341797,39.10100173950195,1178.810059,,0.1,2.77,226.106,9
8/15/2011,1755.5,73.92900085449219,87.87999725341797,39.29800033569336,1204.489990234375,,0.1,2.77,226.106,9
8/16/2011,1782.4000244140625,74.09300231933594,86.65000153,39.82099914550781,1192.760009765625,,0.1,2.77,226.106,9
8/17/2011,1791.199951171875,73.75800323486328,87.58000183105469,40.349998474121094,1193.8900146484375,,0.1,2.77,226.106,9
8/18/2011,1818.9000244140625,74.31500244140625,82.37999725341797,40.68700027,1140.6500244140625,,0.1,2.77,226.106,9
8/19/2011,1848.9000244140625,74.10600280761719,82.26000213623047,42.428001403808594,1123.530029296875,,0.1,2.77,226.106,9
8/22/2011,1888.699951171875,74.16799926757812,84.12000274658203,43.32099914550781,1123.8199462890625,,0.1,2.77,226.106,9
8/23/2011,1858.300048828125,73.96099853515625,85.44000244140625,42.28099822998047,1162.3499755859375,,0.1,2.77,226.106,9
8/24/2011,1754.0999755859375,74.08699798583984,85.16000366210938,39.15700149536133,1177.5999755859375,,0.1,2.77,226.106,9
8/25/2011,1759.800048828125,74.36199951171875,85.30000305175781,40.74000168,1159.27002,,0.1,2.77,226.106,9
8/26/2011,1794.0999755859375,73.86900329589844,85.37000274658203,40.946998596191406,1176.800048828125,,0.1,2.77,226.106,9
8/29/2011,1788.4000244140625,73.77700043,87.26999664,40.54100036621094,1210.0799560546875,,0.1,2.77,226.106,9
8/30/2011,1826.699951171875,73.99600219726562,88.90000153,41.39799880981445,1212.9200439453125,,0.1,2.77,226.106,9
8/31/2011,1828.5,74.17299652,88.80999755859375,41.69900131225586,1218.8900146484375,,0.1,2.77,226.106,9
9/1/2011,1826,74.55699920654297,88.93000030517578,41.481998443603516,1204.4200439453125,,0.08,2.15,226.597,9
9/2/2011,1873.699951171875,74.83899688720703,86.44999694824219,43.02000045776367,1173.969970703125,,0.08,2.15,226.597,9
9/6/2011,1869.9000244140625,76.05699920654297,86.01999664,41.81800079345703,1165.239990234375,,0.08,2.15,226.597,9
9/7/2011,1814.199951171875,75.56600189208984,89.33999633789062,41.571998596191406,1198.6199951171875,,0.08,2.15,226.597,9
9/8/2011,1854.4000244140625,76.35199737548828,89.05000305175781,42.479000091552734,1185.9000244140625,,0.08,2.15,226.597,9
9/9/2011,1856.4000244140625,77.30000305175781,87.23999786376953,41.573001861572266,1154.22998,,0.08,2.15,226.597,9
9/12/2011,1809.9000244140625,77.66600036621094,88.19000244140625,40.16400146484375,1162.27002,,0.08,2.15,226.597,9
9/13/2011,1826.800048828125,76.99700164794922,90.20999908447266,41.12300109863281,1172.8699951171875,,0.08,2.15,226.597,9
9/14/2011,1823.5,76.875,88.91000366210938,40.46900177001953,1188.6800537109375,,0.08,2.15,226.597,9
9/15/2011,1778.5,76.26699829101562,89.40000153,39.452999114990234,1209.1099853515625,,0.08,2.15,226.597,9
9/16/2011,1812.0999755859375,76.59300231933594,87.95999908447266,40.78099822998047,1216.010009765625,,0.08,2.15,226.597,9
9/19/2011,1776.4000244140625,77.43499755859375,85.69999694824219,39.11000061035156,1204.0899658203125,,0.08,2.15,226.597,9
9/20/2011,1806.5999755859375,77.52799987792969,86.88999938964844,40.08100128173828,1202.0899658203125,,0.08,2.15,226.597,9
9/21/2011,1805.5,77.85900115966797,85.91999816894531,40.41999816894531,1166.760009765625,,0.08,2.15,226.597,9
9/22/2011,1739.199951171875,79.09999847,80.51000213623047,36.53799819946289,1129.560059,,0.08,2.15,226.597,9
9/23/2011,1637.5,79.22799682617188,79.84999847,30.051000595092773,1136.4300537109375,,0.08,2.15,226.597,9
9/26/2011,1592.5,79.06300354003906,80.23999786376953,29.927000045776367,1162.949951171875,,0.08,2.15,226.597,9
9/27/2011,1650.5999755859375,78.02799987792969,84.44999694824219,31.496999740600586,1175.3800048828125,,0.08,2.15,226.597,9
9/28/2011,1616.300048828125,78.42900085449219,81.20999908447266,30.084999084472656,1151.060059,,0.08,2.15,226.597,9
9/29/2011,1615.5,78.60299682617188,82.13999938964844,30.472000122070312,1160.4000244140625,,0.08,2.15,226.597,9
9/30/2011,1620.4000244140625,79.07499694824219,79.19999694824219,30.041000366210938,1131.4200439453125,,0.08,2.15,226.597,9
10/1/2011,1620.4000244140625,79.07499694824219,79.19999694824219,30.041000366210938,1131.4200439453125,,0.07,2.15,226.75,8.8
10/3/2011,1656,79.93699645996094,77.61000061035156,30.75,1099.22998,,0.07,2.15,226.75,8.8
10/4/2011,1614.699951171875,80.10399627685547,75.66999816894531,29.795000076293945,1123.949951171875,,0.07,2.15,226.75,8.8
10/5/2011,1640.300048828125,79.38500213623047,79.68000030517578,30.316999435424805,1144.030029296875,,0.07,2.15,226.75,8.8
10/6/2011,1651.9000244140625,79.08799743652344,82.58999633789062,31.969999313354492,1164.969970703125,,0.07,2.15,226.75,8.8
10/7/2011,1634.5,79.14900207519531,82.98000336,30.95800018310547,1155.459961,,0.07,2.15,226.75,8.8
10/10/2011,1669.5999755859375,77.81099700927734,85.41000366210938,31.944000244140625,1194.8900146484375,,0.07,2.15,226.75,8.8
10/11/2011,1659.699951171875,77.90799713134766,85.80999755859375,31.96299934387207,1195.540039,,0.07,2.15,226.75,8.8
10/12/2011,1681.300048828125,77.27400207519531,85.56999969482422,32.75400161743164,1207.25,,0.07,2.15,226.75,8.8
10/13/2011,1667.300048828125,77.28399658203125,84.23000336,31.632999420166016,1203.6600341796875,,0.07,2.15,226.75,8.8
10/14/2011,1681.800048828125,76.90699768066406,86.80000305175781,32.13999938964844,1224.5799560546875,,0.07,2.15,226.75,8.8
10/17/2011,1675.5,77.4280014,86.37999725341797,31.791000366210938,1200.8599853515625,,0.07,2.15,226.75,8.8
10/18/2011,1651.699951171875,77.41200256347656,88.33999633789062,31.801000595092773,1225.3800048828125,,0.07,2.15,226.75,8.8
10/19/2011,1646,77.41600036621094,86.11000061035156,31.25200080871582,1209.8800048828125,,0.07,2.15,226.75,8.8
10/20/2011,1611.9000244140625,77.23600006103516,85.30000305175781,30.266000747680664,1215.3900146484375,,0.07,2.15,226.75,8.8
10/21/2011,1635.0999755859375,76.62799835205078,87.40000153,31.17300033569336,1238.25,,0.07,2.15,226.75,8.8
10/24/2011,1651.5,76.26200103759766,91.26999664,31.62000084,1254.189941,,0.07,2.15,226.75,8.8
10/25/2011,1699.5999755859375,76.32099914550781,93.16999816894531,33.034000396728516,1229.050048828125,,0.07,2.15,226.75,8.8
10/26/2011,1722.699951171875,76.47299957,90.19999694824219,33.29100036621094,1242,,0.07,2.15,226.75,8.8
10/27/2011,1746.699951171875,75.01100158691406,93.95999908447266,35.095001220703125,1284.5899658203125,,0.07,2.15,226.75,8.8
10/28/2011,1746.199951171875,75.21600341796875,93.31999969482422,35.27000045776367,1285.0899658203125,,0.07,2.15,226.75,8.8
10/31/2011,1724.199951171875,76.30599975585938,93.19000244140625,34.33700180053711,1253.300048828125,,0.07,2.15,226.75,8.8
11/1/2011,1711,77.38999938964844,92.19000244140625,32.72200012207031,1218.280029296875,,0.08,2.01,227.169,8.6
11/2/2011,1728.699951171875,77.18099975585938,92.51000213623047,33.92900085449219,1237.9000244140625,,0.08,2.01,227.169,8.6
11/3/2011,1764.199951171875,76.85600280761719,94.06999969482422,34.487998962402344,1261.1500244140625,,0.08,2.01,227.169,8.6
11/4/2011,1755.300048828125,77.16200256347656,94.26000213623047,34.06999969482422,1253.22998,,0.08,2.01,227.169,8.6
11/7/2011,1790.300048828125,77.14099884033203,95.51999664,34.81200027,1261.1199951171875,,0.08,2.01,227.169,8.6
11/8/2011,1798.4000244140625,76.75099945,96.80000305175781,35.137001037597656,1275.9200439453125,,0.08,2.01,227.169,8.6
11/9/2011,1790.9000244140625,78.16699981689453,95.73999786376953,34.347999572753906,1229.0999755859375,,0.08,2.01,227.169,8.6
11/10/2011,1758.9000244140625,77.97299957,97.77999877929688,34.095001220703125,1239.699951171875,,0.08,2.01,227.169,8.6
11/11/2011,1787.5,77.13099670410156,98.98999786376953,34.67100143432617,1263.8499755859375,,0.08,2.01,227.169,8.6
11/14/2011,1777.800048828125,77.75299835205078,98.13999938964844,34.01300048828125,1251.780029296875,,0.08,2.01,227.169,8.6
11/15/2011,1781.699951171875,78.06199645996094,99.37000274658203,34.448001861572266,1257.810059,,0.08,2.01,227.169,8.6
11/16/2011,1773.800048828125,78.20600128173828,102.58999633789062,33.81399917602539,1236.9100341796875,,0.08,2.01,227.169,8.6
11/17/2011,1719.800048828125,78.48899841308594,98.81999969482422,31.493000030517578,1216.1300048828125,,0.08,2.01,227.169,8.6
11/18/2011,1724.699951171875,78.25499725341797,97.41000366210938,32.41299819946289,1215.6500244140625,,0.08,2.01,227.169,8.6
11/21/2011,1678.300048828125,78.46299743652344,96.91999816894531,31.113000869750977,1192.97998,,0.08,2.01,227.169,8.6
11/22/2011,1702.199951171875,78.43499755859375,98.01000213623047,32.948001861572266,1188.040039,,0.08,2.01,227.169,8.6
11/23/2011,1695.699951171875,79.35099792480469,96.16999816894531,31.881999969482422,1161.790039,,0.08,2.01,227.169,8.6
11/25/2011,1685.5,79.83100128173828,96.76999664,31.011999130249023,1158.6700439453125,,0.08,2.01,227.169,8.6
11/28/2011,1710.800048828125,79.43599700927734,98.20999908447266,32.15999984741211,1192.550048828125,,0.08,2.01,227.169,8.6
11/29/2011,1713.4000244140625,79.15100098,99.79000091552734,31.85300064086914,1195.189941,,0.08,2.01,227.169,8.6
11/30/2011,1745.5,78.49099731445312,100.36000061035156,32.73099899291992,1246.959961,,0.08,2.01,227.169,8.6
12/1/2011,1735.300048828125,78.43299865722656,100.19999694824219,32.69499969482422,1244.5799560546875,,0.07,2.11,227.223,8.5
12/2/2011,1747,78.73100280761719,100.95999908447266,32.62099838256836,1244.280029296875,,0.07,2.11,227.223,8.5
12/5/2011,1730.699951171875,78.67099762,100.98999786376953,32.305999755859375,1257.0799560546875,,0.07,2.11,227.223,8.5
12/6/2011,1727.9000244140625,78.57099914550781,101.27999877929688,32.672000885009766,1258.469970703125,,0.07,2.11,227.223,8.5
12/7/2011,1740.9000244140625,78.55200195,100.48999786376953,32.55500030517578,1261.010009765625,,0.07,2.11,227.223,8.5
12/8/2011,1709.800048828125,78.91200256347656,98.33999633789062,31.466999053955078,1234.3499755859375,,0.07,2.11,227.223,8.5
12/9/2011,1712.800048828125,78.68099975585938,99.41000366210938,32.17300033569336,1255.189941,,0.07,2.11,227.223,8.5
12/12/2011,1664.199951171875,79.58000183105469,97.76999664,30.934999465942383,1236.469970703125,,0.07,2.11,227.223,8.5
12/13/2011,1659.9000244140625,80.28900146484375,100.13999938964844,31.19499969482422,1225.72998,,0.07,2.11,227.223,8.5
12/14/2011,1584.300048828125,80.62200164794922,94.94999694824219,28.881000518798828,1211.8199462890625,,0.07,2.11,227.223,8.5
12/15/2011,1574.5999755859375,80.34100341796875,93.87000274658203,29.225000381469727,1215.75,,0.07,2.11,227.223,8.5
12/16/2011,1595.5999755859375,80.24900055,93.52999877929688,29.614999771118164,1219.6600341796875,,0.07,2.11,227.223,8.5
12/19/2011,1594.4000244140625,80.20700073242188,93.87999725341797,28.82200050354004,1205.3499755859375,,0.07,2.11,227.223,8.5
12/20/2011,1615.5999755859375,80.27300262451172,97.22000122070312,29.496000289916992,1241.300048828125,,0.07,2.11,227.223,8.5
12/21/2011,1611.9000244140625,80.34999847,98.66999816894531,29.197999954223633,1243.719970703125,,0.07,2.11,227.223,8.5
12/22/2011,1608.9000244140625,80.30599975585938,99.52999877929688,29.000999450683594,1254,,0.07,2.11,227.223,8.5
12/23/2011,1604.699951171875,80.23600006103516,99.68000030517578,29.04599952697754,1265.3299560546875,,0.07,2.11,227.223,8.5
12/27/2011,1594.199951171875,80.13500213623047,101.33999633789062,28.69700050354004,1265.4300537109375,,0.07,2.11,227.223,8.5
12/28/2011,1562.9000244140625,80.88300323486328,99.36000061035156,27.191999435424805,1249.6400146484375,,0.07,2.11,227.223,8.5
12/29/2011,1539.9000244140625,80.91100311279297,99.65000153,27.27400016784668,1263.02002,,0.07,2.11,227.223,8.5
12/30/2011,1565.800048828125,80.52200317382812,98.83000183105469,27.875,1257.5999755859375,,0.07,2.11,227.223,8.5
1/1/2012,1565.800048828125,80.52200317382812,98.83000183105469,27.875,1257.5999755859375,,0.08,2.11,227.842,8.3
1/3/2012,1599.699951171875,79.91200256347656,102.95999908447266,29.533000946044922,1277.060059,,0.08,2.11,227.842,8.3
1/4/2012,1611.9000244140625,80.42500305175781,103.22000122070312,29.062999725341797,1277.300048828125,,0.08,2.11,227.842,8.3
1/5/2012,1619.4000244140625,81.25,101.80999755859375,29.264999389648438,1281.060059,,0.08,2.11,227.842,8.3
1/6/2012,1616.0999755859375,81.59700012207031,101.55999755859375,28.652999877929688,1277.810059,,0.08,2.11,227.842,8.3
1/9/2012,1607.5,81.38800048828125,101.30999755859375,28.749000549316406,1280.699951171875,,0.08,2.11,227.842,8.3
1/10/2012,1631,81.10099792480469,102.23999786376953,29.783000946044922,1292.0799560546875,,0.08,2.11,227.842,8.3
1/11/2012,1639.199951171875,81.61399841308594,100.87000274658203,29.857999801635742,1292.47998,,0.08,2.11,227.842,8.3
1/12/2012,1647.300048828125,81.03600311279297,99.09999847,30.091999053955078,1295.5,,0.08,2.11,227.842,8.3
1/13/2012,1630.4000244140625,81.79100036621094,98.69999694824219,29.493000030517578,1289.0899658203125,,0.08,2.11,227.842,8.3
1/17/2012,1655.199951171875,81.42900085449219,100.70999908447266,30.106000900268555,1293.6700439453125,,0.08,2.11,227.842,8.3
1/18/2012,1659.5,80.8219986,100.58999633789062,30.513999938964844,1308.040039,,0.08,2.11,227.842,8.3
1/19/2012,1654.0999755859375,80.40499877929688,100.38999938964844,30.48200035095215,1314.5,,0.08,2.11,227.842,8.3
1/20/2012,1663.699951171875,80.40599822998047,98.45999908447266,31.64699935913086,1315.3800048828125,,0.08,2.11,227.842,8.3
1/23/2012,1678,79.93399810791016,99.58000183105469,32.233001708984375,1316,,0.08,2.11,227.842,8.3
1/24/2012,1664.199951171875,80.02600098,98.94999694824219,31.930999755859375,1314.6500244140625,,0.08,2.11,227.842,8.3
1/25/2012,1699.800048828125,79.71700286865234,99.40000153,33.09199905395508,1326.060059,,0.08,2.11,227.842,8.3
1/26/2012,1726.300048828125,79.51300048828125,99.69999694824219,33.70199966430664,1318.4300537109375,,0.08,2.11,227.842,8.3
1/27/2012,1731.800048828125,79.01100158691406,99.55999755859375,33.74700164794922,1316.3299560546875,,0.08,2.11,227.842,8.3
1/30/2012,1731,79.30200195,98.77999877929688,33.49700164794922,1313.010009765625,,0.08,2.11,227.842,8.3
1/31/2012,1737.800048828125,79.41699981689453,98.48000336,33.233001708984375,1312.4100341796875,,0.08,2.11,227.842,8.3
2/1/2012,1747.0999755859375,79.03299713134766,97.61000061035156,33.77799987792969,1324.0899658203125,,0.1,1.87,228.329,8.3
2/2/2012,1756.800048828125,79.11000061035156,96.36000061035156,34.15100098,1325.540039,,0.1,1.87,228.329,8.3
2/3/2012,1737.9000244140625,79.05699920654297,97.83999633789062,33.724998474121094,1344.9000244140625,,0.1,1.87,228.329,8.3
2/6/2012,1722.800048828125,79.18599700927734,96.91000366210938,33.72200012207031,1344.3299560546875,,0.1,1.87,228.329,8.3
2/7/2012,1746.4000244140625,78.67500305175781,98.41000366210938,34.165000915527344,1347.050048828125,,0.1,1.87,228.329,8.3
2/8/2012,1729.300048828125,78.73400115966797,98.70999908447266,33.67300033569336,1349.959961,,0.1,1.87,228.329,8.3
2/9/2012,1739,78.65200043,99.83999633789062,33.88399887084961,1351.949951171875,,0.1,1.87,228.329,8.3
2/10/2012,1723.300048828125,79.22599792480469,98.66999816894531,33.57600021362305,1342.6400146484375,,0.1,1.87,228.329,8.3
2/13/2012,1723,79.04499816894531,100.91000366210938,33.69599914550781,1351.77002,,0.1,1.87,228.329,8.3
2/14/2012,1715.9000244140625,79.69400024414062,100.73999786376953,33.32600021362305,1350.5,,0.1,1.87,228.329,8.3
2/15/2012,1726.300048828125,79.78299713134766,101.80000305175781,33.38600158691406,1343.22998,,0.1,1.87,228.329,8.3
2/16/2012,1726.800048828125,79.45500183105469,102.30999755859375,33.354000091552734,1358.040039,,0.1,1.87,228.329,8.3
2/17/2012,1724.5,79.45600128173828,103.23999786376953,33.20000076293945,1361.22998,,0.1,1.87,228.329,8.3
2/21/2012,1757.0999755859375,79.13600158691406,105.83999633789062,34.41299819946289,1362.209961,,0.1,1.87,228.329,8.3
2/22/2012,1770,79.3030014,106.27999877929688,34.23899841308594,1357.6600341796875,,0.1,1.87,228.329,8.3
2/23/2012,1784.9000244140625,78.88600158691406,107.83000183105469,35.54399871826172,1363.459961,,0.1,1.87,228.329,8.3
2/24/2012,1775.0999755859375,78.40100098,109.7699966430664,35.332000732421875,1365.739990234375,,0.1,1.87,228.329,8.3
2/27/2012,1773.5999755859375,78.57800293,108.55999755859375,35.51599884033203,1367.5899658203125,,0.1,1.87,228.329,8.3
2/28/2012,1787,78.30000305175781,106.55000305175781,37.13999938964844,1372.1800537109375,,0.1,1.87,228.329,8.3
2/29/2012,1709.9000244140625,78.79399871826172,107.06999969482422,34.58300018310547,1365.6800537109375,,0.1,1.87,228.329,8.3
3/1/2012,1721.0999755859375,78.83399963378906,108.83999633789062,35.611000061035156,1374.0899658203125,,0.13,2.03,228.807,8.2
3/2/2012,1708.800048828125,79.46199798583984,106.69999694824219,34.48099899291992,1369.6300048828125,,0.13,2.03,228.807,8.2
3/5/2012,1703,79.36499786376953,106.72000122070312,33.65100098,1364.3299560546875,,0.13,2.03,228.807,8.2
3/6/2012,1671.4000244140625,79.9260025,104.69999694824219,32.74100112915039,1343.3599853515625,,0.13,2.03,228.807,8.2
3/7/2012,1683.300048828125,79.76300048828125,106.16000366210938,33.542999267578125,1352.6300048828125,,0.13,2.03,228.807,8.2
3/8/2012,1698.0999755859375,79.17900085449219,106.58000183105469,33.78900146484375,1365.9100341796875,,0.13,2.03,228.807,8.2
3/9/2012,1710.9000244140625,80.08399963378906,107.4000015258789,34.17499923706055,1370.8699951171875,,0.13,2.03,228.807,8.2
3/12/2012,1699.199951171875,79.91300201416016,106.33999633789062,33.374000549316406,1371.0899658203125,,0.13,2.03,228.807,8.2
3/13/2012,1693.699951171875,80.20999908447266,106.70999908447266,33.54399871826172,1395.949951171875,,0.13,2.03,228.807,8.2
3/14/2012,1642.5,80.53600311279297,105.43000030517578,32.14699935913086,1394.280029296875,,0.13,2.03,228.807,8.2
3/15/2012,1659.0999755859375,80.13600158691406,105.11000061035156,32.69300079345703,1402.5999755859375,,0.13,2.03,228.807,8.2
3/16/2012,1655.5,79.73400115966797,107.05999755859375,32.573001861572266,1404.1700439453125,,0.13,2.03,228.807,8.2
3/19/2012,1666.9000244140625,79.71199798583984,108.08999633789062,32.92599868774414,1409.75,,0.13,2.03,228.807,8.2
3/20/2012,1646.699951171875,79.82499694824219,105.61000061035156,31.80500030517578,1405.52002,,0.13,2.03,228.807,8.2
3/21/2012,1650,79.89600372314453,107.2699966430664,32.19900131225586,1402.8900146484375,,0.13,2.03,228.807,8.2
3/22/2012,1642.300048828125,79.99800109863281,105.3499984741211,31.319000244140625,1392.780029296875,,0.13,2.03,228.807,8.2
3/23/2012,1662.300048828125,79.57599639892578,106.87000274658203,32.24800109863281,1397.1099853515625,,0.13,2.03,228.807,8.2
3/26/2012,1685.5,79.17900085449219,107.02999877929688,32.72600173950195,1416.510009765625,,0.13,2.03,228.807,8.2
3/27/2012,1684.800048828125,79.22200012207031,107.33000183105469,32.60100173950195,1412.52002,,0.13,2.03,228.807,8.2
3/28/2012,1657.9000244140625,79.29900360107422,105.41000366210938,31.81599998474121,1405.540039,,0.13,2.03,228.807,8.2
3/29/2012,1652.199951171875,79.35700225830078,102.77999877929688,31.97800064086914,1403.280029296875,,0.13,2.03,228.807,8.2
3/30/2012,1669.300048828125,79.13800048828125,103.0199966430664,32.46900177001953,1408.469970703125,,0.13,2.03,228.807,8.2
4/1/2012,1669.300048828125,79.13800048828125,103.0199966430664,32.46900177001953,1408.469970703125,,0.14,2.03,229.187,8.2
4/2/2012,1677.5,78.96299743652344,105.2300033569336,33.08300018310547,1419.040039,,0.14,2.03,229.187,8.2
4/3/2012,1670,79.64099884033203,104.01000213623047,33.25,1413.3800048828125,,0.14,2.03,229.187,8.2
4/4/2012,1612.300048828125,79.9489975,101.47000122070312,31.02899932861328,1398.959961,,0.14,2.03,229.187,8.2
4/5/2012,1628.5,80.29299926757812,103.30999755859375,31.715999603271484,1398.0799560546875,,0.14,2.03,229.187,8.2
4/9/2012,1642.5,79.91899871826172,102.45999908447266,31.51300048828125,1382.199951171875,,0.14,2.03,229.187,8.2
4/10/2012,1659.5,80.09799957,101.0199966430664,31.670000076293945,1358.5899658203125,,0.14,2.03,229.187,8.2
4/11/2012,1659,79.99299621582031,102.69999694824219,31.51099967956543,1368.709961,,0.14,2.03,229.187,8.2
4/12/2012,1679.5,79.4489975,103.63999938964844,32.51499938964844,1387.5699462890625,,0.14,2.03,229.187,8.2
4/13/2012,1659.0999755859375,80.05500030517578,102.83000183105469,31.37999916,1370.260009765625,,0.14,2.03,229.187,8.2
4/16/2012,1648.699951171875,79.73200225830078,102.93000030517578,31.36400032043457,1369.5699462890625,,0.14,2.03,229.187,8.2
4/17/2012,1650.300048828125,79.62699890136719,104.19999694824219,31.665000915527344,1390.780029296875,,0.14,2.03,229.187,8.2
4/18/2012,1638.800048828125,79.67400360107422,102.66999816894531,31.47800064086914,1385.1400146484375,,0.14,2.03,229.187,8.2
4/19/2012,1640.5999755859375,79.70700073242188,102.2699966430664,31.770999908447266,1376.9200439453125,,0.14,2.03,229.187,8.2
4/20/2012,1642.0999755859375,79.31300354003906,103.05000305175781,31.643999099731445,1378.530029296875,,0.14,2.03,229.187,8.2
4/23/2012,1631.9000244140625,79.53600311279297,103.11000061035156,30.524999618530273,1366.939941,,0.14,2.03,229.187,8.2
4/24/2012,1643,79.32599639892578,103.55000305175781,30.739999771118164,1371.969970703125,,0.14,2.03,229.187,8.2
4/25/2012,1641.4000244140625,79.11100006103516,104.12000274658203,30.35099983215332,1390.689941,,0.14,2.03,229.187,8.2
4/26/2012,1659.5999755859375,79.00099945,104.55000305175781,31.202999114990234,1399.97998,,0.14,2.03,229.187,8.2
4/27/2012,1664,78.75700378417969,104.93000030517578,31.347000122070312,1403.3599853515625,,0.14,2.03,229.187,8.2
4/30/2012,1663.4000244140625,78.84799957,104.87000274658203,30.958999633789062,1397.9100341796875,,0.14,2.03,229.187,8.2
5/1/2012,1661.699951171875,78.93499755859375,106.16000366210938,30.87700080871582,1405.8199462890625,,0.16,1.98,228.713,8.2
5/2/2012,1653.4000244140625,79.20099639892578,105.22000122070312,30.591999053955078,1402.310059,,0.16,1.98,228.713,8.2
5/3/2012,1634.199951171875,79.29299926757812,102.54000091552734,29.958999633789062,1391.5699462890625,,0.16,1.98,228.713,8.2
5/4/2012,1644.699951171875,79.58699798583984,98.48999786376953,30.37999916,1369.0999755859375,,0.16,1.98,228.713,8.2
5/7/2012,1638.5999755859375,79.71499633789062,97.94000244140625,30.07200050354004,1369.5799560546875,,0.16,1.98,228.713,8.2
5/8/2012,1604,79.84899902,97.01000213623047,29.413999557495117,1363.719970703125,,0.16,1.98,228.713,8.2
5/9/2012,1593.699951171875,80.23200225830078,96.80999755859375,29.19700050354004,1354.5799560546875,,0.16,1.98,228.713,8.2
5/10/2012,1595.0999755859375,80.25700378417969,97.08000183105469,29.13599967956543,1357.989990234375,,0.16,1.98,228.713,8.2
5/11/2012,1583.5999755859375,80.40399932861328,96.12999725341797,28.857999801635742,1353.3900146484375,,0.16,1.98,228.713,8.2
5/14/2012,1560.5999755859375,80.74800109863281,94.77999877929688,28.319000244140625,1338.3499755859375,,0.16,1.98,228.713,8.2
5/15/2012,1556.800048828125,81.37999725341797,93.98000336,28.054000854492188,1330.6600341796875,,0.16,1.98,228.713,8.2
5/16/2012,1536.199951171875,81.52400207519531,92.80999755859375,27.170000076293945,1324.800048828125,,0.16,1.98,228.713,8.2
5/17/2012,1574.5,81.54000091552734,92.55999755859375,27.996000289916992,1304.8599853515625,,0.16,1.98,228.713,8.2
5/18/2012,1591.5999755859375,81.42400360107422,91.48000336,28.694000244140625,1295.219970703125,,0.16,1.98,228.713,8.2
5/21/2012,1588.4000244140625,81.23200225830078,92.56999969482422,28.304000854492188,1315.989990234375,,0.16,1.98,228.713,8.2
5/22/2012,1576.300048828125,81.64800262451172,91.66000366210938,28.165000915527344,1316.6300048828125,,0.16,1.98,228.713,8.2
5/23/2012,1548.0999755859375,82.23500061035156,89.90000153,27.507999420166016,1318.8599853515625,,0.16,1.98,228.713,8.2
5/24/2012,1557.300048828125,82.48699951171875,90.66000366210938,28.142000198364258,1320.6800537109375,,0.16,1.98,228.713,8.2
5/25/2012,1568.800048828125,82.52300262451172,90.86000061035156,28.37000084,1317.8199462890625,,0.16,1.98,228.713,8.2
5/29/2012,1548.5999755859375,82.58100128173828,90.76000213623047,27.767000198364258,1332.4200439453125,,0.16,1.98,228.713,8.2
5/30/2012,1563.4000244140625,83.08599853515625,87.81999969482422,27.961999893188477,1313.3199462890625,,0.16,1.98,228.713,8.2
5/31/2012,1562.5999755859375,83.12899780273438,86.52999877929688,27.740999221801758,1310.3299560546875,,0.16,1.98,228.713,8.2
6/1/2012,1620.5,82.97299957,83.23000336,28.496999740600586,1278.040039,,0.16,1.47,228.524,8.2
6/4/2012,1612.199951171875,82.66100311279297,83.98000336,27.992000579833984,1278.1800537109375,,0.16,1.47,228.524,8.2
6/5/2012,1615.199951171875,82.91300201416016,84.29000091552734,28.389999389648438,1285.5,,0.16,1.47,228.524,8.2
6/6/2012,1632.800048828125,82.37899780273438,85.01999664,29.47599983215332,1315.1300048828125,,0.16,1.47,228.524,8.2
6/7/2012,1586.5999755859375,82.10600280761719,84.81999969482422,28.518999099731445,1314.989990234375,,0.16,1.47,228.524,8.2
6/8/2012,1590.0999755859375,82.56199645996094,84.09999847,28.461000442504883,1325.6600341796875,,0.16,1.47,228.524,8.2
6/11/2012,1595.5,82.54799652,82.69999694824219,28.606000900268555,1308.9300537109375,,0.16,1.47,228.524,8.2
6/12/2012,1612.699951171875,82.4489975,83.31999969482422,28.94300079345703,1324.1800537109375,,0.16,1.47,228.524,8.2
6/13/2012,1618.0999755859375,82.05699920654297,82.62000274658203,28.934999465942383,1314.8800048828125,,0.16,1.47,228.524,8.2
6/14/2012,1618.4000244140625,81.98799896240234,83.91000366210938,28.400999069213867,1329.0999755859375,,0.16,1.47,228.524,8.2
6/15/2012,1627,81.60500336,84.02999877929688,28.733999252319336,1342.8399658203125,,0.16,1.47,228.524,8.2
6/18/2012,1625.699951171875,81.85399627685547,83.26999664,28.665000915527344,1344.780029296875,,0.16,1.47,228.524,8.2
6/19/2012,1622.199951171875,81.58599853515625,84.02999877929688,28.36199951171875,1357.97998,,0.16,1.47,228.524,8.2
6/20/2012,1614.800048828125,81.73400115966797,81.80000305175781,28.382999420166016,1355.689941,,0.16,1.47,228.524,8.2
6/21/2012,1564.5,82.48799896240234,78.19999694824219,26.83300018310547,1325.510009765625,,0.16,1.47,228.524,8.2
6/22/2012,1566,82.44200134277344,79.76000213623047,26.656999588012695,1335.02002,,0.16,1.47,228.524,8.2
6/25/2012,1587.5,82.66200256347656,79.20999908447266,27.51799964904785,1313.719970703125,,0.16,1.47,228.524,8.2
6/26/2012,1574,82.53900146484375,79.36000061035156,27.03700065612793,1319.989990234375,,0.16,1.47,228.524,8.2
6/27/2012,1577.5,82.80999755859375,80.20999908447266,26.94099998474121,1331.8499755859375,,0.16,1.47,228.524,8.2
6/28/2012,1549.699951171875,83.00700378417969,77.69000244140625,26.246999740600586,1329.040039,,0.16,1.47,228.524,8.2
6/29/2012,1603.5,81.75299835205078,84.95999908447266,27.579999923706055,1362.1600341796875,,0.16,1.47,228.524,8.2
7/1/2012,1603.5,81.75299835205078,84.95999908447266,27.579999923706055,1362.1600341796875,,0.16,1.47,228.59,8.2
7/2/2012,1597.199951171875,82.00800323486328,83.75,27.468000411987305,1365.510009765625,,0.16,1.47,228.59,8.2
7/3/2012,1621.300048828125,81.87200164794922,87.66000366210938,28.243000030517578,1374.02002,,0.16,1.47,228.59,8.2
7/5/2012,1608.9000244140625,82.94200134277344,87.22000122070312,27.63800048828125,1367.5799560546875,,0.16,1.47,228.59,8.2
7/6/2012,1578.4000244140625,83.56099700927734,84.44999694824219,26.888999938964844,1354.6800537109375,,0.16,1.47,228.59,8.2
7/9/2012,1588.5999755859375,83.35099792480469,85.98999786376953,27.410999298095703,1352.459961,,0.16,1.47,228.59,8.2
7/10/2012,1579.300048828125,83.55899810791016,83.91000366210938,26.85099983215332,1341.469970703125,,0.16,1.47,228.59,8.2
7/11/2012,1575.199951171875,83.72799682617188,85.80999755859375,26.99500084,1341.449951171875,,0.16,1.47,228.59,8.2
7/12/2012,1564.9000244140625,83.80899810791016,86.08000183105469,27.13599967956543,1334.760009765625,,0.16,1.47,228.59,8.2
7/13/2012,1591.5999755859375,83.47399902,87.09999847,27.34399986,1356.780029296875,,0.16,1.47,228.59,8.2
7/16/2012,1591.199951171875,83.21800231933594,88.43000030517578,27.297000885009766,1353.6400146484375,,0.16,1.47,228.59,8.2
7/17/2012,1589.0999755859375,83.16799926757812,89.22000122070312,27.29199981689453,1363.6700439453125,,0.16,1.47,228.59,8.2
7/18/2012,1570.4000244140625,83.19599914550781,89.87000274658203,27.070999145507812,1372.780029296875,,0.16,1.47,228.59,8.2
7/19/2012,1580.0999755859375,82.98000336,92.66000366210938,27.194000244140625,1376.510009765625,,0.16,1.47,228.59,8.2
7/20/2012,1582.5,83.57299805,91.44000244140625,27.27899932861328,1362.6600341796875,,0.16,1.47,228.59,8.2
7/23/2012,1577.0999755859375,83.81500244140625,88.13999938964844,27.018999099731445,1350.52002,,0.16,1.47,228.59,8.2
7/24/2012,1576,84.14499664,88.5,26.790000915527344,1338.310059,,0.16,1.47,228.59,8.2
7/25/2012,1608,83.64099884033203,88.97000122070312,27.44499969482422,1337.8900146484375,,0.16,1.47,228.59,8.2
7/26/2012,1615,82.85900115966797,89.38999938964844,27.430999755859375,1360.02002,,0.16,1.47,228.59,8.2
7/27/2012,1617.9000244140625,82.76499938964844,90.12999725341797,27.47800064086914,1385.969970703125,,0.16,1.47,228.59,8.2
7/30/2012,1619.699951171875,82.86799621582031,89.77999877929688,28.013999938964844,1385.300048828125,,0.16,1.47,228.59,8.2
7/31/2012,1610.5,82.70999908447266,88.05999755859375,27.895000457763672,1379.3199462890625,,0.16,1.47,228.59,8.2
8/1/2012,1603.699951171875,83.1780014,88.91000366210938,27.517000198364258,1375.3199462890625,,0.13,1.56,229.918,8.1
8/2/2012,1587.4000244140625,83.45099639892578,87.12999725341797,26.981000900268555,1365,,0.13,1.56,229.918,8.1
8/3/2012,1606,82.44599914550781,91.40000153,27.790000915527344,1390.989990234375,,0.13,1.56,229.918,8.1
8/6/2012,1612.9000244140625,82.30400085449219,92.19999694824219,27.851999282836914,1394.22998,,0.13,1.56,229.918,8.1
8/7/2012,1609.699951171875,82.25,93.66999816894531,28.075000762939453,1401.3499755859375,,0.13,1.56,229.918,8.1
8/8/2012,1612.9000244140625,82.43900299072266,93.34999847,28.066999435424805,1402.219970703125,,0.13,1.56,229.918,8.1
8/9/2012,1617.0999755859375,82.70999908447266,93.36000061035156,28.09000015258789,1402.800048828125,,0.13,1.56,229.918,8.1
8/10/2012,1619.699951171875,82.63099670410156,92.87000274658203,28.05500030517578,1405.8699951171875,,0.13,1.56,229.918,8.1
8/13/2012,1609.5999755859375,82.48600006103516,92.73000336,27.760000228881836,1404.1099853515625,,0.13,1.56,229.918,8.1
8/14/2012,1599.4000244140625,82.52700043,93.43000030517578,27.756000518798828,1403.9300537109375,,0.13,1.56,229.918,8.1
8/15/2012,1603.699951171875,82.71099853515625,94.33000183105469,27.80500030517578,1405.530029296875,,0.13,1.56,229.918,8.1
8/16/2012,1616.0999755859375,82.41699981689453,95.59999847,28.204999923706055,1415.510009765625,,0.13,1.56,229.918,8.1
8/17/2012,1616.300048828125,82.66300201416016,96.01000213623047,27.99500084,1418.1600341796875,,0.13,1.56,229.918,8.1
8/20/2012,1620.0999755859375,82.5,95.97000122070312,28.586000442504883,1418.1300048828125,,0.13,1.56,229.918,8.1
8/21/2012,1639.9000244140625,81.91999816894531,96.68000030517578,29.42099952697754,1413.1700439453125,,0.13,1.56,229.918,8.1
8/22/2012,1637.4000244140625,81.49700164794922,97.26000213623047,29.548999786376953,1413.489990234375,,0.13,1.56,229.918,8.1
8/23/2012,1669.5999755859375,81.35900115966797,96.26999664,30.44700050354004,1402.0799560546875,,0.13,1.56,229.918,8.1
8/24/2012,1669.800048828125,81.60299682617188,96.15000153,30.606000900268555,1411.1300048828125,,0.13,1.56,229.918,8.1
8/27/2012,1672.4000244140625,81.69100189208984,95.47000122070312,31.038999557495117,1410.439941,,0.13,1.56,229.918,8.1
8/28/2012,1666.5,81.38099670410156,96.33000183105469,30.868999481201172,1409.300048828125,,0.13,1.56,229.918,8.1
8/29/2012,1659.800048828125,81.56400299072266,95.48999786376953,30.83099937438965,1410.489990234375,,0.13,1.56,229.918,8.1
8/30/2012,1653.5,81.71299743652344,94.62000274658203,30.367000579833984,1399.47998,,0.13,1.56,229.918,8.1
8/31/2012,1684.5999755859375,81.21600341796875,96.47000122070312,31.37000084,1406.5799560546875,,0.13,1.56,229.918,8.1
9/1/2012,1684.5999755859375,81.21600341796875,96.47000122070312,31.37000084,1406.5799560546875,,0.14,1.56,231.015,7.8
9/4/2012,1692.9000244140625,81.31600189208984,95.30000305175781,32.347999572753906,1404.939941,,0.14,1.56,231.015,7.8
9/5/2012,1690.800048828125,81.23500061035156,95.36000061035156,32.27199935913086,1403.439941,,0.14,1.56,231.015,7.8
9/6/2012,1702.5999755859375,81.03299713134766,95.52999877929688,32.61899948120117,1432.1199951171875,,0.14,1.56,231.015,7.8
9/7/2012,1737.5,80.23400115966797,96.41999816894531,33.632999420166016,1437.9200439453125,,0.14,1.56,231.015,7.8
9/10/2012,1728.699951171875,80.34300231933594,96.54000091552734,33.57400131225586,1429.0799560546875,,0.14,1.56,231.015,7.8
9/11/2012,1731.800048828125,79.83599853515625,97.16999816894531,33.50899887084961,1433.560059,,0.14,1.56,231.015,7.8
9/12/2012,1730.5999755859375,79.72299957,97.01000213623047,33.233001708984375,1436.560059,,0.14,1.56,231.015,7.8
9/13/2012,1769.0999755859375,79.23699951171875,98.30999755859375,34.715999603271484,1459.989990234375,,0.14,1.56,231.015,7.8
9/14/2012,1769.800048828125,78.84100341796875,99,34.60300064086914,1465.77002,,0.14,1.56,231.015,7.8
9/17/2012,1767.699951171875,78.84300231933594,96.62000274658203,34.29800033569336,1461.189941,,0.14,1.56,231.015,7.8
9/18/2012,1768.4000244140625,79.34600067138672,95.29000091552734,34.64400100708008,1459.3199462890625,,0.14,1.56,231.015,7.8
9/19/2012,1769,79.12699890136719,91.98000336,34.51900100708008,1461.050048828125,,0.14,1.56,231.015,7.8
9/20/2012,1767.699951171875,79.47799682617188,91.87000274658203,34.61800003051758,1460.260009765625,,0.14,1.56,231.015,7.8
9/21/2012,1775.5,79.39800262451172,92.88999938964844,34.56700134277344,1460.1500244140625,,0.14,1.56,231.015,7.8
9/24/2012,1762.0999755859375,79.57700348,91.93000030517578,33.92100143432617,1456.8900146484375,,0.14,1.56,231.015,7.8
9/25/2012,1763.800048828125,79.60800170898438,91.37000274658203,33.88600158691406,1441.5899658203125,,0.14,1.56,231.015,7.8
9/26/2012,1750.5999755859375,79.94799805,89.98000336,33.882999420166016,1433.3199462890625,,0.14,1.56,231.015,7.8
9/27/2012,1777.5999755859375,79.59200286865234,91.84999847,34.595001220703125,1447.1500244140625,,0.14,1.56,231.015,7.8
9/28/2012,1771.0999755859375,80.02500153,92.19000244140625,34.516998291015625,1440.6700439453125,,0.14,1.56,231.015,7.8
10/1/2012,1780.5,79.90899658203125,92.48000336,34.88100051879883,1444.489990234375,,0.16,1.64,231.638,7.8
10/2/2012,1772.699951171875,79.83000183105469,91.88999938964844,34.604000091552734,1445.75,,0.16,1.64,231.638,7.8
10/3/2012,1777.300048828125,80.06400299072266,88.13999938964844,34.63100051879883,1450.989990234375,,0.16,1.64,231.638,7.8
10/4/2012,1794.0999755859375,79.44000244140625,91.70999908447266,35.04100036621094,1461.4000244140625,,0.16,1.64,231.638,7.8
10/5/2012,1778.5999755859375,79.4280014,89.87999725341797,34.51599884033203,1460.9300537109375,,0.16,1.64,231.638,7.8
10/8/2012,1773.5,79.62200164794922,89.33000183105469,33.981998443603516,1455.8800048828125,,0.16,1.64,231.638,7.8
10/9/2012,1763,80.06900024414062,92.38999938964844,33.95100021362305,1441.47998,,0.16,1.64,231.638,7.8
10/10/2012,1763.199951171875,80.01699829101562,91.25,34.073001861572266,1432.560059,,0.16,1.64,231.638,7.8
10/11/2012,1768.800048828125,79.86000061035156,92.06999969482422,34.04600143432617,1432.8399658203125,,0.16,1.64,231.638,7.8
10/12/2012,1758,79.73999786376953,91.86000061035156,33.632999420166016,1428.5899658203125,,0.16,1.64,231.638,7.8
10/15/2012,1736,79.80599975585938,91.84999847,32.707000732421875,1440.1300048828125,,0.16,1.64,231.638,7.8
10/16/2012,1744.699951171875,79.46399688720703,92.08999633789062,32.922000885009766,1454.9200439453125,,0.16,1.64,231.638,7.8
10/17/2012,1751.5,79.05899810791016,92.12000274658203,33.196998596191406,1460.9100341796875,,0.16,1.64,231.638,7.8
10/18/2012,1743.300048828125,79.42500305175781,92.09999847,32.83800125,1457.3399658203125,,0.16,1.64,231.638,7.8
10/19/2012,1722.800048828125,79.68800354003906,90.05000305175781,32.073001861572266,1433.189941,,0.16,1.64,231.638,7.8
10/22/2012,1725.0999755859375,79.73600006103516,88.73000336,32.22700119018555,1433.8199462890625,,0.16,1.64,231.638,7.8
10/23/2012,1708.300048828125,80.08000183105469,86.66999816894531,31.76799964904785,1413.1099853515625,,0.16,1.64,231.638,7.8
10/24/2012,1700.5,80.01499938964844,85.73000336,31.594999313354492,1408.75,,0.16,1.64,231.638,7.8
10/25/2012,1712,80.11799621582031,86.05000305175781,32.04899978637695,1412.969970703125,,0.16,1.64,231.638,7.8
10/26/2012,1710.9000244140625,80.15599822998047,86.27999877929688,32.01100158691406,1411.939941,,0.16,1.64,231.638,7.8
10/31/2012,1717.5,79.98699951171875,86.23999786376953,32.28799819946289,1412.1600341796875,,0.16,1.64,231.638,7.8
11/1/2012,1714.0999755859375,80.13600158691406,87.08999633789062,32.22600173950195,1427.5899658203125,,0.16,1.75,231.249,7.7
11/2/2012,1674.0999755859375,80.68299865722656,84.86000061035156,30.834999084472656,1414.199951171875,,0.16,1.75,231.249,7.7
11/5/2012,1682.199951171875,80.84300231933594,85.65000153,31.113000869750977,1417.260009765625,,0.16,1.75,231.249,7.7
11/6/2012,1714.0999755859375,80.71499633789062,88.70999908447266,32.01900100708008,1428.3900146484375,,0.16,1.75,231.249,7.7
11/7/2012,1713.199951171875,80.86699676513672,84.44000244140625,31.650999069213867,1394.530029296875,,0.16,1.75,231.249,7.7
11/8/2012,1725.4000244140625,80.88600158691406,85.08999633789062,32.23099899291992,1377.510009765625,,0.16,1.75,231.249,7.7
11/9/2012,1730.300048828125,81.09799957,86.06999969482422,32.59000015258789,1379.8499755859375,,0.16,1.75,231.249,7.7
11/12/2012,1730.300048828125,81.10600280761719,85.56999969482422,32.51300048828125,1380.030029296875,,0.16,1.75,231.249,7.7
11/13/2012,1724.199951171875,81.13999938964844,85.37999725341797,32.47800064086914,1374.530029296875,,0.16,1.75,231.249,7.7
11/14/2012,1729.5,81.09999847,86.31999969482422,32.87099838256836,1355.489990234375,,0.16,1.75,231.249,7.7
11/15/2012,1713.300048828125,81.13800048828125,85.44999694824219,32.665000915527344,1353.3299560546875,,0.16,1.75,231.249,7.7
11/16/2012,1714.300048828125,81.30999755859375,86.66999816894531,32.361000061035156,1359.8800048828125,,0.16,1.75,231.249,7.7
11/19/2012,1734,80.92199707,89.27999877929688,33.180999755859375,1386.8900146484375,,0.16,1.75,231.249,7.7
11/20/2012,1723.199951171875,81,86.75,32.92300033569336,1387.810059,,0.16,1.75,231.249,7.7
11/21/2012,1727.9000244140625,80.96600341796875,87.37999725341797,33.34400177001953,1391.030029296875,,0.16,1.75,231.249,7.7
11/23/2012,1751.300048828125,80.23600006103516,88.27999877929688,34.111000061035156,1409.1500244140625,,0.16,1.75,231.249,7.7
11/26/2012,1749.5,80.26599884033203,87.73999786376953,34.13800048828125,1406.290039,,0.16,1.75,231.249,7.7
11/27/2012,1742.199951171875,80.43000030517578,87.18000030517578,33.981998443603516,1398.939941,,0.16,1.75,231.249,7.7
11/28/2012,1716.5,80.35399627685547,86.48999786376953,33.680999755859375,1409.9300537109375,,0.16,1.75,231.249,7.7
11/29/2012,1727.199951171875,80.20899963378906,88.06999969482422,34.347999572753906,1415.949951171875,,0.16,1.75,231.249,7.7
11/30/2012,1710.9000244140625,80.16300201416016,88.91000366210938,33.20399856567383,1416.1800537109375,,0.16,1.75,231.249,7.7
12/1/2012,1710.9000244140625,80.16300201416016,88.91000366210938,33.20399856567383,1416.1800537109375,,0.16,1.75,231.221,7.9
12/3/2012,1719.5999755859375,79.87200164794922,89.08999633789062,33.680999755859375,1409.459961,,0.16,1.75,231.221,7.9
12/4/2012,1694.4000244140625,79.63400268554688,88.5,32.73400115966797,1407.050048828125,,0.16,1.75,231.221,7.9
12/5/2012,1692.4000244140625,79.76399993896484,87.87999725341797,32.882999420166016,1409.280029296875,,0.16,1.75,231.221,7.9
12/6/2012,1700.300048828125,80.25299835205078,86.26000213623047,33.03900146484375,1413.939941,,0.16,1.75,231.221,7.9
12/7/2012,1704,80.40200043,85.93000030517578,33.053001403808594,1418.0699462890625,,0.16,1.75,231.221,7.9
12/10/2012,1713,80.33000183105469,85.55999755859375,33.29999923706055,1418.550048828125,,0.16,1.75,231.221,7.9
12/11/2012,1708.199951171875,80.05400085449219,85.79000091552734,32.941001892089844,1427.8399658203125,,0.16,1.75,231.221,7.9
12/12/2012,1716.5999755859375,79.80999755859375,86.76999664,33.707000732421875,1428.47998,,0.16,1.75,231.221,7.9
12/13/2012,1695.5999755859375,79.91300201416016,85.88999938964844,32.279998779296875,1419.449951171875,,0.16,1.75,231.221,7.9
12/14/2012,1695.800048828125,79.55999755859375,86.73000336,32.222999572753906,1413.5799560546875,,0.16,1.75,231.221,7.9
12/17/2012,1697,79.51300048828125,87.19999694824219,32.20600128173828,1430.3599853515625,,0.16,1.75,231.221,7.9
12/18/2012,1669.5,79.38700103759766,87.93000030517578,31.594999313354492,1446.790039,,0.16,1.75,231.221,7.9
12/19/2012,1666.5,79.31300354003906,89.51000213623047,31.045000076293945,1435.810059,,0.16,1.75,231.221,7.9
12/20/2012,1644.9000244140625,79.30999755859375,90.12999725341797,29.61199951171875,1443.689941,,0.16,1.75,231.221,7.9
12/21/2012,1659.0999755859375,79.71199798583984,88.66000366210938,30.142000198364258,1430.1500244140625,,0.16,1.75,231.221,7.9
12/24/2012,1658.5999755859375,79.74500274658203,88.61000061035156,29.839000701904297,1426.6600341796875,,0.16,1.75,231.221,7.9
12/26/2012,1659.800048828125,79.70400238,90.98000336,29.982999801635742,1419.8299560546875,,0.16,1.75,231.221,7.9
12/27/2012,1662.5999755859375,79.71900177001953,90.87000274658203,30.18400001525879,1418.0999755859375,,0.16,1.75,231.221,7.9
12/28/2012,1654.9000244140625,79.78500366210938,90.80000305175781,29.920000076293945,1402.4300537109375,,0.16,1.75,231.221,7.9
12/31/2012,1674.800048828125,79.87100219726562,91.81999969482422,30.17300033569336,1426.189941,,0.16,1.75,231.221,7.9
1/1/2013,1674.800048828125,79.87100219726562,91.81999969482422,30.17300033569336,1426.189941,,0.14,1.75,231.679,8
1/2/2013,1687.9000244140625,79.94799805,93.12000274658203,30.95199966430664,1462.4200439453125,,0.14,1.75,231.679,8
1/3/2013,1673.699951171875,80.51499938964844,92.91999816894531,30.67099952697754,1459.3699951171875,,0.14,1.75,231.679,8
1/4/2013,1648.0999755859375,80.61000061035156,93.08999633789062,29.895999908447266,1466.469970703125,,0.14,1.75,231.679,8
1/7/2013,1645.5,80.36900329589844,93.19000244140625,30.031999588012695,1461.8900146484375,,0.14,1.75,231.679,8
1/8/2013,1661.5,80.44499969482422,93.15000153,30.415000915527344,1457.1500244140625,,0.14,1.75,231.679,8
1/9/2013,1654.800048828125,80.67700195,93.09999847,30.201000213623047,1461.02002,,0.14,1.75,231.679,8
1/10/2013,1677.300048828125,79.81700134277344,93.81999969482422,30.875,1472.1199951171875,,0.14,1.75,231.679,8
1/11/2013,1660,79.61100006103516,93.55999755859375,30.367000579833984,1472.050048828125,,0.14,1.75,231.679,8
1/14/2013,1668.9000244140625,79.54000091552734,94.13999938964844,31.079999923706055,1470.6800537109375,,0.14,1.75,231.679,8
1/15/2013,1683.4000244140625,79.83200073242188,93.27999877929688,31.49799919128418,1472.3399658203125,,0.14,1.75,231.679,8
1/16/2013,1682.699951171875,79.85399627685547,94.23999786376953,31.513999938964844,1472.6300048828125,,0.14,1.75,231.679,8
1/17/2013,1690.4000244140625,79.71099853515625,95.48999786376953,31.785999298095703,1480.939941,,0.14,1.75,231.679,8
1/18/2013,1686.5999755859375,80.11599731445312,95.55999755859375,31.902000427246094,1485.97998,,0.14,1.75,231.679,8
1/22/2013,1692.800048828125,79.97299957,96.23999786376953,32.14699935913086,1492.560059,,0.14,1.75,231.679,8
1/23/2013,1686.300048828125,79.98999786376953,95.23000336,32.409000396728516,1494.810059,,0.14,1.75,231.679,8
1/24/2013,1669.5,80.00700378417969,95.94999694824219,31.69499969482422,1494.8199462890625,,0.14,1.75,231.679,8
1/25/2013,1656.4000244140625,79.81999969482422,95.87999725341797,31.18000030517578,1502.959961,,0.14,1.75,231.679,8
1/28/2013,1652.4000244140625,79.86799621582031,96.44000244140625,30.756000518798828,1500.1800537109375,,0.14,1.75,231.679,8
1/29/2013,1660.699951171875,79.62400055,97.56999969482422,31.159000396728516,1507.8399658203125,,0.14,1.75,231.679,8
1/30/2013,1679.9000244140625,79.32599639892578,97.94000244140625,32.152000427246094,1501.959961,,0.14,1.75,231.679,8
1/31/2013,1660.5999755859375,79.22599792480469,97.48999786376953,31.334999084472656,1498.1099853515625,,0.14,1.75,231.679,8
2/1/2013,1669.4000244140625,79.13500213623047,97.76999664,31.941999435424805,1513.1700439453125,,0.15,2.04,232.937,7.7
2/4/2013,1675.300048828125,79.57299805,96.16999816894531,31.700000762939453,1495.709961,,0.15,2.04,232.937,7.7
2/5/2013,1672.4000244140625,79.53299713134766,96.63999938964844,31.858999252319336,1511.290039,,0.15,2.04,232.937,7.7
2/6/2013,1677.699951171875,79.76699829101562,96.62000274658203,31.861000061035156,1512.1199951171875,,0.15,2.04,232.937,7.7
2/7/2013,1670.4000244140625,80.25700378417969,95.83000183105469,31.386999130249023,1509.3900146484375,,0.15,2.04,232.937,7.7
2/8/2013,1666,80.31600189208984,95.72000122070312,31.424999237060547,1517.9300537109375,,0.15,2.04,232.937,7.7
2/11/2013,1648.199951171875,80.38899993896484,97.02999877929688,30.895000457763672,1517.010009765625,,0.15,2.04,232.937,7.7
2/12/2013,1648.699951171875,80.16300201416016,97.51000213623047,31.003999710083008,1519.4300537109375,,0.15,2.04,232.937,7.7
2/13/2013,1644.199951171875,80.16699981689453,97.01000213623047,30.854000091552734,1520.3299560546875,,0.15,2.04,232.937,7.7
2/14/2013,1634.699951171875,80.53800201416016,97.30999755859375,30.343000411987305,1521.3800048828125,,0.15,2.04,232.937,7.7
2/15/2013,1608.800048828125,80.57599639892578,95.86000061035156,29.839000701904297,1519.790039,,0.15,2.04,232.937,7.7
2/19/2013,1603.5999755859375,80.54499816894531,96.66000366210938,29.413000106811523,1530.939941,,0.15,2.04,232.937,7.7
2/20/2013,1577.5999755859375,81.15499877929688,94.45999908447266,28.614999771118164,1511.949951171875,,0.15,2.04,232.937,7.7
2/21/2013,1578.199951171875,81.5510025,92.83999633789062,28.69499969482422,1502.4200439453125,,0.15,2.04,232.937,7.7
2/22/2013,1572.4000244140625,81.58499908447266,93.12999725341797,28.45599937438965,1515.5999755859375,,0.15,2.04,232.937,7.7
2/25/2013,1586.199951171875,81.77700043,93.11000061035156,28.982999801635742,1487.8499755859375,,0.15,2.04,232.937,7.7
2/26/2013,1615.199951171875,81.94000244140625,92.62999725341797,29.256000518798828,1496.939941,,0.15,2.04,232.937,7.7
2/27/2013,1595.199951171875,81.67199707,92.76000213623047,28.94300079345703,1515.989990234375,,0.15,2.04,232.937,7.7
2/28/2013,1577.699951171875,82.00299835205078,92.05000305175781,28.395000457763672,1514.6800537109375,,0.15,2.04,232.937,7.7
3/1/2013,1571.9000244140625,82.35800170898438,90.68000030517578,28.451000213623047,1518.199951171875,,0.14,1.86,232.282,7.5
3/4/2013,1572.0999755859375,82.25499725341797,90.12000274658203,28.457000732421875,1525.199951171875,,0.14,1.86,232.282,7.5
3/5/2013,1574.5999755859375,82.14700317382812,90.81999969482422,28.562999725341797,1539.790039,,0.14,1.86,232.282,7.5
3/6/2013,1574.5999755859375,82.50700378417969,90.43000030517578,28.760000228881836,1541.459961,,0.14,1.86,232.282,7.5
3/7/2013,1574.800048828125,82.12300109863281,91.55999755859375,28.767000198364258,1544.260009765625,,0.14,1.86,232.282,7.5
3/8/2013,1576.5999755859375,82.73100280761719,91.94999694824219,28.909000396728516,1551.1800537109375,,0.14,1.86,232.282,7.5
3/11/2013,1577.800048828125,82.58000183105469,92.05999755859375,28.812000274658203,1556.219970703125,,0.14,1.86,232.282,7.5
3/12/2013,1591.5,82.59500122070312,92.54000091552734,29.131000518798828,1552.47998,,0.14,1.86,232.282,7.5
3/13/2013,1588.300048828125,82.90200043,92.51999664,28.922000885009766,1554.52002,,0.14,1.86,232.282,7.5
3/14/2013,1590.5999755859375,82.62300109863281,93.02999877929688,28.77199935913086,1563.22998,,0.14,1.86,232.282,7.5
3/15/2013,1592.5,82.25599670410156,93.44999694824219,28.816999435424805,1560.699951171875,,0.14,1.86,232.282,7.5
3/18/2013,1604.5999755859375,82.5739975,93.73999786376953,28.840999603271484,1552.0999755859375,,0.14,1.86,232.282,7.5
3/19/2013,1611.300048828125,83.21099853515625,92.16000366210938,28.809999465942383,1548.3399658203125,,0.14,1.86,232.282,7.5
3/20/2013,1607.5,82.94799805,92.95999908447266,28.783000946044922,1558.709961,,0.14,1.86,232.282,7.5
3/21/2013,1613.800048828125,82.90499877929688,92.44999694824219,29.179000854492188,1545.800048828125,,0.14,1.86,232.282,7.5
3/22/2013,1606.199951171875,82.52899932861328,93.70999908447266,28.666000366210938,1556.8900146484375,,0.14,1.86,232.282,7.5
3/25/2013,1604.5999755859375,82.99500274658203,94.80999755859375,28.78499984741211,1551.689941,,0.14,1.86,232.282,7.5
3/26/2013,1595.800048828125,83.04799652,96.33999633789062,28.643999099731445,1563.77002,,0.14,1.86,232.282,7.5
3/27/2013,1606.199951171875,83.41100311279297,96.58000183105469,28.57699966430664,1562.8499755859375,,0.14,1.86,232.282,7.5
3/28/2013,1594.800048828125,83.17500305175781,97.23000336,28.29199981689453,1569.189941,,0.14,1.86,232.282,7.5
4/1/2013,1600,82.89900207519531,97.06999969482422,27.913000106811523,1562.1700439453125,,0.15,1.86,231.797,7.6
4/2/2013,1575.0999755859375,83.09200286865234,97.19000244140625,27.216999053955078,1570.25,,0.15,1.86,231.797,7.6
4/3/2013,1552.800048828125,82.86100006103516,94.44999694824219,26.773000717163086,1553.689941,,0.15,1.86,231.797,7.6
4/4/2013,1551.800048828125,82.79499816894531,93.26000213623047,26.74799919128418,1559.97998,,0.15,1.86,231.797,7.6
4/5/2013,1575.4000244140625,82.60299682617188,92.69999694824219,27.201000213623047,1553.280029296875,,0.15,1.86,231.797,7.6
4/8/2013,1572,82.86900329589844,93.36000061035156,27.12000084,1563.0699462890625,,0.15,1.86,231.797,7.6
4/9/2013,1586.199951171875,82.41400146484375,94.19999694824219,27.865999221801758,1568.6099853515625,,0.15,1.86,231.797,7.6
4/10/2013,1558.300048828125,82.63400268554688,94.63999938964844,27.638999938964844,1587.72998,,0.15,1.86,231.797,7.6
4/11/2013,1564.300048828125,82.32499694824219,93.51000213623047,27.684999465942383,1593.3699951171875,,0.15,1.86,231.797,7.6
4/12/2013,1501,82.40599822998047,91.29000091552734,26.32200050354004,1588.8499755859375,,0.15,1.86,231.797,7.6
4/15/2013,1360.5999755859375,82.50700378417969,88.70999908447266,23.354999542236328,1552.3599853515625,,0.15,1.86,231.797,7.6
4/16/2013,1386.800048828125,81.82299805,88.72000122070312,23.621999740600586,1574.5699462890625,,0.15,1.86,231.797,7.6
4/17/2013,1382.199951171875,82.79100036621094,86.68000030517578,23.301000595092773,1552.010009765625,,0.15,1.86,231.797,7.6
4/18/2013,1392,82.68099975585938,87.73000336,23.23900032043457,1541.6099853515625,,0.15,1.86,231.797,7.6
4/19/2013,1395.300048828125,82.84600067138672,88.01000213623047,22.954999923706055,1555.25,,0.15,1.86,231.797,7.6
4/22/2013,1421,82.8239975,88.76000213623047,23.31999969482422,1562.5,,0.15,1.86,231.797,7.6
4/23/2013,1408.5999755859375,83.18599700927734,89.18000030517578,22.812999725341797,1578.780029296875,,0.15,1.86,231.797,7.6
4/24/2013,1423.4000244140625,83.02600098,91.43000030517578,22.82900047302246,1578.790039,,0.15,1.86,231.797,7.6
4/25/2013,1461.800048828125,82.83999633789062,93.63999938964844,24.139999389648438,1585.1600341796875,,0.15,1.86,231.797,7.6
4/26/2013,1453.5999755859375,82.57099914550781,93,23.757999420166016,1582.239990234375,,0.15,1.86,231.797,7.6
4/29/2013,1467.4000244140625,82.20200348,94.5,24.121999740600586,1593.6099853515625,,0.15,1.86,231.797,7.6
4/30/2013,1472.199951171875,81.80699920654297,93.45999908447266,24.143999099731445,1597.5699462890625,,0.15,1.86,231.797,7.6
5/1/2013,1446.300048828125,81.52200317382812,91.02999877929688,23.30500030517578,1582.699951171875,,0.11,1.66,231.893,7.5
5/2/2013,1467.699951171875,82.28199768066406,93.98999786376953,23.790000915527344,1597.5899658203125,,0.11,1.66,231.893,7.5
5/3/2013,1464.300048828125,82.19499969482422,95.61000061035156,23.975000381469727,1614.4200439453125,,0.11,1.66,231.893,7.5
5/6/2013,1468.0999755859375,82.37799835205078,96.16000366210938,23.917999267578125,1617.5,,0.11,1.66,231.893,7.5
5/7/2013,1449,82.33499908447266,95.62000274658203,23.770999908447266,1625.959961,,0.11,1.66,231.893,7.5
5/8/2013,1473.9000244140625,81.95099639892578,96.62000274658203,23.892000198364258,1632.689941,,0.11,1.66,231.893,7.5
5/9/2013,1468.800048828125,82.875,96.38999938964844,23.878999710083008,1626.6700439453125,,0.11,1.66,231.893,7.5
5/10/2013,1436.800048828125,83.23100280761719,96.04000091552734,23.631999969482422,1633.699951171875,,0.11,1.66,231.893,7.5
5/13/2013,1434.5,83.36499786376953,95.16999816894531,23.670000076293945,1633.77002,,0.11,1.66,231.893,7.5
5/14/2013,1424.699951171875,83.71299743652344,94.20999908447266,23.354999542236328,1650.3399658203125,,0.11,1.66,231.893,7.5
5/15/2013,1396.5,83.96099853515625,94.30000305175781,22.64299964904785,1658.780029296875,,0.11,1.66,231.893,7.5
5/16/2013,1387.0999755859375,83.72200012207031,95.16000366210938,22.64299964904785,1650.469970703125,,0.11,1.66,231.893,7.5
5/17/2013,1364.9000244140625,84.38700103759766,96.01999664,22.339000701904297,1667.469970703125,,0.11,1.66,231.893,7.5
5/20/2013,1384.300048828125,83.84200286865234,96.70999908447266,22.56800079345703,1666.290039,,0.11,1.66,231.893,7.5
5/21/2013,1377.800048828125,83.95500183105469,96.16000366210938,22.441999435424805,1669.1600341796875,,0.11,1.66,231.893,7.5
5/22/2013,1367.5999755859375,84.45899963378906,94.27999877929688,22.45800018310547,1655.3499755859375,,0.11,1.66,231.893,7.5
5/23/2013,1392,83.8030014,94.25,22.493999481201172,1650.510009765625,,0.11,1.66,231.893,7.5
5/24/2013,1386.800048828125,83.75800323486328,94.15000153,22.48200035095215,1649.5999755859375,,0.11,1.66,231.893,7.5
5/28/2013,1379.0999755859375,84.17199707,95.01000213623047,22.18000030517578,1660.060059,,0.11,1.66,231.893,7.5
5/29/2013,1391.300048828125,83.70500183105469,93.12999725341797,22.44499969482422,1648.3599853515625,,0.11,1.66,231.893,7.5
5/30/2013,1411.5,83.06700134277344,93.61000061035156,22.673999786376953,1654.4100341796875,,0.11,1.66,231.893,7.5
5/31/2013,1392.5999755859375,83.40100098,91.97000122070312,22.22800064086914,1630.739990234375,,0.11,1.66,231.893,7.5
6/1/2013,1392.5999755859375,83.40100098,91.97000122070312,22.22800064086914,1630.739990234375,,0.09,1.66,232.445,7.5
6/3/2013,1411.699951171875,82.68800354003906,93.44999694824219,22.71500015258789,1640.4200439453125,,0.09,1.66,232.445,7.5
6/4/2013,1397.0999755859375,82.80200195,93.30999755859375,22.399999618530273,1631.3800048828125,,0.09,1.66,232.445,7.5
6/5/2013,1398.4000244140625,82.61199951171875,93.73999786376953,22.46500015258789,1608.9000244140625,,0.09,1.66,232.445,7.5
6/6/2013,1415.699951171875,81.53700256347656,94.76000213623047,22.701000213623047,1622.560059,,0.09,1.66,232.445,7.5
6/7/2013,1383,81.66000366210938,96.02999877929688,21.73699951171875,1643.3800048828125,,0.09,1.66,232.445,7.5
6/10/2013,1386.199951171875,81.65100098,95.76999664,21.92099952697754,1642.810059,,0.09,1.66,232.445,7.5
6/11/2013,1377,81.11000061035156,95.37999725341797,21.645000457763672,1626.1300048828125,,0.09,1.66,232.445,7.5
6/12/2013,1391.800048828125,80.94599914550781,95.87999725341797,21.79599952697754,1612.52002,,0.09,1.66,232.445,7.5
6/13/2013,1377.5999755859375,80.74199676513672,96.69000244140625,21.582000732421875,1636.3599853515625,,0.09,1.66,232.445,7.5
6/14/2013,1387.300048828125,80.65000153,97.84999847,21.952999114990234,1626.72998,,0.09,1.66,232.445,7.5
6/17/2013,1382.800048828125,80.73300170898438,97.76999664,21.756999969482422,1639.040039,,0.09,1.66,232.445,7.5
6/18/2013,1366.5999755859375,80.74900055,98.44000244140625,21.676000595092773,1651.810059,,0.09,1.66,232.445,7.5
6/19/2013,1373.5999755859375,81.59500122070312,98.23999786376953,21.621999740600586,1628.9300537109375,,0.09,1.66,232.445,7.5
6/20/2013,1285.9000244140625,82.09600067138672,95.40000153,19.82200050354004,1588.189941,,0.09,1.66,232.445,7.5
6/21/2013,1291.5999755859375,82.51699829101562,93.69000244140625,19.95800018310547,1592.4300537109375,,0.09,1.66,232.445,7.5
6/24/2013,1276.800048828125,82.63300323486328,95.18000030517578,19.493000030517578,1573.0899658203125,,0.09,1.66,232.445,7.5
6/25/2013,1274.800048828125,82.80000305175781,95.31999969482422,19.525999069213867,1588.030029296875,,0.09,1.66,232.445,7.5
6/26/2013,1229.5999755859375,83.22799682617188,95.5,18.586999893188477,1603.260009765625,,0.09,1.66,232.445,7.5
6/27/2013,1211.4000244140625,83.15200043,97.05000305175781,18.533000946044922,1613.199951171875,,0.09,1.66,232.445,7.5
6/28/2013,1223.800048828125,83.37599945,96.55999755859375,19.451000213623047,1606.280029296875,,0.09,1.66,232.445,7.5
7/1/2013,1255.9000244140625,83.25299835205078,97.98999786376953,19.559999465942383,1614.959961,,0.09,2.5,232.9,7.3
7/2/2013,1243.5999755859375,83.76399993896484,99.59999847,19.29800033569336,1614.0799560546875,,0.09,2.5,232.9,7.3
7/3/2013,1252.0999755859375,83.45099639892578,101.23999786376953,19.68899917602539,1615.4100341796875,,0.09,2.5,232.9,7.3
7/5/2013,1212.9000244140625,84.68900299072266,103.22000122070312,18.72599983215332,1631.8900146484375,,0.09,2.5,232.9,7.3
7/8/2013,1234.9000244140625,84.41400146484375,103.13999938964844,19.024999618530273,1640.459961,,0.09,2.5,232.9,7.3
7/9/2013,1245.9000244140625,84.78099822998047,103.52999877929688,19.125,1652.3199462890625,,0.09,2.5,232.9,7.3
7/10/2013,1247.4000244140625,84.23400115966797,106.5199966430664,19.150999069213867,1652.6199951171875,,0.09,2.5,232.9,7.3
7/11/2013,1280.0999755859375,82.91500091552734,104.91000366210938,19.94300079345703,1675.02002,,0.09,2.5,232.9,7.3
7/12/2013,1277.800048828125,83.16300201416016,105.94999694824219,19.77899932861328,1680.189941,,0.09,2.5,232.9,7.3
7/15/2013,1283.800048828125,83.19599914550781,106.31999969482422,19.826000213623047,1682.5,,0.09,2.5,232.9,7.3
7/16/2013,1290.800048828125,82.63700103759766,106,19.92300033569336,1676.260009765625,,0.09,2.5,232.9,7.3
7/17/2013,1277.9000244140625,82.83999633789062,106.4800033569336,19.409000396728516,1680.9100341796875,,0.09,2.5,232.9,7.3
7/18/2013,1284.5999755859375,82.95500183105469,108.04000091552734,19.375999450683594,1689.3699951171875,,0.09,2.5,232.9,7.3
7/19/2013,1293.300048828125,82.71099853515625,108.05000305175781,19.447999954223633,1692.0899658203125,,0.09,2.5,232.9,7.3
7/22/2013,1336.4000244140625,82.31700134277344,106.91000366210938,20.49799919128418,1695.530029296875,,0.09,2.5,232.9,7.3
7/23/2013,1335.0999755859375,82.04000091552734,107.2300033569336,20.246000289916992,1692.3900146484375,,0.09,2.5,232.9,7.3
7/24/2013,1319.699951171875,82.40000153,105.38999938964844,20.013999938964844,1685.939941,,0.09,2.5,232.9,7.3
7/25/2013,1329,82.0530014,105.48999786376953,20.14699935913086,1690.25,,0.09,2.5,232.9,7.3
7/26/2013,1321.699951171875,81.76399993896484,104.69999694824219,19.764999389648438,1691.6500244140625,,0.09,2.5,232.9,7.3
7/29/2013,1328.4000244140625,81.76300048828125,104.55000305175781,19.854000091552734,1685.3299560546875,,0.09,2.5,232.9,7.3
7/30/2013,1324,81.91899871826172,103.08000183105469,19.666000366210938,1685.959961,,0.09,2.5,232.9,7.3
7/31/2013,1312.4000244140625,81.53900146484375,105.02999877929688,19.617000579833984,1685.72998,,0.09,2.5,232.9,7.3
8/1/2013,1311,82.42700195,107.88999938964844,19.614999771118164,1706.8699951171875,,0.08,2.74,233.456,7.2
8/2/2013,1310.5999755859375,81.97799682617188,106.94000244140625,19.902999877929688,1709.6700439453125,,0.08,2.74,233.456,7.2
8/5/2013,1302.5999755859375,81.93599700927734,106.55999755859375,19.711000442504883,1707.1400146484375,,0.08,2.74,233.456,7.2
8/6/2013,1283.199951171875,81.65799713134766,105.30000305175781,19.514999389648438,1697.3699951171875,,0.08,2.74,233.456,7.2
8/7/2013,1286.0999755859375,81.32299805,104.37000274658203,19.49799919128418,1690.9100341796875,,0.08,2.74,233.456,7.2
8/8/2013,1310.699951171875,81.02700043,103.4000015258789,20.18400001525879,1697.47998,,0.08,2.74,233.456,7.2
8/9/2013,1312.9000244140625,81.16999816894531,105.97000122070312,20.39900016784668,1691.4200439453125,,0.08,2.74,233.456,7.2
8/12/2013,1334.699951171875,81.37400055,106.11000061035156,21.332000732421875,1689.469970703125,,0.08,2.74,233.456,7.2
8/13/2013,1321.199951171875,81.81500244140625,106.83000183105469,21.336000442504883,1694.1600341796875,,0.08,2.74,233.456,7.2
8/14/2013,1334,81.75800323486328,106.8499984741211,21.78100014,1685.3900146484375,,0.08,2.74,233.456,7.2
8/15/2013,1361.5999755859375,81.20700073242188,107.33000183105469,22.929000854492188,1661.3199462890625,,0.08,2.74,233.456,7.2
8/16/2013,1371.699951171875,81.29299926757812,107.45999908447266,23.316999435424805,1655.8299560546875,,0.08,2.74,233.456,7.2
8/19/2013,1366.199951171875,81.26000213623047,107.0999984741211,23.160999298095703,1646.060059,,0.08,2.74,233.456,7.2
8/20/2013,1373.0999755859375,80.93399810791016,104.97000122070312,23.06599998474121,1652.3499755859375,,0.08,2.74,233.456,7.2
8/21/2013,1370.5999755859375,81.22299957,103.8499984741211,22.95800018310547,1642.800048828125,,0.08,2.74,233.456,7.2
8/22/2013,1371.199951171875,81.53099822998047,105.02999877929688,23.030000686645508,1656.959961,,0.08,2.74,233.456,7.2
8/23/2013,1395.699951171875,81.39199829101562,106.41999816894531,23.732999801635742,1663.5,,0.08,2.74,233.456,7.2
8/26/2013,1393,81.44100189208984,105.91999816894531,24.007999420166016,1656.780029296875,,0.08,2.74,233.456,7.2
8/27/2013,1420.5999755859375,81.19999694824219,109.01000213623047,24.64900016784668,1630.47998,,0.08,2.74,233.456,7.2
8/28/2013,1419,81.46499633789062,110.0999984741211,24.388999938964844,1634.959961,,0.08,2.74,233.456,7.2
8/29/2013,1412.9000244140625,82.00299835205078,108.80000305175781,24.09000015258789,1638.1700439453125,,0.08,2.74,233.456,7.2
8/30/2013,1396.0999755859375,82.14199829101562,107.6500015258789,23.46299934387207,1632.969970703125,,0.08,2.74,233.456,7.2
9/1/2013,1396.0999755859375,82.14199829101562,107.6500015258789,23.46299934387207,1632.969970703125,,0.08,2.74,233.544,7.2
9/3/2013,1412,82.40100098,108.54000091552734,24.381999969482422,1639.77002,,0.08,2.74,233.544,7.2
9/4/2013,1389.9000244140625,82.20500183105469,107.2300033569336,23.368999481201172,1653.0799560546875,,0.08,2.74,233.544,7.2
9/5/2013,1373.0999755859375,82.66799926757812,108.37000274658203,23.20599937438965,1655.0799560546875,,0.08,2.74,233.544,7.2
9/6/2013,1386.699951171875,82.16699981689453,110.52999877929688,23.841999053955078,1655.1700439453125,,0.08,2.74,233.544,7.2
9/9/2013,1386.800048828125,81.79599762,109.5199966430664,23.667999267578125,1671.709961,,0.08,2.74,233.544,7.2
9/10/2013,1364.0999755859375,81.81900024414062,107.38999938964844,22.965999603271484,1683.989990234375,,0.08,2.74,233.544,7.2
9/11/2013,1363.9000244140625,81.52200317382812,107.55999755859375,23.121000289916992,1689.1300048828125,,0.08,2.74,233.544,7.2
9/12/2013,1330.4000244140625,81.49099731445312,108.5999984741211,22.099000930786133,1683.4200439453125,,0.08,2.74,233.544,7.2
9/13/2013,1308.4000244140625,81.44799805,108.20999908447266,21.670000076293945,1687.989990234375,,0.08,2.74,233.544,7.2
9/16/2013,1317.9000244140625,81.0719986,106.58999633789062,21.96299934387207,1697.5999755859375,,0.08,2.74,233.544,7.2
9/17/2013,1309.5,81.29499816894531,105.41999816894531,21.735000610351562,1704.760009765625,,0.08,2.74,233.544,7.2
9/18/2013,1307.800048828125,80.36699676513672,108.06999969482422,21.513999938964844,1725.52002,,0.08,2.74,233.544,7.2
9/19/2013,1369.4000244140625,80.48000336,106.38999938964844,23.242000579833984,1722.3399658203125,,0.08,2.74,233.544,7.2
9/20/2013,1332.5,80.54900360107422,104.68000030517578,21.875999450683594,1709.9100341796875,,0.08,2.74,233.544,7.2
9/23/2013,1326.9000244140625,80.57099914550781,103.58999633789062,21.80500030517578,1701.8399658203125,,0.08,2.74,233.544,7.2
9/24/2013,1316,80.69000244140625,103.12999725341797,21.538999557495117,1697.4200439453125,,0.08,2.74,233.544,7.2
9/25/2013,1335.9000244140625,80.44300079345703,102.66000366210938,21.83799934387207,1692.77002,,0.08,2.74,233.544,7.2
9/26/2013,1323.5999755859375,80.63800048828125,103.02999877929688,21.719999313354492,1698.6700439453125,,0.08,2.74,233.544,7.2
9/27/2013,1338.4000244140625,80.37699890136719,102.87000274658203,21.783000946044922,1691.75,,0.08,2.74,233.544,7.2
9/30/2013,1326.5,80.32299805,102.33000183105469,21.65600014,1681.550048828125,,0.08,2.74,233.544,7.2
10/1/2013,1286,80.25,102.04000091552734,21.124000549316406,1695,,0.09,2.66,233.669,7.2
10/2/2013,1320.5999755859375,79.98899841308594,104.0999984741211,21.84600067138672,1693.8699951171875,,0.09,2.66,233.669,7.2
10/3/2013,1317.4000244140625,79.84600067138672,103.30999755859375,21.73900032043457,1678.6600341796875,,0.09,2.66,233.669,7.2
10/4/2013,1309.699951171875,80.22000122070312,103.83999633789062,21.704999923706055,1690.5,,0.09,2.66,233.669,7.2
10/7/2013,1324.800048828125,80.02600098,103.02999877929688,22.339000701904297,1676.1199951171875,,0.09,2.66,233.669,7.2
10/8/2013,1324.199951171875,80.13200378417969,103.48999786376953,22.39699935913086,1655.449951171875,,0.09,2.66,233.669,7.2
10/9/2013,1306.9000244140625,80.46600341796875,101.61000061035156,21.84600067138672,1656.4000244140625,,0.09,2.66,233.669,7.2
10/10/2013,1296.5999755859375,80.51699829101562,103.01000213623047,21.850000381469727,1692.560059,,0.09,2.66,233.669,7.2
10/11/2013,1268,80.45200348,102.0199966430664,21.21500015258789,1703.199951171875,,0.09,2.66,233.669,7.2
10/14/2013,1276.4000244140625,80.31099700927734,102.41000366210938,21.309999465942383,1710.1400146484375,,0.09,2.66,233.669,7.2
10/15/2013,1273,80.56099700927734,101.20999908447266,21.145999908447266,1698.060059,,0.09,2.66,233.669,7.2
10/16/2013,1282,80.56300354003906,102.29000091552734,21.31999969482422,1721.540039,,0.09,2.66,233.669,7.2
10/17/2013,1322.699951171875,79.71800231933594,100.66999816894531,21.902999877929688,1733.1500244140625,,0.09,2.66,233.669,7.2
10/18/2013,1314.4000244140625,79.72699737548828,100.80999755859375,21.868999481201172,1744.5,,0.09,2.66,233.669,7.2
10/21/2013,1315.699951171875,79.75099945,99.22000122070312,22.232999801635742,1744.6600341796875,,0.09,2.66,233.669,7.2
10/22/2013,1342.5,79.29000091552734,97.80000305175781,22.753999710083008,1754.6700439453125,,0.09,2.66,233.669,7.2
10/23/2013,1333.9000244140625,79.32900238,96.86000061035156,22.582000732421875,1746.3800048828125,,0.09,2.66,233.669,7.2
10/24/2013,1350.199951171875,79.24500274658203,97.11000061035156,22.785999298095703,1752.0699462890625,,0.09,2.66,233.669,7.2
10/25/2013,1352.4000244140625,79.24600219726562,97.84999847,22.60300064086914,1759.77002,,0.09,2.66,233.669,7.2
10/28/2013,1352,79.30599975585938,98.68000030517578,22.49799919128418,1762.1099853515625,,0.09,2.66,233.669,7.2
10/29/2013,1345.199951171875,79.66999816894531,98.19999694824219,22.45199966430664,1771.949951171875,,0.09,2.66,233.669,7.2
10/30/2013,1349,79.83699798583984,96.76999664,22.945999145507812,1763.310059,,0.09,2.66,233.669,7.2
10/31/2013,1323.5999755859375,80.26300048828125,96.37999725341797,21.832000732421875,1756.540039,,0.09,2.66,233.669,7.2
11/1/2013,1313.0999755859375,80.80999755859375,94.61000061035156,21.804000854492188,1761.6400146484375,,0.08,2.65,234.1,6.9
11/4/2013,1314.5999755859375,80.63999938964844,94.62000274658203,21.67799949645996,1767.9300537109375,,0.08,2.65,234.1,6.9
11/5/2013,1308,80.78700256347656,93.37000274658203,21.61400032043457,1762.969970703125,,0.08,2.65,234.1,6.9
11/6/2013,1317.699951171875,80.55899810791016,94.80000305175781,21.746000289916992,1770.489990234375,,0.08,2.65,234.1,6.9
11/7/2013,1308.4000244140625,80.85399627685547,94.19999694824219,21.638999938964844,1747.1500244140625,,0.08,2.65,234.1,6.9
11/8/2013,1284.5,81.38700103759766,94.59999847,21.30699920654297,1770.6099853515625,,0.08,2.65,234.1,6.9
11/11/2013,1281,81.19999694824219,95.13999938964844,21.27199935913086,1771.8900146484375,,0.08,2.65,234.1,6.9
11/12/2013,1271.0999755859375,81.25199890136719,93.04000091552734,20.76799964904785,1767.689941,,0.08,2.65,234.1,6.9
11/13/2013,1268.300048828125,80.98300170898438,93.87999725341797,20.43199920654297,1782,,0.08,2.65,234.1,6.9
11/14/2013,1286.199951171875,81.08599853515625,93.76000213623047,20.711999893188477,1790.6199951171875,,0.08,2.65,234.1,6.9
11/15/2013,1287.300048828125,80.89800262451172,93.83999633789062,20.716999053955078,1798.1800537109375,,0.08,2.65,234.1,6.9
11/18/2013,1272.199951171875,80.82599639892578,93.02999877929688,20.349000930786133,1791.530029296875,,0.08,2.65,234.1,6.9
11/19/2013,1273.4000244140625,80.74400329589844,93.33999633789062,20.326000213623047,1787.8699951171875,,0.08,2.65,234.1,6.9
11/20/2013,1257.9000244140625,81.17199707,93.33000183105469,20.049999237060547,1781.3699951171875,,0.08,2.65,234.1,6.9
11/21/2013,1243.5,81.11699676513672,95.44000244140625,19.92799949645996,1795.8499755859375,,0.08,2.65,234.1,6.9
11/22/2013,1244,80.74199676513672,94.83999633789062,19.856000900268555,1804.760009765625,,0.08,2.65,234.1,6.9
11/25/2013,1241.0999755859375,80.96299743652344,94.08999633789062,19.87999916,1802.47998,,0.08,2.65,234.1,6.9
11/26/2013,1241.4000244140625,80.63800048828125,93.68000030517578,19.84600067138672,1802.75,,0.08,2.65,234.1,6.9
11/27/2013,1237.800048828125,80.74700164794922,92.30000305175781,19.632999420166016,1807.22998,,0.08,2.65,234.1,6.9
11/29/2013,1250.5999755859375,80.65699768066406,92.72000122070312,19.981000900268555,1805.810059,,0.08,2.65,234.1,6.9
12/1/2013,1250.5999755859375,80.65699768066406,92.72000122070312,19.981000900268555,1805.810059,,0.09,2.65,234.719,6.7
12/2/2013,1222.300048828125,80.94200134277344,93.81999969482422,19.232999801635742,1800.9000244140625,,0.09,2.65,234.719,6.7
12/3/2013,1221.699951171875,80.61799621582031,96.04000091552734,19.01099967956543,1795.1500244140625,,0.09,2.65,234.719,6.7
12/4/2013,1248.199951171875,80.62799835205078,97.19999694824219,19.77400016784668,1792.810059,,0.09,2.65,234.719,6.7
12/5/2013,1233.199951171875,80.24099731445312,97.37999725341797,19.513999938964844,1785.030029296875,,0.09,2.65,234.719,6.7
12/6/2013,1230.300048828125,80.31500244140625,97.65000153,19.46500015258789,1805.0899658203125,,0.09,2.65,234.719,6.7
12/9/2013,1235.300048828125,80.13999938964844,97.33999633789062,19.643999099731445,1808.3699951171875,,0.09,2.65,234.719,6.7
12/10/2013,1262.4000244140625,79.96399688720703,98.51000213623047,20.256000518798828,1802.6199951171875,,0.09,2.65,234.719,6.7
12/11/2013,1258.5,79.88999938964844,97.44000244140625,20.29800033569336,1782.219970703125,,0.09,2.65,234.719,6.7
12/12/2013,1226,80.20800018310547,97.5,19.402000427246094,1775.5,,0.09,2.65,234.719,6.7
12/13/2013,1235.699951171875,80.22000122070312,96.59999847,19.55900001525879,1775.3199462890625,,0.09,2.65,234.719,6.7
12/16/2013,1245.5,80.04499816894531,97.48000336,20.048999786376953,1786.540039,,0.09,2.65,234.719,6.7
12/17/2013,1231.199951171875,80.21399688720703,97.22000122070312,19.79199981689453,1781,,0.09,2.65,234.719,6.7
12/18/2013,1236.0999755859375,80.24800109863281,97.80000305175781,20.013999938964844,1810.6500244140625,,0.09,2.65,234.719,6.7
12/19/2013,1195,80.78800201416016,98.76999664,19.14299964904785,1809.5999755859375,,0.09,2.65,234.719,6.7
12/20/2013,1205.0999755859375,80.75,99.31999969482422,19.417999267578125,1818.3199462890625,,0.09,2.65,234.719,6.7
12/23/2013,1198.4000244140625,80.61699676513672,98.91000366210938,19.378000259399414,1827.989990234375,,0.09,2.65,234.719,6.7
12/24/2013,1205.0999755859375,80.67400360107422,99.22000122070312,19.452999114990234,1833.3199462890625,,0.09,2.65,234.719,6.7
12/26/2013,1214.0999755859375,80.65299987792969,99.55000305175781,19.885000228881836,1842.02002,,0.09,2.65,234.719,6.7
12/27/2013,1216.0999755859375,80.53800201416016,100.31999969482422,20.01300048828125,1841.4000244140625,,0.09,2.65,234.719,6.7
12/30/2013,1203.0999755859375,80.12200164794922,99.29000091552734,19.58099937438965,1841.0699462890625,,0.09,2.65,234.719,6.7
12/31/2013,1201.9000244140625,80.18900299072266,98.41999816894531,19.339000701904297,1848.3599853515625,,0.09,2.65,234.719,6.7
1/1/2014,1201.9000244140625,80.18900299072266,98.41999816894531,19.339000701904297,1848.3599853515625,,0.07,2.65,235.288,6.6
1/2/2014,1225,80.78800201416016,95.44000244140625,20.097999572753906,1831.97998,,0.07,2.65,235.288,6.6
1/3/2014,1238.4000244140625,80.95500183105469,93.95999908447266,20.18199920654297,1831.3699951171875,,0.07,2.65,235.288,6.6
1/6/2014,1237.800048828125,80.80599975585938,93.43000030517578,20.07699966430664,1826.77002,,0.07,2.65,235.288,6.6
1/7/2014,1229.4000244140625,80.98000336,93.66999816894531,19.764999389648438,1837.8800048828125,,0.07,2.65,235.288,6.6
1/8/2014,1225.300048828125,81.16200256347656,92.33000183105469,19.51799964904785,1837.489990234375,,0.07,2.65,235.288,6.6
1/9/2014,1229.300048828125,81.13500213623047,91.66000366210938,19.663000106811523,1838.1300048828125,,0.07,2.65,235.288,6.6
1/10/2014,1246.699951171875,80.75399780273438,92.72000122070312,20.201000213623047,1842.3699951171875,,0.07,2.65,235.288,6.6
1/13/2014,1250.9000244140625,80.61100006103516,91.80000305175781,20.361000061035156,1819.199951171875,,0.07,2.65,235.288,6.6
1/14/2014,1245.199951171875,80.75599670410156,92.58999633789062,20.250999450683594,1838.8800048828125,,0.07,2.65,235.288,6.6
1/15/2014,1238.0999755859375,81.14399719238281,94.16999816894531,20.10300064086914,1848.3800048828125,,0.07,2.65,235.288,6.6
1/16/2014,1240,81.02100372314453,93.95999908447266,20.024999618530273,1845.8900146484375,,0.07,2.65,235.288,6.6
1/17/2014,1251.699951171875,81.36199951171875,94.37000274658203,20.267000198364258,1838.699951171875,,0.07,2.65,235.288,6.6
1/21/2014,1242.300048828125,81.22599792480469,94.98999786376953,19.83799934387207,1843.800048828125,,0.07,2.65,235.288,6.6
1/22/2014,1239,81.30500030517578,96.73000336,19.80900001525879,1844.8599853515625,,0.07,2.65,235.288,6.6
1/23/2014,1262.5999755859375,80.52500153,97.31999969482422,19.986000061035156,1828.459961,,0.07,2.65,235.288,6.6
1/24/2014,1264.5,80.54100036621094,96.63999938964844,19.743000030517578,1790.290039,,0.07,2.65,235.288,6.6
1/27/2014,1263.5999755859375,80.61199951171875,95.72000122070312,19.770999908447266,1781.560059,,0.07,2.65,235.288,6.6
1/28/2014,1251,80.65699768066406,97.41000366210938,19.482999801635742,1792.5,,0.07,2.65,235.288,6.6
1/29/2014,1262.199951171875,80.58100128173828,97.36000061035156,19.533000946044922,1774.199951171875,,0.07,2.65,235.288,6.6
1/30/2014,1242.199951171875,81.19300079345703,98.23000336,19.111000061035156,1794.189941,,0.07,2.65,235.288,6.6
1/31/2014,1240.0999755859375,81.40299987792969,97.48999786376953,19.104999542236328,1782.5899658203125,,0.07,2.65,235.288,6.6
2/1/2014,1240.0999755859375,81.40299987792969,97.48999786376953,19.104999542236328,1782.5899658203125,,0.07,2.65,235.547,6.7
2/3/2014,1260.4000244140625,81.11000061035156,96.43000030517578,19.388999938964844,1741.8900146484375,,0.07,2.65,235.547,6.7
2/4/2014,1251.699951171875,81.22399902,97.19000244140625,19.402000427246094,1755.199951171875,,0.07,2.65,235.547,6.7
2/5/2014,1257.300048828125,81.12899780273438,97.37999725341797,19.78499984741211,1751.6400146484375,,0.07,2.65,235.547,6.7
2/6/2014,1257.5999755859375,81.00199890136719,97.83999633789062,19.908000946044922,1773.4300537109375,,0.07,2.65,235.547,6.7
2/7/2014,1263.300048828125,80.75800323486328,99.87999725341797,19.920000076293945,1797.02002,,0.07,2.65,235.547,6.7
2/10/2014,1274.800048828125,80.72699737548828,100.05999755859375,20.099000930786133,1799.8399658203125,,0.07,2.65,235.547,6.7
2/11/2014,1290.0999755859375,80.70400238,99.94000244140625,20.14299964904785,1819.75,,0.07,2.65,235.547,6.7
2/12/2014,1295.300048828125,80.74099731445312,100.37000274658203,20.33099937438965,1819.260009765625,,0.07,2.65,235.547,6.7
2/13/2014,1300.4000244140625,80.37799835205078,100.3499984741211,20.385000228881836,1829.8299560546875,,0.07,2.65,235.547,6.7
2/14/2014,1319,80.17900085449219,100.30000305175781,21.410999298095703,1838.6300048828125,,0.07,2.65,235.547,6.7
2/18/2014,1324.699951171875,80.04599762,102.43000030517578,21.891000747680664,1840.760009765625,,0.07,2.65,235.547,6.7
2/19/2014,1320.5999755859375,80.18599700927734,103.30999755859375,21.84399986,1828.75,,0.07,2.65,235.547,6.7
2/20/2014,1317.0999755859375,80.31600189208984,102.91999816894531,21.67799949645996,1839.780029296875,,0.07,2.65,235.547,6.7
2/21/2014,1323.9000244140625,80.26999664,102.19999694824219,21.777000427246094,1836.25,,0.07,2.65,235.547,6.7
2/24/2014,1338.300048828125,80.22499847,102.81999969482422,22.047000885009766,1847.6099853515625,,0.07,2.65,235.547,6.7
2/25/2014,1343,80.16500091552734,101.83000183105469,21.959999084472656,1845.1199951171875,,0.07,2.65,235.547,6.7
2/26/2014,1328.199951171875,80.46299743652344,102.58999633789062,21.253999710083008,1845.1600341796875,,0.07,2.65,235.547,6.7
2/27/2014,1331.5999755859375,80.30599975585938,102.4000015258789,21.31399917602539,1854.290039,,0.07,2.65,235.547,6.7
2/28/2014,1321.4000244140625,79.72000122070312,102.58999633789062,21.20400047302246,1859.449951171875,,0.07,2.65,235.547,6.7
3/1/2014,1321.4000244140625,79.72000122070312,102.58999633789062,21.20400047302246,1859.449951171875,,0.08,2.65,236.028,6.7
3/3/2014,1350.0999755859375,80.08999633789062,104.91999816894531,21.447999954223633,1845.72998,,0.08,2.65,236.028,6.7
3/4/2014,1337.800048828125,80.18299865722656,103.33000183105469,21.187999725341797,1873.9100341796875,,0.08,2.65,236.028,6.7
3/5/2014,1340.199951171875,80.11699676513672,101.44999694824219,21.23900032043457,1873.810059,,0.08,2.65,236.028,6.7
3/6/2014,1351.699951171875,79.66500091552734,101.55999755859375,21.54199981689453,1877.030029296875,,0.08,2.65,236.028,6.7
3/7/2014,1338.0999755859375,79.72200012207031,102.58000183105469,20.89699935913086,1878.040039,,0.08,2.65,236.028,6.7
3/10/2014,1341.4000244140625,79.76899719238281,101.12000274658203,20.878999710083008,1877.1700439453125,,0.08,2.65,236.028,6.7
3/11/2014,1346.5,79.73500061035156,100.02999877929688,20.784000396728516,1867.6300048828125,,0.08,2.65,236.028,6.7
3/12/2014,1370.300048828125,79.61199951171875,97.98999786376953,21.327999114990234,1868.199951171875,,0.08,2.65,236.028,6.7
3/13/2014,1372.199951171875,79.62599945,98.19999694824219,21.16900062561035,1846.3399658203125,,0.08,2.65,236.028,6.7
3/14/2014,1379,79.43800354003906,98.88999938964844,21.384000778198242,1841.1300048828125,,0.08,2.65,236.028,6.7
3/17/2014,1372.9000244140625,79.31099700927734,98.08000183105469,21.249000549316406,1858.8299560546875,,0.08,2.65,236.028,6.7
3/18/2014,1359,79.54399871826172,99.69999694824219,20.836000442504883,1872.25,,0.08,2.65,236.028,6.7
3/19/2014,1341.4000244140625,80.13300323486328,100.37000274658203,20.799999237060547,1860.77002,,0.08,2.65,236.028,6.7
3/20/2014,1330.5,80.35299682617188,99.43000030517578,20.40399932861328,1872.010009765625,,0.08,2.65,236.028,6.7
3/21/2014,1336,80.26100158691406,99.45999908447266,20.285999298095703,1866.52002,,0.08,2.65,236.028,6.7
3/24/2014,1311.199951171875,80.07900238,99.59999847,20.042999267578125,1857.439941,,0.08,2.65,236.028,6.7
3/25/2014,1311.4000244140625,80.08799743652344,99.19000244140625,19.954999923706055,1865.6199951171875,,0.08,2.65,236.028,6.7
3/26/2014,1303.4000244140625,80.16899871826172,100.26000213623047,19.759000778198242,1852.560059,,0.08,2.65,236.028,6.7
3/27/2014,1294.699951171875,80.25199890136719,101.27999877929688,19.690000534057617,1849.040039,,0.08,2.65,236.028,6.7
3/28/2014,1293.800048828125,80.33499908447266,101.66999816894531,19.77199935913086,1857.6199951171875,,0.08,2.65,236.028,6.7
3/31/2014,1283.4000244140625,80.25399780273438,101.58000183105469,19.733999252319336,1872.3399658203125,,0.08,2.65,236.028,6.7
4/1/2014,1279.5999755859375,80.24900055,99.73999786376953,19.66900062561035,1885.52002,,0.09,2.77,236.468,6.2
4/2/2014,1290.5,80.37200164794922,99.62000274658203,20.03100014,1890.9000244140625,,0.09,2.77,236.468,6.2
4/3/2014,1284.4000244140625,80.63999938964844,100.29000091552734,19.785999298095703,1888.77002,,0.09,2.77,236.468,6.2
4/4/2014,1303.199951171875,80.57099914550781,101.13999938964844,19.927000045776367,1865.0899658203125,,0.09,2.77,236.468,6.2
4/7/2014,1298,80.35500336,100.44000244140625,19.891000747680664,1845.040039,,0.09,2.77,236.468,6.2
4/8/2014,1308.699951171875,79.83499908447266,102.55999755859375,20.04199981689453,1851.959961,,0.09,2.77,236.468,6.2
4/9/2014,1305.5,79.5530014,103.5999984741211,19.75499916,1872.1800537109375,,0.09,2.77,236.468,6.2
4/10/2014,1320.0999755859375,79.44999694824219,103.4000015258789,20.077999114990234,1833.0799560546875,,0.09,2.77,236.468,6.2
4/11/2014,1318.699951171875,79.52300262451172,103.73999786376953,19.933000564575195,1815.689941,,0.09,2.77,236.468,6.2
4/14/2014,1327.199951171875,79.80500030517578,104.05000305175781,19.999000549316406,1830.6099853515625,,0.09,2.77,236.468,6.2
4/15/2014,1300,79.88800048828125,103.75,19.47800064086914,1842.97998,,0.09,2.77,236.468,6.2
4/16/2014,1303.0999755859375,79.88300323486328,103.76000213623047,19.62299919128418,1862.310059,,0.09,2.77,236.468,6.2
4/17/2014,1293.4000244140625,79.90299987792969,104.30000305175781,19.586000442504883,1864.8499755859375,,0.09,2.77,236.468,6.2
4/21/2014,1288,80.02999877929688,104.37000274658203,19.340999603271484,1871.8900146484375,,0.09,2.77,236.468,6.2
4/22/2014,1280.5999755859375,79.99500274658203,102.12999725341797,19.35099983215332,1879.550048828125,,0.09,2.77,236.468,6.2
4/23/2014,1284.199951171875,79.93499755859375,101.44000244140625,19.43000030517578,1875.3900146484375,,0.09,2.77,236.468,6.2
4/24/2014,1290.5,79.87699890136719,101.94000244140625,19.68199920654297,1878.6099853515625,,0.09,2.77,236.468,6.2
4/25/2014,1300.699951171875,79.81800079345703,100.5999984741211,19.684999465942383,1863.4000244140625,,0.09,2.77,236.468,6.2
4/28/2014,1298.9000244140625,79.76200103759766,100.83999633789062,19.584999084472656,1869.4300537109375,,0.09,2.77,236.468,6.2
4/29/2014,1296,79.88099670410156,101.27999877929688,19.488000869750977,1878.3299560546875,,0.09,2.77,236.468,6.2
4/30/2014,1295.5999755859375,79.53199768066406,99.73999786376953,19.118999481201172,1883.949951171875,,0.09,2.77,236.468,6.2
5/1/2014,1283.0999755859375,79.57900238,99.41999816894531,18.98900032043457,1883.6800537109375,,0.09,2.63,236.918,6.3
5/2/2014,1302.5999755859375,79.56300354003906,99.76000213623047,19.492000579833984,1881.1400146484375,,0.09,2.63,236.918,6.3
5/5/2014,1309,79.52999877929688,99.48000336,19.520000457763672,1884.6600341796875,,0.09,2.63,236.918,6.3
5/6/2014,1308.300048828125,79.12599945,99.5,19.597999572753906,1867.719970703125,,0.09,2.63,236.918,6.3
5/7/2014,1288.5999755859375,79.24299621582031,100.7699966430664,19.29800033569336,1878.209961,,0.09,2.63,236.918,6.3
5/8/2014,1287.4000244140625,79.40200043,100.26000213623047,19.09399986,1875.6300048828125,,0.09,2.63,236.918,6.3
5/9/2014,1287.300048828125,79.96099853515625,99.98999786376953,19.07699966430664,1878.47998,,0.09,2.63,236.918,6.3
5/12/2014,1295.5999755859375,79.96499633789062,100.58999633789062,19.5,1896.6500244140625,,0.09,2.63,236.918,6.3
5/13/2014,1294.5999755859375,80.21299743652344,101.69999694824219,19.503999710083008,1897.449951171875,,0.09,2.63,236.918,6.3
5/14/2014,1305.699951171875,80.13500213623047,102.37000274658203,19.735000610351562,1888.530029296875,,0.09,2.63,236.918,6.3
5/15/2014,1293.5,80.06400299072266,101.5,19.44700050354004,1870.8499755859375,,0.09,2.63,236.918,6.3
5/16/2014,1293.300048828125,80.10700225830078,102.0199966430664,19.29199981689453,1877.8599853515625,,0.09,2.63,236.918,6.3
5/19/2014,1293.699951171875,80.04799652,102.61000061035156,19.32200050354004,1885.0799560546875,,0.09,2.63,236.918,6.3
5/20/2014,1294.5,80.09300231933594,102.44000244140625,19.367000579833984,1872.8299560546875,,0.09,2.63,236.918,6.3
5/21/2014,1288,80.15000153,104.06999969482422,19.30699920654297,1888.030029296875,,0.09,2.63,236.918,6.3
5/22/2014,1294.9000244140625,80.30500030517578,103.73999786376953,19.489999771118164,1892.489990234375,,0.09,2.63,236.918,6.3
5/23/2014,1291.5999755859375,80.44999694824219,104.3499984741211,19.38800048828125,1900.530029296875,,0.09,2.63,236.918,6.3
5/27/2014,1265.4000244140625,80.40499877929688,104.11000061035156,19.038999557495117,1911.9100341796875,,0.09,2.63,236.918,6.3
5/28/2014,1259.300048828125,80.62000274658203,102.72000122070312,19.03499984741211,1909.780029296875,,0.09,2.63,236.918,6.3
5/29/2014,1256.300048828125,80.54000091552734,103.58000183105469,18.982999801635742,1920.030029296875,,0.09,2.63,236.918,6.3
5/30/2014,1245.5999755859375,80.40399932861328,102.70999908447266,18.652999877929688,1923.5699462890625,,0.09,2.63,236.918,6.3
6/1/2014,1245.5999755859375,80.40399932861328,102.70999908447266,18.652999877929688,1923.5699462890625,,0.1,2.63,237.231,6.1
6/2/2014,1243.699951171875,80.69000244140625,102.47000122070312,18.708999633789062,1924.969970703125,,0.1,2.63,237.231,6.1
6/3/2014,1244.300048828125,80.59300231933594,102.66000366210938,18.73200035095215,1924.239990234375,,0.1,2.63,237.231,6.1
6/4/2014,1244,80.70600128173828,102.63999938964844,18.766000747680664,1927.8800048828125,,0.1,2.63,237.231,6.1
6/5/2014,1253,80.40299987792969,102.4800033569336,19.05500030517578,1940.459961,,0.1,2.63,237.231,6.1
6/6/2014,1252.0999755859375,80.42700195,102.66000366210938,18.96299934387207,1949.439941,,0.1,2.63,237.231,6.1
6/9/2014,1253.5,80.68199920654297,104.41000366210938,19.045000076293945,1951.27002,,0.1,2.63,237.231,6.1
6/10/2014,1259.800048828125,80.84600067138672,104.3499984741211,19.14699935913086,1950.790039,,0.1,2.63,237.231,6.1
6/11/2014,1260.800048828125,80.80899810791016,104.4000015258789,19.15399932861328,1943.8900146484375,,0.1,2.63,237.231,6.1
6/12/2014,1273.5999755859375,80.58999633789062,106.52999877929688,19.514999389648438,1930.1099853515625,,0.1,2.63,237.231,6.1
6/13/2014,1273.699951171875,80.65599822998047,106.91000366210938,19.636999130249023,1936.1600341796875,,0.1,2.63,237.231,6.1
6/16/2014,1274.9000244140625,80.46800231933594,106.9000015258789,19.70199966430664,1937.780029296875,,0.1,2.63,237.231,6.1
6/17/2014,1271.699951171875,80.71600341796875,106.36000061035156,19.72100067138672,1941.989990234375,,0.1,2.63,237.231,6.1
6/18/2014,1272.4000244140625,80.66999816894531,105.97000122070312,19.767000198364258,1956.97998,,0.1,2.63,237.231,6.1
6/19/2014,1313.699951171875,80.39600372314453,106.43000030517578,20.636999130249023,1959.47998,,0.1,2.63,237.231,6.1
6/20/2014,1316.199951171875,80.44100189208984,107.26000213623047,20.941999435424805,1962.8699951171875,,0.1,2.63,237.231,6.1
6/23/2014,1318,80.33799743652344,106.16999816894531,20.909000396728516,1962.6099853515625,,0.1,2.63,237.231,6.1
6/24/2014,1320.9000244140625,80.39299774169922,106.02999877929688,21.038000106811523,1949.97998,,0.1,2.63,237.231,6.1
6/25/2014,1322.199951171875,80.26499938964844,106.5,21.111000061035156,1959.530029296875,,0.1,2.63,237.231,6.1
6/26/2014,1316.0999755859375,80.27899932861328,105.83999633789062,21.10300064086914,1957.219970703125,,0.1,2.63,237.231,6.1
6/27/2014,1319,80.08599853515625,105.73999786376953,21.07699966430664,1960.959961,,0.1,2.63,237.231,6.1
6/30/2014,1321.800048828125,79.81099700927734,105.37000274658203,21.006999969482422,1960.22998,,0.1,2.63,237.231,6.1
7/1/2014,1326.4000244140625,79.84500122070312,105.33999633789062,21.066999435424805,1973.3199462890625,,0.09,2.58,237.498,6.2
7/2/2014,1330.699951171875,79.98500061035156,104.4800033569336,21.253999710083008,1974.6199951171875,,0.09,2.58,237.498,6.2
7/3/2014,1320.4000244140625,80.28099822998047,104.05999755859375,21.089000701904297,1985.439941,,0.09,2.58,237.498,6.2
7/7/2014,1316.5,80.26699829101562,103.52999877929688,20.965999603271484,1977.6500244140625,,0.09,2.58,237.498,6.2
7/8/2014,1316,80.22100067138672,103.4000015258789,20.966999053955078,1963.709961,,0.09,2.58,237.498,6.2
7/9/2014,1323.800048828125,80.04199981689453,102.29000091552734,21.02199935913086,1972.8299560546875,,0.09,2.58,237.498,6.2
7/10/2014,1338.699951171875,80.16999816894531,102.93000030517578,21.458999633789062,1964.6800537109375,,0.09,2.58,237.498,6.2
7/11/2014,1337,80.22899627685547,100.83000183105469,21.410999298095703,1967.5699462890625,,0.09,2.58,237.498,6.2
7/14/2014,1306.300048828125,80.23000336,100.91000366210938,20.86400032043457,1977.0999755859375,,0.09,2.58,237.498,6.2
7/15/2014,1296.9000244140625,80.44599914550781,99.95999908447266,20.841999053955078,1973.280029296875,,0.09,2.58,237.498,6.2
7/16/2014,1299.5999755859375,80.625,101.19999694824219,20.726999282836914,1981.5699462890625,,0.09,2.58,237.498,6.2
7/17/2014,1316.699951171875,80.56999969482422,103.19000244140625,21.086000442504883,1958.1199951171875,,0.09,2.58,237.498,6.2
7/18/2014,1309.199951171875,80.59500122070312,103.12999725341797,20.83799934387207,1978.219970703125,,0.09,2.58,237.498,6.2
7/21/2014,1313.699951171875,80.62699890136719,104.58999633789062,20.965999603271484,1973.6300048828125,,0.09,2.58,237.498,6.2
7/22/2014,1306.0999755859375,80.86499786376953,104.41999816894531,20.96500015258789,1983.530029296875,,0.09,2.58,237.498,6.2
7/23/2014,1304.5,80.91500091552734,103.12000274658203,20.95199966430664,1987.010009765625,,0.09,2.58,237.498,6.2
7/24/2014,1290.5999755859375,80.96199798583984,102.06999969482422,20.375999450683594,1987.97998,,0.09,2.58,237.498,6.2
7/25/2014,1303.0999755859375,81.125,102.08999633789062,20.58799934387207,1978.3399658203125,,0.09,2.58,237.498,6.2
7/28/2014,1303.300048828125,81.12200164794922,101.66999816894531,20.525999069213867,1978.9100341796875,,0.09,2.58,237.498,6.2
7/29/2014,1298.300048828125,81.31500244140625,100.97000122070312,20.54599952697754,1969.949951171875,,0.09,2.58,237.498,6.2
7/30/2014,1294.9000244140625,81.51599884033203,100.2699966430664,20.558000564575195,1970.0699462890625,,0.09,2.58,237.498,6.2
7/31/2014,1281.300048828125,81.52300262451172,98.16999816894531,20.37299919128418,1930.6700439453125,,0.09,2.58,237.498,6.2
8/1/2014,1293.5999755859375,81.37699890136719,97.87999725341797,20.332000732421875,1925.1500244140625,,0.09,2.52,237.46,6.1
8/4/2014,1287.699951171875,81.40499877929688,98.29000091552734,20.194000244140625,1938.989990234375,,0.09,2.52,237.46,6.1
8/5/2014,1284,81.61100006103516,97.37999725341797,19.79400062561035,1920.209961,,0.09,2.52,237.46,6.1
8/6/2014,1306.699951171875,81.50700378417969,96.91999816894531,19.985000610351562,1920.239990234375,,0.09,2.52,237.46,6.1
8/7/2014,1310.800048828125,81.60500336,97.33999633789062,19.951000213623047,1909.5699462890625,,0.09,2.52,237.46,6.1
8/8/2014,1308.9000244140625,81.45400238,97.65000153,19.902000427246094,1931.5899658203125,,0.09,2.52,237.46,6.1
8/11/2014,1308.5,81.53500366210938,98.08000183105469,20.059999465942383,1936.9200439453125,,0.09,2.52,237.46,6.1
8/12/2014,1308.800048828125,81.55500030517578,97.37000274658203,19.87000084,1933.75,,0.09,2.52,237.46,6.1
8/13/2014,1312.800048828125,81.65699768066406,97.58999633789062,19.809999465942383,1946.719970703125,,0.09,2.52,237.46,6.1
8/14/2014,1313.9000244140625,81.64700317382812,95.58000183105469,19.871000289916992,1955.1800537109375,,0.09,2.52,237.46,6.1
8/15/2014,1304.5,81.46900177001953,97.34999847,19.489999771118164,1955.060059,,0.09,2.52,237.46,6.1
8/18/2014,1297.699951171875,81.63099670410156,96.41000366210938,19.600000381469727,1971.739990234375,,0.09,2.52,237.46,6.1
8/19/2014,1295.0999755859375,81.93699645996094,94.48000336,19.386999130249023,1981.5999755859375,,0.09,2.52,237.46,6.1
8/20/2014,1293.4000244140625,82.27999877929688,96.06999969482422,19.472000122070312,1986.510009765625,,0.09,2.52,237.46,6.1
8/21/2014,1273.699951171875,82.20800018310547,93.95999908447266,19.389999389648438,1992.3699951171875,,0.09,2.52,237.46,6.1
8/22/2014,1278.5999755859375,82.37699890136719,93.65000153,19.361000061035156,1988.4000244140625,,0.09,2.52,237.46,6.1
8/25/2014,1277.300048828125,82.59300231933594,93.34999847,19.33799934387207,1997.9200439453125,,0.09,2.52,237.46,6.1
8/26/2014,1283.800048828125,82.67900085449219,93.86000061035156,19.37000084,2000.02002,,0.09,2.52,237.46,6.1
8/27/2014,1281.9000244140625,82.4489975,93.87999725341797,19.395000457763672,2000.1199951171875,,0.09,2.52,237.46,6.1
8/28/2014,1288.699951171875,82.51599884033203,94.55000305175781,19.534000396728516,1996.739990234375,,0.09,2.52,237.46,6.1
8/29/2014,1285.800048828125,82.78299713134766,95.95999908447266,19.398000717163086,2003.3699951171875,,0.09,2.52,237.46,6.1
9/1/2014,1285.800048828125,82.78299713134766,95.95999908447266,19.398000717163086,2003.3699951171875,,0.09,2.52,237.477,5.9
9/2/2014,1263.699951171875,83.01000213623047,92.87999725341797,19.070999145507812,2002.280029296875,,0.09,2.52,237.477,5.9
9/3/2014,1268.9000244140625,82.88800048828125,95.54000091552734,19.107999801635742,2000.719970703125,,0.09,2.52,237.477,5.9
9/4/2014,1265.0999755859375,83.83399963378906,94.44999694824219,19.06399917602539,1997.6500244140625,,0.09,2.52,237.477,5.9
9/5/2014,1265.800048828125,83.75700378417969,93.29000091552734,19.082000732421875,2007.709961,,0.09,2.52,237.477,5.9
9/8/2014,1252.699951171875,84.24099731445312,92.66000366210938,18.886999130249023,2001.540039,,0.09,2.52,237.477,5.9
9/9/2014,1246.800048828125,84.28399658203125,92.75,18.84399986,1988.439941,,0.09,2.52,237.477,5.9
9/10/2014,1243.5,84.29299926757812,91.66999816894531,18.856000900268555,1995.689941,,0.09,2.52,237.477,5.9
9/11/2014,1237.4000244140625,84.30400085449219,92.83000183105469,18.533000946044922,1997.449951171875,,0.09,2.52,237.477,5.9
9/12/2014,1229.9000244140625,84.23999786376953,92.26999664,18.54599952697754,1985.540039,,0.09,2.52,237.477,5.9
9/15/2014,1233.5999755859375,84.23999786376953,92.91999816894531,18.555999755859375,1984.1300048828125,,0.09,2.52,237.477,5.9
9/16/2014,1235.199951171875,84.23100280761719,94.87999725341797,18.65600014,1998.97998,,0.09,2.52,237.477,5.9
9/17/2014,1234.4000244140625,84.48600006103516,94.41999816894531,18.663000106811523,2001.5699462890625,457.3340148925781,0.09,2.52,237.477,5.9
9/18/2014,1225.699951171875,84.43000030517578,93.06999969482422,18.45199966430664,2011.3599853515625,424.44000244140625,0.09,2.52,237.477,5.9
9/19/2014,1215.300048828125,84.86499786376953,92.41000366210938,17.78100014,2010.4000244140625,394.7959899902344,0.09,2.52,237.477,5.9
9/22/2014,1216.800048828125,84.86299896240234,91.51999664,17.698999404907227,1994.290039,402.1520080566406,0.09,2.52,237.477,5.9
9/23/2014,1221,84.77899932861328,91.55999755859375,17.71299934387207,1982.77002,435.7909851074219,0.09,2.52,237.477,5.9
9/24/2014,1218.5999755859375,85.15499877929688,92.80000305175781,17.64299964904785,1998.300048828125,423.2049865722656,0.09,2.52,237.477,5.9
9/25/2014,1221.199951171875,85.3030014,92.52999877929688,17.378999710083008,1965.989990234375,411.5740051269531,0.09,2.52,237.477,5.9
9/26/2014,1214.0999755859375,85.76699829101562,93.54000091552734,17.476999282836914,1982.8499755859375,404.42498779296875,0.09,2.52,237.477,5.9
9/29/2014,1217.5,85.71600341796875,94.56999969482422,17.516000747680664,1977.800048828125,375.4670104980469,0.09,2.52,237.477,5.9
9/30/2014,1210.5,86.04699707,91.16000366210938,17.006000518798828,1972.290039,386.9440002441406,0.09,2.52,237.477,5.9
10/1/2014,1214.5999755859375,86.07599639892578,90.73000336,17.209999084472656,1946.1600341796875,383.6149902,0.09,2.42,237.43,5.7
10/2/2014,1214.199951171875,85.69000244140625,91.01000213623047,17.000999450683594,1946.1700439453125,375.0719909667969,0.09,2.42,237.43,5.7
10/3/2014,1192.199951171875,86.82299805,89.73999786376953,16.780000686645508,1967.9000244140625,359.5119934082031,0.09,2.42,237.43,5.7
10/6/2014,1206.699951171875,86.04399871826172,90.33999633789062,17.18000030517578,1964.8199462890625,330.0790100097656,0.09,2.42,237.43,5.7
10/7/2014,1211.699951171875,85.77799987792969,88.84999847,17.19099998474121,1935.0999755859375,336.1870117,0.09,2.42,237.43,5.7
10/8/2014,1205.300048828125,85.40699768066406,87.30999755859375,17.014999389648438,1968.8900146484375,352.94000244140625,0.09,2.42,237.43,5.7
10/9/2014,1224.5999755859375,85.65499877929688,85.76999664,17.367000579833984,1928.209961,365.0260009765625,0.09,2.42,237.43,5.7
10/10/2014,1221,86.03099822998047,85.81999969482422,17.25200080871582,1906.1300048828125,361.5620117,0.09,2.42,237.43,5.7
10/13/2014,1229.300048828125,85.72699737548828,85.73999786376953,17.29400062561035,1874.739990234375,390.41400146484375,0.09,2.42,237.43,5.7
10/14/2014,1233.5999755859375,85.94100189208984,81.83999633789062,17.35300064086914,1877.699951171875,400.8699951171875,0.09,2.42,237.43,5.7
10/15/2014,1244.0999755859375,85.24099731445312,81.77999877929688,17.415000915527344,1862.489990234375,394.77301025390625,0.09,2.42,237.43,5.7
10/16/2014,1240.5,85.04100036621094,82.69999694824219,17.38800048828125,1862.760009765625,382.5559997558594,0.09,2.42,237.43,5.7
10/17/2014,1238.300048828125,85.21299743652344,82.75,17.281999588012695,1886.760009765625,383.75799560546875,0.09,2.42,237.43,5.7
10/20/2014,1244,85.03800201416016,82.70999908447266,17.304000854492188,1904.010009765625,382.8450012207031,0.09,2.42,237.43,5.7
10/21/2014,1251,85.40399932861328,82.80999755859375,17.503999710083008,1941.280029296875,386.4750061035156,0.09,2.42,237.43,5.7
10/22/2014,1244.800048828125,85.85399627685547,80.51999664,17.18600082397461,1927.1099853515625,383.1579895019531,0.09,2.42,237.43,5.7
10/23/2014,1228.5,85.94599914550781,82.08999633789062,17.11400032043457,1950.8199462890625,358.4169922,0.09,2.42,237.43,5.7
10/24/2014,1231.199951171875,85.81800079345703,81.01000213623047,17.13599967956543,1964.5799560546875,358.3450012207031,0.09,2.42,237.43,5.7
10/27/2014,1229.0999755859375,85.56099700927734,81,17.114999771118164,1961.6300048828125,352.9890137,0.09,2.42,237.43,5.7
10/28/2014,1229.199951171875,85.47299957,81.41999816894531,17.184999465942383,1985.050048828125,357.6180114746094,0.09,2.42,237.43,5.7
10/29/2014,1224.300048828125,86.03600311279297,82.19999694824219,17.21899986,1982.300048828125,335.59100341796875,0.09,2.42,237.43,5.7
10/30/2014,1198.0999755859375,86.23200225830078,81.12000274658203,16.391000747680664,1994.6500244140625,345.30499267578125,0.09,2.42,237.43,5.7
10/31/2014,1171.0999755859375,87.01599884033203,80.54000091552734,16.07699966430664,2018.050048828125,338.3210144042969,0.09,2.42,237.43,5.7
11/1/2014,1171.0999755859375,87.01599884033203,80.54000091552734,16.07699966430664,2018.050048828125,338.3210144042969,0.09,2.42,236.983,5.8
11/3/2014,1169.4000244140625,87.40699768066406,78.77999877929688,16.174999237060547,2017.810059,327.5539855957031,0.09,2.42,236.983,5.8
11/4/2014,1167.4000244140625,87.09200286865234,77.19000244140625,15.927000045776367,2012.0999755859375,330.49200439453125,0.09,2.42,236.983,5.8
11/5/2014,1145.4000244140625,87.56700134277344,78.68000030517578,15.418000221252441,2023.5699462890625,339.4859924316406,0.09,2.42,236.983,5.8
11/6/2014,1142.300048828125,88.13400268554688,77.91000366210938,15.392000198364258,2031.209961,349.2900085449219,0.09,2.42,236.983,5.8
11/7/2014,1169.5999755859375,87.72599792480469,78.65000153,15.699000358581543,2031.9200439453125,342.4150085449219,0.09,2.42,236.983,5.8
11/10/2014,1159.5999755859375,87.91100311279297,77.40000153,15.656999588012695,2038.260009765625,366.92401123046875,0.09,2.42,236.983,5.8
11/11/2014,1162.800048828125,87.71900177001953,77.94000244140625,15.663999557495117,2039.6800537109375,367.69500732421875,0.09,2.42,236.983,5.8
11/12/2014,1158.9000244140625,87.90599822998047,77.18000030517578,15.619000434875488,2038.25,423.5610046386719,0.09,2.42,236.983,5.8
11/13/2014,1161.0999755859375,87.75199890136719,74.20999908447266,15.616999626159668,2039.3299560546875,420.7349853515625,0.09,2.42,236.983,5.8
11/14/2014,1185,87.59300231933594,75.81999969482422,16.309999465942383,2039.8199462890625,397.8179931640625,0.09,2.42,236.983,5.8
11/17/2014,1183,88.01000213623047,75.63999938964844,16.05299949645996,2041.3199462890625,387.4079895019531,0.09,2.42,236.983,5.8
11/18/2014,1196.699951171875,87.64499664,74.61000061035156,16.170000076293945,2051.800048828125,375.197998,0.09,2.42,236.983,5.8
11/19/2014,1193.5999755859375,87.71099853515625,74.58000183105469,16.290000915527344,2048.719970703125,380.55499267578125,0.09,2.42,236.983,5.8
11/20/2014,1190.699951171875,87.66699981689453,75.58000183105469,16.132999420166016,2052.75,357.8399963378906,0.09,2.42,236.983,5.8
11/21/2014,1197.5,88.40499877929688,76.51000213623047,16.391000747680664,2063.5,350.8479919433594,0.09,2.42,236.983,5.8
11/24/2014,1195.5,88.20600128173828,75.77999877929688,16.37700080871582,2069.409912109375,376.9010009765625,0.09,2.42,236.983,5.8
11/25/2014,1197.0999755859375,87.96199798583984,74.08999633789062,16.554000854492188,2067.030029296875,375.3479919433594,0.09,2.42,236.983,5.8
11/26/2014,1196.5999755859375,87.64900207519531,73.69000244140625,16.54800033569336,2072.830078,368.3699951171875,0.09,2.42,236.983,5.8
11/28/2014,1175.199951171875,88.41300201416016,66.15000153,15.48900032043457,2067.560059,376.4469909667969,0.09,2.42,236.983,5.8
12/1/2014,1218,87.98200225830078,69,16.648000717163086,2053.439941,379.2449951171875,0.12,2.22,236.252,5.6
12/2/2014,1199.199951171875,88.70300293,66.87999725341797,16.408000946044922,2066.550048828125,381.31500244140625,0.12,2.22,236.252,5.6
12/3/2014,1208.5,88.99299621582031,67.37999725341797,16.358999252319336,2074.330078,375.0100098,0.12,2.22,236.252,5.6
12/4/2014,1207.5,88.73500061035156,66.80999755859375,16.520000457763672,2071.919922,369.6040039,0.12,2.22,236.252,5.6
12/5/2014,1190.0999755859375,89.36000061035156,65.83999633789062,16.195999145507812,2075.370117,376.8540039,0.12,2.22,236.252,5.6
12/8/2014,1194.699951171875,89.04699707,63.04999923706055,16.215999603271484,2060.310059,361.90899658203125,0.12,2.22,236.252,5.6
12/9/2014,1231.5,88.69200134277344,63.81999969482422,17.08099937438965,2059.820068359375,352.2189941,0.12,2.22,236.252,5.6
12/10/2014,1228.9000244140625,88.28700256347656,60.939998626708984,17.132999420166016,2026.1400146484375,346.3649902,0.12,2.22,236.252,5.6
12/11/2014,1225.0999755859375,88.68199920654297,59.95000076293945,17.05900001525879,2035.3299560546875,350.5060119628906,0.12,2.22,236.252,5.6
12/12/2014,1222,88.34500122070312,57.810001373291016,17.018999099731445,2002.3299560546875,352.5419922,0.12,2.22,236.252,5.6
12/15/2014,1207.199951171875,88.34500122070312,55.90999984741211,16.527000427246094,1989.6300048828125,345.3450012207031,0.12,2.22,236.252,5.6
12/16/2014,1193.9000244140625,88.29699707,55.93000030517578,15.71500015258789,1972.739990234375,327.0620117,0.12,2.22,236.252,5.6
12/17/2014,1194.300048828125,89.32599639892578,56.470001220703125,15.890999794006348,2012.8900146484375,319.7760009765625,0.12,2.22,236.252,5.6
12/18/2014,1194.699951171875,89.47699737548828,54.11000061035156,15.894000053405762,2061.22998,311.3959961,0.12,2.22,236.252,5.6
12/19/2014,1195.9000244140625,89.84100341796875,56.52000045776367,15.991000175476074,2070.649902,317.8429870605469,0.12,2.22,236.252,5.6
12/22/2014,1179.699951171875,89.9489975,55.25999832,15.64900016784668,2078.540039,331.8859863,0.12,2.22,236.252,5.6
12/23/2014,1177.9000244140625,90.32599639892578,57.119998931884766,15.729999542236328,2082.169922,334.5719909667969,0.12,2.22,236.252,5.6
12/24/2014,1173.5,90.22299957,55.84000015258789,15.67300033569336,2081.879883,322.53399658203125,0.12,2.22,236.252,5.6
12/26/2014,1195.300048828125,90.30999755859375,54.72999954223633,16.11199951171875,2088.77002,327.92401123046875,0.12,2.22,236.252,5.6
12/29/2014,1181.699951171875,90.49600219726562,53.61000061035156,15.744000434875488,2090.570068359375,312.6700134277344,0.12,2.22,236.252,5.6
12/30/2014,1200.199951171875,90.27899932861328,54.119998931884766,16.239999771118164,2080.350098,310.73699951171875,0.12,2.22,236.252,5.6
12/31/2014,1183.9000244140625,90.64700317382812,53.27000045776367,15.56499958,2058.899902,320.1929931640625,0.12,2.22,236.252,5.6
1/1/2015,1183.9000244140625,90.64700317382812,53.27000045776367,15.56499958,2058.899902,320.1929931640625,0.11,2.22,234.747,5.7
1/2/2015,1186,91.38300323486328,52.689998626708984,15.734000205993652,2058.199951171875,315.0320129394531,0.11,2.22,234.747,5.7
1/5/2015,1203.9000244140625,91.62200164794922,50.040000915527344,16.179000854492188,2020.5799560546875,274.4739990234375,0.11,2.22,234.747,5.7
1/6/2015,1219.300048828125,91.73799896240234,47.93000030517578,16.60300064086914,2002.6099853515625,286.1889953613281,0.11,2.22,234.747,5.7
1/7/2015,1210.5999755859375,92.11499786376953,48.650001525878906,16.510000228881836,2025.9000244140625,294.3370056152344,0.11,2.22,234.747,5.7
1/8/2015,1208.4000244140625,92.60199737548828,48.790000915527344,16.35099983215332,2062.139892578125,283.3489990234375,0.11,2.22,234.747,5.7
1/9/2015,1216,92.14700317382812,48.36000061035156,16.38599967956543,2044.810059,290.4079895019531,0.11,2.22,234.747,5.7
1/12/2015,1232.699951171875,92.18399810791016,46.06999969482422,16.53499984741211,2028.260009765625,267.7959899902344,0.11,2.22,234.747,5.7
1/13/2015,1234.300048828125,92.50199890136719,45.88999938964844,17.125,2023.030029296875,225.86099243164062,0.11,2.22,234.747,5.7
1/14/2015,1234.4000244140625,92.34500122070312,48.47999954223633,16.95599937438965,2011.27002,178.10299682617188,0.11,2.22,234.747,5.7
1/15/2015,1264.699951171875,92.60800170898438,46.25,17.072999954223633,1992.6700439453125,209.8439941,0.11,2.22,234.747,5.7
1/16/2015,1276.9000244140625,92.88999938964844,48.689998626708984,17.73900032043457,2019.4200439453125,208.0970001220703,0.11,2.22,234.747,5.7
1/20/2015,1294.199951171875,93.34899902,46.38999938964844,17.94700050354004,2022.550048828125,211.31500244140625,0.11,2.22,234.747,5.7
1/21/2015,1293.699951171875,93.13999938964844,47.779998779296875,18.179000854492188,2032.1199951171875,226.89700317382812,0.11,2.22,234.747,5.7
1/22/2015,1300.699951171875,94.36199951171875,46.310001373291016,18.34600067138672,2063.149902,233.4060059,0.11,2.22,234.747,5.7
1/23/2015,1292.5999755859375,95.0530014,45.59000015258789,18.284000396728516,2051.820068359375,232.87899780273438,0.11,2.22,234.747,5.7
1/26/2015,1279.4000244140625,95.11499786376953,45.150001525878906,17.966999053955078,2057.090087890625,273.4729919433594,0.11,2.22,234.747,5.7
1/27/2015,1291.699951171875,94.25,46.22999954223633,18.06800079345703,2029.550048828125,263.4750061035156,0.11,2.22,234.747,5.7
1/28/2015,1285.9000244140625,94.72699737548828,44.45000076293945,18.06800079345703,2002.1600341796875,233.9149932861328,0.11,2.22,234.747,5.7
1/29/2015,1254.5999755859375,95.01100158691406,44.529998779296875,16.757999420166016,2021.25,233.51300048828125,0.11,2.22,234.747,5.7
1/30/2015,1278.5,94.99800109863281,48.24000168,17.191999435424805,1994.989990234375,226.4250030517578,0.11,2.22,234.747,5.7
2/1/2015,1278.5,94.99800109863281,48.24000168,17.191999435424805,1994.989990234375,226.4250030517578,0.11,2.22,235.342,5.5
2/2/2015,1276.199951171875,94.73400115966797,49.56999969482422,17.235000610351562,2020.8499755859375,238.2290039,0.11,2.22,235.342,5.5
2/3/2015,1259.699951171875,93.72399902,53.04999923706055,17.30500030517578,2050.030029296875,227.26800537109375,0.11,2.22,235.342,5.5
2/4/2015,1263.800048828125,94.16500091552734,48.45000076293945,17.378999710083008,2041.510009765625,226.85299682617188,0.11,2.22,235.342,5.5
2/5/2015,1262,93.73200225830078,50.47999954223633,17.18000030517578,2062.52002,217.11099243164062,0.11,2.22,235.342,5.5
2/6/2015,1233.9000244140625,94.85099792480469,51.689998626708984,16.67799949645996,2055.469970703125,222.26600646972656,0.11,2.22,235.342,5.5
2/9/2015,1240.800048828125,94.58200073242188,52.86000061035156,17.054000854492188,2046.739990234375,220.11000061035156,0.11,2.22,235.342,5.5
2/10/2015,1231.5999755859375,94.85299682617188,50.02000045776367,16.85700035095215,2068.590087890625,219.83900451660156,0.11,2.22,235.342,5.5
2/11/2015,1219,95.08999633789062,48.84000015258789,16.74500084,2068.530029296875,219.18499755859375,0.11,2.22,235.342,5.5
2/12/2015,1220.0999755859375,94.19799805,51.209999084472656,16.777999877929688,2088.47998,221.76400756835938,0.11,2.22,235.342,5.5
2/13/2015,1226.5,94.27899932861328,52.779998779296875,17.277999877929688,2096.989990234375,235.427002,0.11,2.22,235.342,5.5
2/17/2015,1208.0999755859375,94.14700317382812,53.529998779296875,16.36199951171875,2100.340087890625,243.61000061035156,0.11,2.22,235.342,5.5
2/18/2015,1199.699951171875,94.25700378417969,52.13999938964844,16.25,2099.679931640625,236.3260040283203,0.11,2.22,235.342,5.5
2/19/2015,1207.0999755859375,94.49199676513672,51.15999984741211,16.371000289916992,2097.449951171875,240.2830047607422,0.11,2.22,235.342,5.5
2/20/2015,1204.4000244140625,94.33999633789062,50.34000015258789,16.26300048828125,2110.300048828125,243.7790069580078,0.11,2.22,235.342,5.5
2/23/2015,1200.300048828125,94.65699768066406,49.45000076293945,16.246999740600586,2109.659912109375,238.89199829101562,0.11,2.22,235.342,5.5
2/24/2015,1196.9000244140625,94.56099700927734,49.279998779296875,16.18199920654297,2115.47998,238.73500061035156,0.11,2.22,235.342,5.5
2/25/2015,1201,94.23500061035156,50.99000168,16.423999786376953,2113.860107421875,237.47000122070312,0.11,2.22,235.342,5.5
2/26/2015,1209.5999755859375,95.33599853515625,48.16999816894531,16.58300018310547,2110.739990234375,236.42599487304688,0.11,2.22,235.342,5.5
2/27/2015,1212.5999755859375,95.32099914550781,49.75999832,16.51300048828125,2104.5,253.8280029296875,0.11,2.22,235.342,5.5
3/1/2015,1212.5999755859375,95.32099914550781,49.75999832,16.51300048828125,2104.5,253.8280029296875,0.11,2.22,235.976,5.4
3/2/2015,1207.699951171875,95.47899627685547,49.59000015258789,16.406999588012695,2117.389892578125,275.6700134277344,0.11,2.22,235.976,5.4
3/3/2015,1204,95.40799713134766,50.52000045776367,16.257999420166016,2107.780029296875,281.7019958496094,0.11,2.22,235.976,5.4
3/4/2015,1200.5999755859375,95.98600006103516,51.529998779296875,16.131999969482422,2098.530029296875,273.0920104980469,0.11,2.22,235.976,5.4
3/5/2015,1195.9000244140625,96.39399719238281,50.75999832,16.131999969482422,2101.040039,276.1780090332031,0.11,2.22,235.976,5.4
3/6/2015,1164.0999755859375,97.60399627685547,49.61000061035156,15.784000396728516,2071.260009765625,272.7229919433594,0.11,2.22,235.976,5.4
3/9/2015,1166.4000244140625,97.58000183105469,50,15.755000114440918,2079.429931640625,289.60699462890625,0.11,2.22,235.976,5.4
3/10/2015,1160.0999755859375,98.61499786376953,48.290000915527344,15.61299991607666,2044.1600341796875,291.7600098,0.11,2.22,235.976,5.4
3/11/2015,1150.699951171875,99.78500366210938,48.16999816894531,15.345000267028809,2040.239990234375,296.3789978027344,0.11,2.22,235.976,5.4
3/12/2015,1152.0999755859375,99.41100311279297,47.04999923706055,15.493000030517578,2065.949951171875,294.3540039,0.11,2.22,235.976,5.4
3/13/2015,1152.5999755859375,100.31400299072266,44.84000015258789,15.47700023651123,2053.399902,285.3370056152344,0.11,2.22,235.976,5.4
3/16/2015,1153.300048828125,99.48200225830078,43.880001068115234,15.60099983215332,2081.189941,290.5929870605469,0.11,2.22,235.976,5.4
3/17/2015,1148.300048828125,99.9489975,43.459999084472656,15.562000274658203,2074.280029296875,285.5050048828125,0.11,2.22,235.976,5.4
3/18/2015,1151.4000244140625,98.78099822998047,44.65999984741211,15.524999618530273,2099.5,256.29901123046875,0.11,2.22,235.976,5.4
3/19/2015,1169.0999755859375,99.58399963378906,43.959999084472656,16.097999572753906,2089.27002,260.9280090332031,0.11,2.22,235.976,5.4
3/20/2015,1184.800048828125,98.17099762,45.720001220703125,16.867000579833984,2108.100098,261.7489929199219,0.11,2.22,235.976,5.4
3/23/2015,1188,97.29799652,47.45000076293945,16.871999740600586,2104.419922,266.7399902,0.11,2.22,235.976,5.4
3/24/2015,1191.699951171875,97.44599914550781,47.50999832,16.96299934387207,2091.5,245.59500122070312,0.11,2.22,235.976,5.4
3/25/2015,1197.300048828125,97.1969986,49.209999084472656,16.979999542236328,2061.050048828125,246.19700622558594,0.11,2.22,235.976,5.4
3/26/2015,1205.0999755859375,97.68199920654297,51.43000030517578,17.121999740600586,2056.149902,248.53199768066406,0.11,2.22,235.976,5.4
3/27/2015,1199.800048828125,97.51999664,48.869998931884766,17.052000045776367,2061.02002,247.0290069580078,0.11,2.22,235.976,5.4
3/30/2015,1184.800048828125,98.28099822998047,48.68000030517578,16.656999588012695,2086.239990234375,247.5260009765625,0.11,2.22,235.976,5.4
3/31/2015,1183.0999755859375,98.66100311279297,47.599998474121094,16.58099937438965,2067.889892578125,244.2239990234375,0.11,2.22,235.976,5.4
4/1/2015,1208.0999755859375,98.47499847,50.09000015258789,17.04400062561035,2059.689941,247.27200317382812,0.12,1.87,236.222,5.4
4/2/2015,1200.9000244140625,97.67299652,49.13999938964844,16.68600082397461,2066.959961,253.0050048828125,0.12,1.87,236.222,5.4
4/6/2015,1218.5999755859375,96.96099853515625,52.13999938964844,17.094999313354492,2080.620117,255.49200439453125,0.12,1.87,236.222,5.4
4/7/2015,1210.5999755859375,98.05599975585938,53.97999954223633,16.825000762939453,2076.330078,253.17999267578125,0.12,1.87,236.222,5.4
4/8/2015,1203.0999755859375,98.13099670410156,50.41999816894531,16.440000534057617,2081.899902,245.02200317382812,0.12,1.87,236.222,5.4
4/9/2015,1193.5999755859375,99.39499664,50.790000915527344,16.163999557495117,2091.179931640625,243.67599487304688,0.12,1.87,236.222,5.4
4/10/2015,1204.5999755859375,99.59600067138672,51.63999938964844,16.37000084,2102.060059,236.07200622558594,0.12,1.87,236.222,5.4
4/13/2015,1199.300048828125,99.76799774169922,51.90999984741211,16.280000686645508,2092.429931640625,224.58700561523438,0.12,1.87,236.222,5.4
4/14/2015,1192.800048828125,98.94000244140625,53.290000915527344,16.150999069213867,2095.840087890625,219.15899658203125,0.12,1.87,236.222,5.4
4/15/2015,1201.5,98.52500153,56.38999938964844,16.268999099731445,2106.629883,223.83299255371094,0.12,1.87,236.222,5.4
4/16/2015,1198,97.61399841308594,56.709999084472656,16.275999069213867,2104.989990234375,228.572998,0.12,1.87,236.222,5.4
4/17/2015,1202.9000244140625,97.70700073242188,55.74000168,16.22100067138672,2081.179931640625,222.8820037841797,0.12,1.87,236.222,5.4
4/20/2015,1193.5,98.16000366210938,56.380001068115234,15.883000373840332,2100.399902,224.62600708007812,0.12,1.87,236.222,5.4
4/21/2015,1202.9000244140625,98.20500183105469,55.25999832,16.00200080871582,2097.290039,235.2689971923828,0.12,1.87,236.222,5.4
4/22/2015,1186.9000244140625,98.13800048828125,56.15999984741211,15.791000366210938,2107.959961,234.17599487304688,0.12,1.87,236.222,5.4
4/23/2015,1194.4000244140625,97.45400238,57.74000168,15.824000358581543,2112.929931640625,236.46200561523438,0.12,1.87,236.222,5.4
4/24/2015,1175.199951171875,97.09899902,57.150001525878906,15.630999565124512,2117.689941,231.26800537109375,0.12,1.87,236.222,5.4
4/27/2015,1203.300048828125,96.94100189208984,56.99000168,16.389999389648438,2108.919922,229.28599548339844,0.12,1.87,236.222,5.4
4/28/2015,1214,96.19400024414062,57.060001373291016,16.586999893188477,2114.760009765625,225.85499572753906,0.12,1.87,236.222,5.4
4/29/2015,1209.800048828125,95.3219986,58.58000183105469,16.670000076293945,2106.850098,225.80799865722656,0.12,1.87,236.222,5.4
4/30/2015,1182.4000244140625,94.71399688720703,59.630001068115234,16.124000549316406,2085.510009765625,236.14500427246094,0.12,1.87,236.222,5.4
5/1/2015,1174.5,95.44499969482422,59.150001525878906,16.111000061035156,2108.290039,232.07899475097656,0.12,2.12,237.001,5.6
5/4/2015,1186.800048828125,95.63700103759766,58.93000030517578,16.417999267578125,2114.489990234375,239.01800537109375,0.12,2.12,237.001,5.6
5/5/2015,1193.199951171875,95.20200348,60.400001525878906,16.55699920654297,2089.459961,236.12100219726562,0.12,2.12,237.001,5.6
5/6/2015,1190.300048828125,94.17500305175781,60.93000030517578,16.483999252319336,2080.149902,229.78199768066406,0.12,2.12,237.001,5.6
5/7/2015,1182.4000244140625,94.74900055,58.939998626708984,16.27199935913086,2088,237.33399963378906,0.12,2.12,237.001,5.6
5/8/2015,1189.0999755859375,94.90399932861328,59.38999938964844,16.441999435424805,2116.100098,243.86300659179688,0.12,2.12,237.001,5.6
5/11/2015,1183.199951171875,95.09999847,59.25,16.29800033569336,2105.330078,242.1580047607422,0.12,2.12,237.001,5.6
5/12/2015,1192.5999755859375,94.60600280761719,60.75,16.510000228881836,2099.120117,241.11199951171875,0.12,2.12,237.001,5.6
5/13/2015,1218.4000244140625,93.64299774169922,60.5,17.207000732421875,2098.47998,236.3769989013672,0.12,2.12,237.001,5.6
5/14/2015,1225.4000244140625,93.50499725341797,59.880001068115234,17.448999404907227,2121.100098,236.9290008544922,0.12,2.12,237.001,5.6
5/15/2015,1225.5,93.18000030517578,59.689998626708984,17.545000076293945,2122.72998,237.60499572753906,0.12,2.12,237.001,5.6
5/18/2015,1227.800048828125,94.26899719238281,59.43000030517578,17.711999893188477,2129.199951171875,233.1280059814453,0.12,2.12,237.001,5.6
5/19/2015,1206.9000244140625,95.36299896240234,57.25999832,17.049999237060547,2127.830078,231.94700622558594,0.12,2.12,237.001,5.6
5/20/2015,1208.9000244140625,95.50900268554688,58.97999954223633,17.091999053955078,2125.850098,234.01800537109375,0.12,2.12,237.001,5.6
5/21/2015,1204.4000244140625,95.32900238,60.720001220703125,17.111000061035156,2130.820068359375,235.3439941,0.12,2.12,237.001,5.6
5/22/2015,1204.300048828125,96.11000061035156,59.720001220703125,17.030000686645508,2126.060059,240.34800720214844,0.12,2.12,237.001,5.6
5/26/2015,1187.199951171875,97.40699768066406,58.029998779296875,16.733999252319336,2104.199951171875,237.11599731445312,0.12,2.12,237.001,5.6
5/27/2015,1185.9000244140625,97.47399902,57.50999832,16.63800048828125,2123.47998,237.2830047607422,0.12,2.12,237.001,5.6
5/28/2015,1188.0999755859375,97.05899810791016,57.68000030517578,16.652999877929688,2120.790039,237.4080047607422,0.12,2.12,237.001,5.6
5/29/2015,1189.4000244140625,96.98600006103516,60.29999923706055,16.68400001525879,2107.389892578125,237.0959930419922,0.12,2.12,237.001,5.6
6/1/2015,1188.300048828125,97.47299957,60.20000076293945,16.663999557495117,2111.72998,222.92599487304688,0.13,2.19,237.657,5.3
6/2/2015,1194.0999755859375,95.87799835205078,61.25999832,16.783000946044922,2109.600098,225.80299377441406,0.13,2.19,237.657,5.3
6/3/2015,1184.699951171875,95.50900268554688,59.63999938964844,16.464000701904297,2114.070068359375,225.87399291992188,0.13,2.19,237.657,5.3
6/4/2015,1174.9000244140625,95.49299621582031,58,16.089000701904297,2095.840087890625,224.32400512695312,0.13,2.19,237.657,5.3
6/5/2015,1167.800048828125,96.36100006103516,59.130001068115234,15.970999717712402,2092.830078,224.95199584960938,0.13,2.19,237.657,5.3
6/8/2015,1173.199951171875,95.32299805,58.13999938964844,15.951000213623047,2079.280029296875,228.48899841308594,0.13,2.19,237.657,5.3
6/9/2015,1177.300048828125,95.17199707,60.13999938964844,15.949000358581543,2080.149902,229.04800415039062,0.13,2.19,237.657,5.3
6/10/2015,1186.0999755859375,94.65100098,61.43000030517578,15.95199966430664,2105.199951171875,228.80299377441406,0.13,2.19,237.657,5.3
6/11/2015,1179.9000244140625,94.98000336,60.77000045776367,15.95300006866455,2108.860107421875,229.7050018310547,0.13,2.19,237.657,5.3
6/12/2015,1178.800048828125,94.98699951171875,59.959999084472656,15.817999839782715,2094.110107421875,229.98199462890625,0.13,2.19,237.657,5.3
6/15/2015,1185.300048828125,95.12899780273438,59.52000045776367,16.076000213623047,2084.429931640625,236.822998,0.13,2.19,237.657,5.3
6/16/2015,1180.5,95.26200103759766,59.970001220703125,15.958000183105469,2096.290039,250.89500427246094,0.13,2.19,237.657,5.3
6/17/2015,1176.4000244140625,94.48999786376953,59.91999816894531,15.93999958,2100.439941,249.28399658203125,0.13,2.19,237.657,5.3
6/18/2015,1201.5,94.24099731445312,60.45000076293945,16.148000717163086,2121.239990234375,249.0070037841797,0.13,2.19,237.657,5.3
6/19/2015,1201.5,94.27200317382812,59.61000061035156,16.104000091552734,2109.989990234375,244.6060028076172,0.13,2.19,237.657,5.3
6/22/2015,1183.699951171875,94.51499938964844,59.68000030517578,16.136999130249023,2122.850098,246.99000549316406,0.13,2.19,237.657,5.3
6/23/2015,1176.199951171875,95.64499664,61.00999832,15.732000350952148,2124.199951171875,244.29600524902344,0.13,2.19,237.657,5.3
6/24/2015,1172.5999755859375,95.41799926757812,60.27000045776367,15.847999572753906,2108.580078,240.51499938964844,0.13,2.19,237.657,5.3
6/25/2015,1171.5,95.38700103759766,59.70000076293945,15.805000305175781,2102.310059,242.7989959716797,0.13,2.19,237.657,5.3
6/26/2015,1172.9000244140625,95.65100098,59.630001068115234,15.734999656677246,2101.489990234375,243.5939941,0.13,2.19,237.657,5.3
6/29/2015,1178.5,94.94999694824219,58.33000183105469,15.663999557495117,2057.639892578125,257.0639953613281,0.13,2.19,237.657,5.3
6/30/2015,1171.5,95.66100311279297,59.470001220703125,15.550999641418457,2063.110107421875,263.0719909667969,0.13,2.19,237.657,5.3
7/1/2015,1169,96.50900268554688,56.959999084472656,15.552000045776367,2077.419922,258.6210021972656,0.13,2.43,238.034,5.2
7/2/2015,1163,96.29000091552734,56.93000030517578,15.536999702453613,2076.780029296875,255.41200256347656,0.13,2.43,238.034,5.2
7/6/2015,1172.9000244140625,96.47699737548828,52.529998779296875,15.72599983215332,2068.760009765625,269.0299987792969,0.13,2.43,238.034,5.2
7/7/2015,1152.4000244140625,97.07599639892578,52.33000183105469,14.949999809265137,2081.340087890625,266.2070007324219,0.13,2.43,238.034,5.2
7/8/2015,1163.300048828125,96.47200012207031,51.650001525878906,15.147000312805176,2046.6800537109375,270.7850036621094,0.13,2.43,238.034,5.2
7/9/2015,1159,96.78800201416016,52.779998779296875,15.345000267028809,2051.310059,269.2279968261719,0.13,2.43,238.034,5.2
7/10/2015,1157.699951171875,96.17199707,52.74000168,15.468000411987305,2076.620117,284.8940124511719,0.13,2.43,238.034,5.2
7/13/2015,1155.199951171875,96.99800109863281,52.20000076293945,15.435999870300293,2099.600098,292.0539855957031,0.13,2.43,238.034,5.2
7/14/2015,1153.300048828125,96.78399658203125,53.040000915527344,15.295000076293945,2108.949951171875,287.4639892578125,0.13,2.43,238.034,5.2
7/15/2015,1147.199951171875,97.27899932861328,51.40999984741211,15.027999877929688,2107.399902,285.8290100097656,0.13,2.43,238.034,5.2
7/16/2015,1143.800048828125,97.80599975585938,50.90999984741211,14.96399974822998,2124.290039,278.0889892578125,0.13,2.43,238.034,5.2
7/17/2015,1131.800048828125,97.98899841308594,50.88999938964844,14.819999694824219,2126.639892578125,279.47198486328125,0.13,2.43,238.034,5.2
7/20/2015,1106.699951171875,98.16100311279297,50.150001525878906,14.744999885559082,2128.280029296875,278.9809875488281,0.13,2.43,238.034,5.2
7/21/2015,1103.4000244140625,97.4260025,50.36000061035156,14.769000053405762,2119.209961,275.8330078,0.13,2.43,238.034,5.2
7/22/2015,1091.4000244140625,97.72200012207031,49.189998626708984,14.71399974822998,2114.149902,277.22198486328125,0.13,2.43,238.034,5.2
7/23/2015,1094,97.22599792480469,48.45000076293945,14.682999610900879,2102.149902,276.04901123046875,0.13,2.43,238.034,5.2
7/24/2015,1085.5999755859375,97.34600067138672,48.13999938964844,14.47700023651123,2079.649902,288.27801513671875,0.13,2.43,238.034,5.2
7/27/2015,1096.5,96.60500336,47.38999938964844,14.593999862670898,2067.639892578125,293.6239929199219,0.13,2.43,238.034,5.2
7/28/2015,1096.300048828125,96.86299896240234,47.97999954223633,14.630999565124512,2093.25,294.427002,0.13,2.43,238.034,5.2
7/29/2015,1092.699951171875,97.07700348,48.790000915527344,14.734000205993652,2108.570068359375,289.5899963378906,0.13,2.43,238.034,5.2
7/30/2015,1088.4000244140625,97.69400024414062,48.52000045776367,14.690999984741211,2108.629883,287.72198486328125,0.13,2.43,238.034,5.2
7/31/2015,1094.9000244140625,97.43900299072266,47.119998931884766,14.746000289916992,2103.840087890625,284.6499938964844,0.13,2.43,238.034,5.2
8/1/2015,1094.9000244140625,97.43900299072266,47.119998931884766,14.746000289916992,2103.840087890625,284.6499938964844,0.14,2.43,238.033,5.1
8/3/2015,1089.4000244140625,97.61599731445312,45.16999816894531,14.515999794006348,2098.040039,281.22698974609375,0.14,2.43,238.033,5.1
8/4/2015,1090.699951171875,98.02400207519531,45.74000168,14.550000190734863,2093.320068359375,285.2179870605469,0.14,2.43,238.033,5.1
8/5/2015,1085.699951171875,98.03500366210938,45.150001525878906,14.545999526977539,2099.840087890625,281.8819885253906,0.14,2.43,238.033,5.1
8/6/2015,1090.199951171875,97.90599822998047,44.65999984741211,14.670000076293945,2083.560059,278.5769958496094,0.14,2.43,238.033,5.1
8/7/2015,1094.0999755859375,97.61900329589844,43.869998931884766,14.815999984741211,2077.570068359375,279.5849914550781,0.14,2.43,238.033,5.1
8/10/2015,1104.199951171875,97.20200348,44.959999084472656,15.288999557495117,2104.179931640625,264.4700012207031,0.14,2.43,238.033,5.1
8/11/2015,1107.5999755859375,97.33499908447266,43.08000183105469,15.281000137329102,2084.070068359375,270.3859863,0.14,2.43,238.033,5.1
8/12/2015,1123.199951171875,96.29499816894531,43.29999923706055,15.472999572753906,2086.050048828125,266.3760070800781,0.14,2.43,238.033,5.1
8/13/2015,1115.699951171875,96.46099853515625,42.22999954223633,15.395999908447266,2083.389892578125,264.0799865722656,0.14,2.43,238.033,5.1
8/14/2015,1112.9000244140625,96.53299713134766,42.5,15.210000038146973,2091.540039,265.67999267578125,0.14,2.43,238.033,5.1
8/17/2015,1118.5999755859375,96.81500244140625,41.869998931884766,15.295000076293945,2102.439941,257.97601318359375,0.14,2.43,238.033,5.1
8/18/2015,1117.0999755859375,97.06999969482422,42.619998931884766,14.786999702453613,2096.919922,211.07899475097656,0.14,2.43,238.033,5.1
8/19/2015,1128.0999755859375,96.36799621582031,40.79999923706055,15.175999641418457,2079.610107421875,226.6840057373047,0.14,2.43,238.033,5.1
8/20/2015,1153,96.00199890136719,41.13999938964844,15.517000198364258,2035.72998,235.35000610351562,0.14,2.43,238.033,5.1
8/21/2015,1159.5999755859375,95.00499725341797,40.45000076293945,15.300999641418457,1970.8900146484375,232.56900024414062,0.14,2.43,238.033,5.1
8/24/2015,1153.4000244140625,93.35600280761719,38.24000168,14.76200008392334,1893.209961,210.4949951171875,0.14,2.43,238.033,5.1
8/25/2015,1138.199951171875,94.54399871826172,39.310001373291016,14.609999656677246,1867.6099853515625,221.60899353027344,0.14,2.43,238.033,5.1
8/26/2015,1124.5999755859375,95.13099670410156,38.599998474121094,14.045000076293945,1940.510009765625,225.83099365234375,0.14,2.43,238.033,5.1
8/27/2015,1122.4000244140625,95.65200043,42.560001373291016,14.420999526977539,1987.6600341796875,224.7689971923828,0.14,2.43,238.033,5.1
8/28/2015,1133.0999755859375,96.13500213623047,45.220001220703125,14.53499984741211,1988.8699951171875,231.3959961,0.14,2.43,238.033,5.1
8/31/2015,1131.5999755859375,95.85399627685547,49.20000076293945,14.57699966430664,1972.1800537109375,230.05599975585938,0.14,2.43,238.033,5.1
9/1/2015,1138.699951171875,95.44599914550781,45.40999984741211,14.61299991607666,1913.8499755859375,228.12100219726562,0.14,2.17,237.498,5
9/2/2015,1132.5,95.84400177001953,46.25,14.66100025177002,1948.8599853515625,229.28399658203125,0.14,2.17,237.498,5
9/3/2015,1123.699951171875,96.42299652,46.75,14.70199966430664,1951.1300048828125,227.18299865722656,0.14,2.17,237.498,5
9/4/2015,1120.5999755859375,96.23999786376953,46.04999923706055,14.543999671936035,1921.219970703125,230.29800415039062,0.14,2.17,237.498,5
9/8/2015,1120.4000244140625,95.98699951171875,45.939998626708984,14.75,1969.4100341796875,243.60699462890625,0.14,2.17,237.498,5
9/9/2015,1102.199951171875,96.01000213623047,44.150001525878906,14.567999839782715,1942.040039,238.16799926757812,0.14,2.17,237.498,5
9/10/2015,1109.5,95.44200134277344,45.91999816894531,14.633999824523926,1952.290039,238.4770050048828,0.14,2.17,237.498,5
9/11/2015,1103.5,95.19400024414062,44.630001068115234,14.489999771118164,1961.050048828125,240.10699462890625,0.14,2.17,237.498,5
9/14/2015,1107.699951171875,95.36399841308594,44,14.357000350952148,1953.030029296875,230.6439971923828,0.14,2.17,237.498,5
9/15/2015,1102.800048828125,95.78500366210938,44.59000015258789,14.319000244140625,1978.0899658203125,230.3040008544922,0.14,2.17,237.498,5
9/16/2015,1119.199951171875,95.54599762,47.150001525878906,14.878000259399414,1995.310059,229.09100341796875,0.14,2.17,237.498,5
9/17/2015,1117.300048828125,94.67700195,46.900001525878906,14.975000381469727,1990.199951171875,229.80999755859375,0.14,2.17,237.498,5
9/18/2015,1138.0999755859375,94.99600219726562,44.68000030517578,15.154000282287598,1958.030029296875,232.97500610351562,0.14,2.17,237.498,5
9/21/2015,1133.0999755859375,96.03399658203125,46.68000030517578,15.215999603271484,1966.969970703125,227.0850067138672,0.14,2.17,237.498,5
9/22/2015,1125,96.44599914550781,45.83000183105469,14.75,1942.739990234375,230.6179962158203,0.14,2.17,237.498,5
9/23/2015,1131.5999755859375,96.20600128173828,44.47999954223633,14.779999732971191,1938.760009765625,230.2830047607422,0.14,2.17,237.498,5
9/24/2015,1153.800048828125,96.14900207519531,44.90999984741211,15.125,1932.239990234375,234.5290069580078,0.14,2.17,237.498,5
9/25/2015,1146,96.43399810791016,45.70000076293945,15.105999946594238,1931.3399658203125,235.1439971923828,0.14,2.17,237.498,5
9/28/2015,1132,96.18199920654297,44.43000030517578,14.538000106811523,1881.77002,239.14199829101562,0.14,2.17,237.498,5
9/29/2015,1127.0999755859375,95.99299621582031,45.22999954223633,14.569000244140625,1884.0899658203125,236.68699645996094,0.14,2.17,237.498,5
9/30/2015,1115.5,96.48000336,45.09000015258789,14.512999534606934,1920.030029296875,236.05999755859375,0.14,2.17,237.498,5
10/1/2015,1114.199951171875,96.32599639892578,44.74000168,14.505999565124512,1923.8199462890625,237.5489959716797,0.12,2.05,237.733,5
10/2/2015,1137.0999755859375,95.96700286865234,45.540000915527344,15.256999969482422,1951.3599853515625,237.29299926757812,0.12,2.05,237.733,5
10/5/2015,1138.0999755859375,96.23999786376953,46.25999832,15.70199966430664,1987.050048828125,240.38299560546875,0.12,2.05,237.733,5
10/6/2015,1146.800048828125,95.56300354003906,48.529998779296875,15.979000091552734,1979.9200439453125,246.06300354003906,0.12,2.05,237.733,5
10/7/2015,1149,95.58000183105469,47.810001373291016,16.08799934387207,1995.8299560546875,242.9689941,0.12,2.05,237.733,5
10/8/2015,1144.699951171875,95.40699768066406,49.43000030517578,15.760000228881836,2013.4300537109375,242.3040008544922,0.12,2.05,237.733,5
10/9/2015,1156.300048828125,94.88300323486328,49.630001068115234,15.809000015258789,2014.8900146484375,243.93099975585938,0.12,2.05,237.733,5
10/12/2015,1164.9000244140625,94.76499938964844,47.099998474121094,15.854999542236328,2017.459961,245.30799865722656,0.12,2.05,237.733,5
10/13/2015,1165.800048828125,94.79000091552734,46.65999984741211,15.897000312805176,2003.689941,249.50799560546875,0.12,2.05,237.733,5
10/14/2015,1180.0999755859375,93.95700073242188,46.63999938964844,16.101999282836914,1994.239990234375,251.98899841308594,0.12,2.05,237.733,5
10/15/2015,1187.9000244140625,94.43000030517578,46.380001068115234,16.152000427246094,2023.8599853515625,254.32000732421875,0.12,2.05,237.733,5
10/16/2015,1183.5999755859375,94.58799743652344,47.25999832,16.101999282836914,2033.1099853515625,262.8689880371094,0.12,2.05,237.733,5
10/19/2015,1173.300048828125,94.95300293,45.88999938964844,15.829000473022461,2033.6600341796875,263.4370117,0.12,2.05,237.733,5
10/20/2015,1178,94.93900299072266,45.54999923706055,15.904999732971191,2030.77002,269.4630126953125,0.12,2.05,237.733,5
10/21/2015,1167.5999755859375,95.06800079345703,45.20000076293945,15.696000099182129,2018.939941,266.2720031738281,0.12,2.05,237.733,5
10/22/2015,1166.5999755859375,96.45400238,45.380001068115234,15.822999954223633,2052.510009765625,274.02301025390625,0.12,2.05,237.733,5
10/23/2015,1163.300048828125,97.24299621582031,44.599998474121094,15.817999839782715,2075.149902,276.4960021972656,0.12,2.05,237.733,5
10/26/2015,1167,96.95500183105469,43.97999954223633,15.899999618530273,2071.179931640625,285.29998779296875,0.12,2.05,237.733,5
10/27/2015,1166.800048828125,96.99199676513672,43.20000076293945,15.857999801635742,2065.889892578125,293.7879943847656,0.12,2.05,237.733,5
10/28/2015,1177.0999755859375,97.86100006103516,45.939998626708984,16.288000106811523,2090.350098,304.6180114746094,0.12,2.05,237.733,5
10/29/2015,1147.199951171875,97.36399841308594,46.060001373291016,15.543999671936035,2089.409912109375,313.8550109863281,0.12,2.05,237.733,5
10/30/2015,1141.5,97.01899719238281,46.59000015258789,15.565999984741211,2079.360107421875,328.0150146484375,0.12,2.05,237.733,5
11/1/2015,1141.5,97.01899719238281,46.59000015258789,15.565999984741211,2079.360107421875,328.0150146484375,0.12,2.05,238.017,5.1
11/2/2015,1135.800048828125,97.00299835205078,46.13999938964844,15.413000106811523,2104.050048828125,361.1889953613281,0.12,2.05,238.017,5.1
11/3/2015,1114.199951171875,97.24299621582031,47.900001525878906,15.244000434875488,2109.790039,403.4169922,0.12,2.05,238.017,5.1
11/4/2015,1106.5,98.02899932861328,46.31999969482422,15.062999725341797,2102.310059,411.5629883,0.12,2.05,238.017,5.1
11/5/2015,1104.4000244140625,98.05000305175781,45.20000076293945,14.98799991607666,2099.929931640625,386.3540039,0.12,2.05,238.017,5.1
11/6/2015,1087.5999755859375,99.26000213623047,44.290000915527344,14.696000099182129,2099.199951171875,374.4700012207031,0.12,2.05,238.017,5.1
11/9/2015,1087.9000244140625,99.07599639892578,43.869998931884766,14.418000221252441,2078.580078,380.2569885253906,0.12,2.05,238.017,5.1
11/10/2015,1088.199951171875,99.38999938964844,44.209999084472656,14.355999946594238,2081.719970703125,336.8190002441406,0.12,2.05,238.017,5.1
11/11/2015,1084.699951171875,99.15799713134766,42.93000030517578,14.26200008392334,2075,311.0840148925781,0.12,2.05,238.017,5.1
11/12/2015,1080.800048828125,98.71199798583984,41.75,14.223999977111816,2045.969970703125,338.1520080566406,0.12,2.05,238.017,5.1
11/13/2015,1080.800048828125,99.09700012207031,40.74000168,14.20300006866455,2023.040039,336.75299072265625,0.12,2.05,238.017,5.1
11/16/2015,1083.699951171875,99.53800201416016,41.74000168,14.220999717712402,2053.189941,330.7510070800781,0.12,2.05,238.017,5.1
11/17/2015,1068.699951171875,99.69999694824219,40.66999816894531,14.170000076293945,2050.439941,335.0939941,0.12,2.05,238.017,5.1
11/18/2015,1068.800048828125,99.74500274658203,40.75,14.079999923706055,2083.580078,334.5899963378906,0.12,2.05,238.017,5.1
11/19/2015,1078,99.06400299072266,40.540000915527344,14.241999626159668,2081.239990234375,326.14898681640625,0.12,2.05,238.017,5.1
11/20/2015,1076.4000244140625,99.62400055,40.38999938964844,14.105999946594238,2089.169922,322.0220031738281,0.12,2.05,238.017,5.1
11/23/2015,1066.800048828125,99.85500336,41.75,14.041999816894531,2086.590087890625,323.0459899902344,0.12,2.05,238.017,5.1
11/24/2015,1074.300048828125,99.58999633789062,42.869998931884766,14.168999671936035,2089.139892578125,320.0459899902344,0.12,2.05,238.017,5.1
11/25/2015,1070.5,99.83000183105469,43.040000915527344,14.168000221252441,2088.870117,328.20599365234375,0.12,2.05,238.017,5.1
11/27/2015,1056.199951171875,100.072998,41.709999084472656,14.008000373840332,2090.110107421875,358.0419922,0.12,2.05,238.017,5.1
11/30/2015,1065.800048828125,100.20999908447266,41.650001525878906,14.050000190734863,2080.409912109375,377.3210144042969,0.12,2.05,238.017,5.1
12/1/2015,1063.800048828125,99.83999633789062,41.849998474121094,14.055000305175781,2102.629883,362.4880065917969,0.24,2.15,237.761,5
12/2/2015,1054.199951171875,100.0199966430664,39.939998626708984,13.979000091552734,2079.510009765625,359.1870117,0.24,2.15,237.761,5
12/3/2015,1061.699951171875,97.63400268554688,41.08000183105469,14.053000450134277,2049.620117,361.0459899902344,0.24,2.15,237.761,5
12/4/2015,1084.5,98.34300231933594,39.970001220703125,14.505000114440918,2091.689941,363.1830139160156,0.24,2.15,237.761,5
12/7/2015,1076.4000244140625,98.66899871826172,37.650001525878906,14.307000160217285,2077.070068359375,395.5360107421875,0.24,2.15,237.761,5
12/8/2015,1076.300048828125,98.46800231933594,37.50999832,14.090999603271484,2063.590087890625,415.5629883,0.24,2.15,237.761,5
12/9/2015,1077.5999755859375,97.33399963378906,37.15999984741211,14.163999557495117,2047.6199951171875,417.5629883,0.24,2.15,237.761,5
12/10/2015,1073.0999755859375,97.95999908447266,36.75999832,14.085000038146973,2052.22998,415.4790039,0.24,2.15,237.761,5
12/11/2015,1076.9000244140625,97.5510025,35.619998931884766,13.859000205993652,2012.3699951171875,451.9379883,0.24,2.15,237.761,5
12/14/2015,1064.699951171875,97.46900177001953,36.310001373291016,13.666000366210938,2021.939941,444.1820068359375,0.24,2.15,237.761,5
12/15/2015,1062.9000244140625,98.28800201416016,37.349998474121094,13.739999771118164,2043.4100341796875,465.3210144042969,0.24,2.15,237.761,5
12/16/2015,1078,97.88400268554688,35.52000045776367,14.218000411987305,2073.070068359375,454.9339904785156,0.24,2.15,237.761,5
12/17/2015,1050.800048828125,99.31999969482422,34.95000076293945,13.682999610900879,2041.8900146484375,456.0780029296875,0.24,2.15,237.761,5
12/18/2015,1066.199951171875,98.73100280761719,34.72999954223633,14.079999923706055,2005.550048828125,463.6159973144531,0.24,2.15,237.761,5
12/21/2015,1081.9000244140625,98.36900329589844,34.74000168,14.300999641418457,2021.1500244140625,438.6390075683594,0.24,2.15,237.761,5
12/22/2015,1074.800048828125,98.24400329589844,36.13999938964844,14.302000045776367,2038.969970703125,436.5719909667969,0.24,2.15,237.761,5
12/23/2015,1069.4000244140625,98.36699676513672,37.5,14.277000427246094,2064.290039,442.4010009765625,0.24,2.15,237.761,5
12/24/2015,1077.199951171875,98.01599884033203,38.099998474121094,14.369000434875488,2060.989990234375,454.9849853515625,0.24,2.15,237.761,5
12/28/2015,1070.5,97.94999694824219,36.810001373291016,13.873000144958496,2056.5,422.27899169921875,0.24,2.15,237.761,5
12/29/2015,1077.5,98.17299652,37.869998931884766,13.916999816894531,2078.360107421875,432.9830017089844,0.24,2.15,237.761,5
12/30/2015,1060.0999755859375,98.35399627685547,36.599998474121094,13.814000129699707,2063.360107421875,426.6199951171875,0.24,2.15,237.761,5
12/31/2015,1060.300048828125,98.74500274658203,37.040000915527344,13.774999618530273,2043.939941,430.5669860839844,0.24,2.15,237.761,5
1/1/2016,1060.300048828125,98.74500274658203,37.040000915527344,13.774999618530273,2043.939941,430.5669860839844,0.34,2.15,237.652,4.8
1/4/2016,1075.0999755859375,98.96800231933594,36.75999832,13.817000389099121,2012.6600341796875,433.09100341796875,0.34,2.15,237.652,4.8
1/5/2016,1078.4000244140625,99.49600219726562,35.970001220703125,13.949000358581543,2016.709961,431.9599914550781,0.34,2.15,237.652,4.8
1/6/2016,1091.9000244140625,99.26599884033203,33.970001220703125,13.956999778747559,1990.260009765625,429.1050109863281,0.34,2.15,237.652,4.8
1/7/2016,1107.699951171875,98.27200317382812,33.27000045776367,14.335000038146973,1943.0899658203125,458.0480041503906,0.34,2.15,237.652,4.8
1/8/2016,1097.800048828125,98.59899902,33.15999984741211,13.907999992370605,1922.030029296875,453.2300109863281,0.34,2.15,237.652,4.8
1/11/2016,1096.5,98.78399658203125,31.40999984741211,13.854999542236328,1923.6700439453125,448.4280090332031,0.34,2.15,237.652,4.8
1/12/2016,1085.5999755859375,99.02400207519531,30.440000534057617,13.739999771118164,1938.6800537109375,435.69000244140625,0.34,2.15,237.652,4.8
1/13/2016,1087.5,98.97799682617188,30.479999542236328,14.145000457763672,1890.280029296875,432.3710021972656,0.34,2.15,237.652,4.8
1/14/2016,1073.9000244140625,99.15499877929688,31.200000762939453,13.737000465393066,1921.8399658203125,430.3059997558594,0.34,2.15,237.652,4.8
1/15/2016,1091.5,99.01999664,29.420000076293945,13.883999824523926,1880.3299560546875,364.33099365234375,0.34,2.15,237.652,4.8
1/19/2016,1089.9000244140625,99.03600311279297,28.459999084472656,14.109999656677246,1881.3299560546875,380.14898681640625,0.34,2.15,237.652,4.8
1/20/2016,1107.0999755859375,99.17400360107422,26.549999237060547,14.147000312805176,1859.3299560546875,420.2300109863281,0.34,2.15,237.652,4.8
1/21/2016,1099.0999755859375,99.12799835205078,29.530000686645508,14.083000183105469,1868.989990234375,410.2619934082031,0.34,2.15,237.652,4.8
1/22/2016,1097.199951171875,99.65100098,32.189998626708984,14.043000221252441,1906.9000244140625,382.49200439453125,0.34,2.15,237.652,4.8
1/25/2016,1106.199951171875,99.40599822998047,30.34000015258789,14.239999771118164,1877.0799560546875,391.72601318359375,0.34,2.15,237.652,4.8
1/26/2016,1121.699951171875,99.13300323486328,31.450000762939453,14.543999671936035,1903.6300048828125,392.15301513671875,0.34,2.15,237.652,4.8
1/27/2016,1116.0999755859375,98.95400238,32.29999923706055,14.43999958,1882.949951171875,394.97198486328125,0.34,2.15,237.652,4.8
1/28/2016,1115.5999755859375,98.53900146484375,33.220001220703125,14.215999603271484,1893.3599853515625,380.28900146484375,0.34,2.15,237.652,4.8
1/29/2016,1116.4000244140625,99.65200043,33.619998931884766,14.229000091552734,1940.239990234375,379.4739990234375,0.34,2.15,237.652,4.8
2/1/2016,1127.9000244140625,99.02799987792969,31.62000084,14.329000473022461,1939.3800048828125,373.0559997558594,0.38,1.97,237.336,4.9
2/2/2016,1127.300048828125,98.89299774169922,29.87999916,14.276000022888184,1903.030029296875,374.447998,0.38,1.97,237.336,4.9
2/3/2016,1141.300048828125,97.3010025,32.279998779296875,14.720000267028809,1912.530029296875,369.9490051269531,0.38,1.97,237.336,4.9
2/4/2016,1157.5999755859375,96.48699951171875,31.719999313354492,14.836000442504883,1915.449951171875,389.5939941,0.38,1.97,237.336,4.9
2/5/2016,1157.800048828125,97.05400085449219,30.889999389648438,14.763999938964844,1880.050048828125,386.54901123046875,0.38,1.97,237.336,4.9
2/8/2016,1197.9000244140625,96.58100128173828,29.690000534057617,15.416000366210938,1853.439941,373.4469909667969,0.38,1.97,237.336,4.9
2/9/2016,1198.699951171875,96.09400177001953,27.940000534057617,15.444000244140625,1852.209961,376.02899169921875,0.38,1.97,237.336,4.9
2/10/2016,1194.699951171875,95.93599700927734,27.450000762939453,15.277000427246094,1851.8599853515625,381.64898681640625,0.38,1.97,237.336,4.9
2/11/2016,1247.9000244140625,95.61900329589844,26.209999084472656,15.788999557495117,1829.0799560546875,379.65399169921875,0.38,1.97,237.336,4.9
2/12/2016,1239.0999755859375,95.98200225830078,29.440000534057617,15.78499984741211,1864.780029296875,384.26300048828125,0.38,1.97,237.336,4.9
2/16/2016,1207.9000244140625,96.875,29.040000915527344,15.329000473022461,1895.5799560546875,407.4880065917969,0.38,1.97,237.336,4.9
2/17/2016,1211.0999755859375,96.80000305175781,30.65999984741211,15.371999740600586,1926.8199462890625,416.3219909667969,0.38,1.97,237.336,4.9
2/18/2016,1226.0999755859375,96.95999908447266,30.770000457763672,15.427000045776367,1917.8299560546875,422.37298583984375,0.38,1.97,237.336,4.9
2/19/2016,1230.4000244140625,96.60399627685547,29.639999389648438,15.368000030517578,1917.780029296875,420.7850036621094,0.38,1.97,237.336,4.9
2/22/2016,1209.5,97.38800048828125,31.479999542236328,15.178999900817871,1945.5,437.74798583984375,0.38,1.97,237.336,4.9
2/23/2016,1222.300048828125,97.48500061035156,31.87000084,15.234999656677246,1921.27002,420.7359924316406,0.38,1.97,237.336,4.9
2/24/2016,1238.699951171875,97.46399688720703,32.150001525878906,15.291999816894531,1929.800048828125,424.9549865722656,0.38,1.97,237.336,4.9
2/25/2016,1238.199951171875,97.28199768066406,33.06999969482422,15.164999961853027,1951.699951171875,424.54400634765625,0.38,1.97,237.336,4.9
2/26/2016,1219.800048828125,98.17500305175781,32.779998779296875,14.689000129699707,1948.050048828125,432.1520080566406,0.38,1.97,237.336,4.9
2/29/2016,1233.9000244140625,98.21900177001953,33.75,14.895999908447266,1932.22998,437.6969909667969,0.38,1.97,237.336,4.9
3/1/2016,1230.300048828125,98.36499786376953,34.400001525878906,14.732999801635742,1978.3499755859375,435.12298583984375,0.36,1.83,238.08,5
3/2/2016,1241.0999755859375,98.22499847,34.65999984741211,15.003000259399414,1986.449951171875,423.9890137,0.36,1.83,238.08,5
3/3/2016,1257.4000244140625,97.60099792480469,34.56999969482422,15.130999565124512,1993.4000244140625,421.6510009765625,0.36,1.83,238.08,5
3/4/2016,1269.9000244140625,97.34300231933594,35.91999816894531,15.680999755859375,1999.989990234375,410.9389953613281,0.36,1.83,238.08,5
3/7/2016,1263.199951171875,97.08399963378906,37.900001525878906,15.623000144958496,2001.760009765625,414.3210144042969,0.36,1.83,238.08,5
3/8/2016,1262.0999755859375,97.20600128173828,36.5,15.383999824523926,1979.260009765625,413.97198486328125,0.36,1.83,238.08,5
3/9/2016,1256.5999755859375,97.15899658203125,38.290000915527344,15.354999542236328,1989.260009765625,414.8599853515625,0.36,1.83,238.08,5
3/10/2016,1272,96.05500030517578,37.84000015258789,15.545999526977539,1989.5699462890625,417.1310119628906,0.36,1.83,238.08,5
3/11/2016,1258.699951171875,96.17199707,38.5,15.607000350952148,2022.189941,421.69000244140625,0.36,1.83,238.08,5
3/14/2016,1244.4000244140625,96.52100372314453,37.18000030517578,15.517999649047852,2019.6400146484375,416.4379883,0.36,1.83,238.08,5
3/15/2016,1230.4000244140625,96.66799926757812,36.34000015258789,15.255000114440918,2015.9300537109375,416.8299865722656,0.36,1.83,238.08,5
3/16/2016,1229.300048828125,95.92500305175781,38.459999084472656,15.21399974822998,2027.219970703125,417.0109863,0.36,1.83,238.08,5
3/17/2016,1264.5,94.8010025,40.20000076293945,16.02199935913086,2040.5899658203125,420.6210021972656,0.36,1.83,238.08,5
3/18/2016,1253.800048828125,95.12000274658203,39.439998626708984,15.805999755859375,2049.580078,409.5480041503906,0.36,1.83,238.08,5
3/21/2016,1243.800048828125,95.30400085449219,39.90999984741211,15.840999603271484,2051.600098,413.3070068359375,0.36,1.83,238.08,5
3/22/2016,1248.199951171875,95.64399719238281,41.45000076293945,15.876999855041504,2049.800048828125,418.0889892578125,0.36,1.83,238.08,5
3/23/2016,1223.699951171875,96.06400299072266,39.790000915527344,15.262999534606934,2036.709961,418.0409851074219,0.36,1.83,238.08,5
3/24/2016,1221.4000244140625,96.17299652,39.459999084472656,15.190999984741211,2035.939941,416.3940124511719,0.36,1.83,238.08,5
3/28/2016,1219.9000244140625,95.94000244140625,39.38999938964844,15.194000244140625,2037.050048828125,424.2309875488281,0.36,1.83,238.08,5
3/29/2016,1235.5999755859375,95.14600372314453,38.279998779296875,15.237000465393066,2055.010009765625,416.5159912109375,0.36,1.83,238.08,5
3/30/2016,1226.9000244140625,94.81900024414062,38.31999969482422,15.206000328063965,2063.949951171875,414.8160095214844,0.36,1.83,238.08,5
3/31/2016,1234.199951171875,94.57800293,38.34000015258789,15.460000038146973,2059.739990234375,416.7290039,0.36,1.83,238.08,5
4/1/2016,1222.199951171875,94.61799621582031,36.790000915527344,15.041999816894531,2072.780029296875,417.9599914550781,0.37,1.79,238.992,5.1
4/4/2016,1218,94.52400207519531,35.70000076293945,14.942000389099121,2066.129883,421.4440002441406,0.37,1.79,238.992,5.1
4/5/2016,1228.4000244140625,94.63700103759766,35.88999938964844,15.11400032043457,2045.1700439453125,424.0299987792969,0.37,1.79,238.992,5.1
4/6/2016,1222.5,94.44100189208984,37.75,15.052000045776367,2066.659912109375,423.4129943847656,0.37,1.79,238.992,5.1
4/7/2016,1236.199951171875,94.50399780273438,37.25999832,15.156000137329102,2041.9100341796875,422.7449951171875,0.37,1.79,238.992,5.1
4/8/2016,1242.5,94.25199890136719,39.720001220703125,15.381999969482422,2047.5999755859375,420.3489990234375,0.37,1.79,238.992,5.1
4/11/2016,1256.699951171875,93.94200134277344,40.36000061035156,15.973999977111816,2041.989990234375,422.4830017089844,0.37,1.79,238.992,5.1
4/12/2016,1259.4000244140625,93.94499969482422,42.16999816894531,16.219999313354492,2061.719970703125,425.19000244140625,0.37,1.79,238.992,5.1
4/13/2016,1246.800048828125,94.76200103759766,41.75999832,16.322999954223633,2082.419922,423.7340087890625,0.37,1.79,238.992,5.1
4/14/2016,1225,94.90799713134766,41.5,16.16900062561035,2082.780029296875,424.2820129394531,0.37,1.79,238.992,5.1
4/15/2016,1233.0999755859375,94.68599700927734,40.36000061035156,16.30900001525879,2080.72998,429.7130126953125,0.37,1.79,238.992,5.1
4/18/2016,1233.5999755859375,94.45999908447266,39.779998779296875,16.249000549316406,2094.340087890625,428.59100341796875,0.37,1.79,238.992,5.1
4/19/2016,1253,93.9469986,41.08000183105469,16.968000411987305,2100.800048828125,435.5090026855469,0.37,1.79,238.992,5.1
4/20/2016,1253.199951171875,94.47100067138672,42.630001068115234,17.131000518798828,2102.399902,441.3890075683594,0.37,1.79,238.992,5.1
4/21/2016,1249,94.5739975,43.18000030517578,17.086000442504883,2091.47998,449.42498779296875,0.37,1.79,238.992,5.1
4/22/2016,1228.699951171875,95.08000183105469,43.72999954223633,16.895999908447266,2091.580078,445.73699951171875,0.37,1.79,238.992,5.1
4/25/2016,1238.9000244140625,94.8010025,42.63999938964844,17.00499916,2087.790039,461.4259948730469,0.37,1.79,238.992,5.1
4/26/2016,1242.199951171875,94.54299926757812,44.040000915527344,17.106000900268555,2091.699951171875,466.0889892578125,0.37,1.79,238.992,5.1
4/27/2016,1249.199951171875,94.36699676513672,45.33000183105469,17.285999298095703,2095.149902,444.6870117,0.37,1.79,238.992,5.1
4/28/2016,1265.5,93.72699737548828,46.029998779296875,17.55299949645996,2075.810059,449.0109863,0.37,1.79,238.992,5.1
4/29/2016,1289.199951171875,93.05400085449219,45.91999816894531,17.788999557495117,2065.300048828125,455.09698486328125,0.37,1.79,238.992,5.1
5/1/2016,1289.199951171875,93.05400085449219,45.91999816894531,17.788999557495117,2065.300048828125,455.09698486328125,0.37,1.79,239.557,4.8
5/2/2016,1294.699951171875,92.61799621582031,44.779998779296875,17.65600014,2081.429931640625,444.66900634765625,0.37,1.79,239.557,4.8
5/3/2016,1290.699951171875,92.93099975585938,43.650001525878906,17.474000930786133,2063.370117,450.3039855957031,0.37,1.79,239.557,4.8
5/4/2016,1273.300048828125,93.18699645996094,43.779998779296875,17.277000427246094,2051.120117,446.72198486328125,0.37,1.79,239.557,4.8
5/5/2016,1271.4000244140625,93.77999877929688,44.31999969482422,17.302000045776367,2050.629883,447.97601318359375,0.37,1.79,239.557,4.8
5/6/2016,1292.9000244140625,93.88300323486328,44.65999984741211,17.506999969482422,2057.139892578125,459.6029968261719,0.37,1.79,239.557,4.8
5/9/2016,1265.5999755859375,94.11499786376953,43.439998626708984,17.06999969482422,2058.689941,460.4830017089844,0.37,1.79,239.557,4.8
5/10/2016,1263.9000244140625,94.26699829101562,44.65999984741211,17.075000762939453,2084.389892578125,450.8949890136719,0.37,1.79,239.557,4.8
5/11/2016,1274.5999755859375,93.79000091552734,46.22999954223633,17.302000045776367,2064.459961,452.7279968261719,0.37,1.79,239.557,4.8
5/12/2016,1270.300048828125,94.12799835205078,46.70000076293945,17.086999893188477,2064.110107421875,454.7659912109375,0.37,1.79,239.557,4.8
5/13/2016,1271.9000244140625,94.59300231933594,46.209999084472656,17.114999771118164,2046.6099853515625,455.6700134277344,0.37,1.79,239.557,4.8
5/16/2016,1273.4000244140625,94.55000305175781,47.720001220703125,17.142000198364258,2066.659912109375,454.1629943847656,0.37,1.79,239.557,4.8
5/17/2016,1276.199951171875,94.53099822998047,48.310001373291016,17.235000610351562,2047.209961,453.7829895019531,0.37,1.79,239.557,4.8
5/18/2016,1273.699951171875,95.06300354003906,48.189998626708984,17.12000084,2047.6300048828125,454.6189880371094,0.37,1.79,239.557,4.8
5/19/2016,1254.199951171875,95.29399871826172,48.15999984741211,16.479000091552734,2040.040039,438.7149963378906,0.37,1.79,239.557,4.8
5/20/2016,1252.4000244140625,95.34300231933594,47.75,16.518999099731445,2052.320068359375,442.6759948730469,0.37,1.79,239.557,4.8
5/23/2016,1251.0999755859375,95.21600341796875,48.08000183105469,16.40999984741211,2048.040039,444.1549987792969,0.37,1.79,239.557,4.8
5/24/2016,1228.9000244140625,95.57599639892578,48.619998931884766,16.238000869750977,2076.060059,445.9809875488281,0.37,1.79,239.557,4.8
5/25/2016,1223.5,95.33999633789062,49.560001373291016,16.25499916,2090.540039,449.5989990234375,0.37,1.79,239.557,4.8
5/26/2016,1220.0999755859375,95.16200256347656,49.47999954223633,16.33799934387207,2090.100098,453.3840026855469,0.37,1.79,239.557,4.8
5/27/2016,1213.800048828125,95.5,49.33000183105469,16.246000289916992,2099.060059,473.4639892578125,0.37,1.79,239.557,4.8
5/31/2016,1214.800048828125,95.87799835205078,49.099998474121094,15.972000122070312,2096.949951171875,531.3859863,0.37,1.79,239.557,4.8
6/1/2016,1211.9000244140625,95.45600128173828,49.00999832,15.906000137329102,2099.330078,536.9199829101562,0.38,1.85,240.222,4.9
6/2/2016,1209.800048828125,95.56600189208984,49.16999816894531,16.00499916,2105.260009765625,537.9719848632812,0.38,1.85,240.222,4.9
6/3/2016,1240.0999755859375,94.02799987792969,48.619998931884766,16.34600067138672,2099.129883,569.1939697265625,0.38,1.85,240.222,4.9
6/6/2016,1244.5999755859375,93.88999938964844,49.689998626708984,16.42799949645996,2109.409912109375,585.5369873046875,0.38,1.85,240.222,4.9
6/7/2016,1244.4000244140625,93.83200073242188,50.36000061035156,16.37700080871582,2112.129883,576.5969848632812,0.38,1.85,240.222,4.9
6/8/2016,1259.800048828125,93.58000183105469,51.22999954223633,16.968000411987305,2119.120117,581.6450195,0.38,1.85,240.222,4.9
6/9/2016,1270.199951171875,93.95200348,50.560001373291016,17.253000259399414,2115.47998,574.6300048828125,0.38,1.85,240.222,4.9
6/10/2016,1273.4000244140625,94.56099700927734,49.06999969482422,17.315000534057617,2096.070068359375,577.4699707,0.38,1.85,240.222,4.9
6/13/2016,1284.4000244140625,94.39900207519531,48.880001068115234,17.42799949645996,2079.060059,704.3759766,0.38,1.85,240.222,4.9
6/14/2016,1285.5999755859375,95.04000091552734,48.49000168,17.40999984741211,2075.320068359375,685.5590209960938,0.38,1.85,240.222,4.9
6/15/2016,1285.800048828125,94.68000030517578,48.00999832,17.48900032043457,2071.5,694.4689941,0.38,1.85,240.222,4.9
6/16/2016,1296.0999755859375,94.70600128173828,46.209999084472656,17.59399986,2077.989990234375,766.3079833984375,0.38,1.85,240.222,4.9
6/17/2016,1292.5,94.33999633789062,47.97999954223633,17.399999618530273,2071.219970703125,748.9089965820312,0.38,1.85,240.222,4.9
6/20/2016,1290,93.68399810791016,49.369998931884766,17.503000259399414,2083.25,737.2260131835938,0.38,1.85,240.222,4.9
6/21/2016,1270.5,94.06099700927734,48.849998474121094,17.31100082397461,2088.899902,666.6519775390625,0.38,1.85,240.222,4.9
6/22/2016,1268,93.75800323486328,49.130001068115234,17.30500030517578,2085.449951171875,596.1160278320312,0.38,1.85,240.222,4.9
6/23/2016,1261.199951171875,93.52700043,50.11000061035156,17.347999572753906,2113.320068359375,623.9769897460938,0.38,1.85,240.222,4.9
6/24/2016,1320,95.5739975,47.63999938964844,17.78499984741211,2037.4100341796875,665.2990112304688,0.38,1.85,240.222,4.9
6/27/2016,1322.5,96.70300293,46.33000183105469,17.739999771118164,2000.540039,655.2750244140625,0.38,1.85,240.222,4.9
6/28/2016,1315.300048828125,96.33100128173828,47.849998474121094,17.839000701904297,2036.0899658203125,647.0009766,0.38,1.85,240.222,4.9
6/29/2016,1323.9000244140625,95.80699920654297,49.880001068115234,18.36199951171875,2070.77002,639.8900146484375,0.38,1.85,240.222,4.9
6/30/2016,1318.4000244140625,96.20300293,48.33000183105469,18.582000732421875,2098.860107421875,673.3369750976562,0.38,1.85,240.222,4.9
7/1/2016,1336.699951171875,95.71399688720703,48.99000168,19.54400062561035,2102.949951171875,676.2960205078125,0.39,1.46,240.101,4.8
7/5/2016,1356.4000244140625,96.25900268554688,46.599998474121094,19.865999221801758,2088.550048828125,670.6270141601562,0.39,1.46,240.101,4.8
7/6/2016,1364.9000244140625,96.13099670410156,47.43000030517578,20.15999984741211,2099.72998,677.3309936523438,0.39,1.46,240.101,4.8
7/7/2016,1360.0999755859375,96.38300323486328,45.13999938964844,19.79800033569336,2097.899902,640.5620117,0.39,1.46,240.101,4.8
7/8/2016,1356.5999755859375,96.32700348,45.40999984741211,20.058000564575195,2129.899902,666.5230102539062,0.39,1.46,240.101,4.8
7/11/2016,1355,96.58999633789062,44.75999832,20.263999938964844,2137.159912109375,647.6589965820312,0.39,1.46,240.101,4.8
7/12/2016,1334.0999755859375,96.48699951171875,46.79999923706055,20.12999916,2152.139892578125,664.5510254,0.39,1.46,240.101,4.8
7/13/2016,1342.4000244140625,96.20800018310547,44.75,20.37000084,2152.429931640625,654.4680176,0.39,1.46,240.101,4.8
7/14/2016,1331.300048828125,96.09999847,45.68000030517578,20.28100014,2163.75,658.0780029296875,0.39,1.46,240.101,4.8
7/15/2016,1326.5,96.56300354003906,45.95000076293945,20.125,2161.739990234375,663.2550048828125,0.39,1.46,240.101,4.8
7/18/2016,1328.4000244140625,96.58699798583984,45.24000168,20.04400062561035,2166.889892578125,673.1060180664062,0.39,1.46,240.101,4.8
7/19/2016,1331.5,97.10800170898438,44.650001525878906,19.975000381469727,2163.780029296875,672.8640137,0.39,1.46,240.101,4.8
7/20/2016,1318.800048828125,97.26300048828125,44.939998626708984,19.582000732421875,2173.02002,665.6849975585938,0.39,1.46,240.101,4.8
7/21/2016,1330.5,97.04599762,44.75,19.784000396728516,2165.169922,665.0120239257812,0.39,1.46,240.101,4.8
7/22/2016,1323.0999755859375,97.51599884033203,44.189998626708984,19.656999588012695,2175.030029296875,650.6190185546875,0.39,1.46,240.101,4.8
7/25/2016,1319.300048828125,97.32599639892578,43.130001068115234,19.614999771118164,2168.47998,654.0969848632812,0.39,1.46,240.101,4.8
7/26/2016,1320.699951171875,97.16799926757812,42.91999816894531,19.655000686645508,2169.179931640625,651.7839965820312,0.39,1.46,240.101,4.8
7/27/2016,1326.5999755859375,97.04199981689453,41.91999816894531,19.96500015258789,2166.580078,654.3519897460938,0.39,1.46,240.101,4.8
7/28/2016,1332.300048828125,96.72100067138672,41.13999938964844,20.15999984741211,2170.060059,655.0349731445312,0.39,1.46,240.101,4.8
7/29/2016,1349,95.49099731445312,41.599998474121094,20.312000274658203,2173.600098,656.9920043945312,0.39,1.46,240.101,4.8
8/1/2016,1351.4000244140625,95.67700195,40.060001373291016,20.46500015258789,2170.840087890625,606.2719727,0.4,1.51,240.545,4.9
8/2/2016,1364.4000244140625,94.98799896240234,39.50999832,20.666000366210938,2157.030029296875,547.4650268554688,0.4,1.51,240.545,4.9
8/3/2016,1356.0999755859375,95.52500153,40.83000183105469,20.43600082397461,2163.790039,566.3549805,0.4,1.51,240.545,4.9
8/4/2016,1358.800048828125,95.71700286865234,41.93000030517578,20.40600014,2164.25,578.2890014648438,0.4,1.51,240.545,4.9
8/5/2016,1336.4000244140625,96.13600158691406,41.79999923706055,19.780000686645508,2182.870117,575.0430297851562,0.4,1.51,240.545,4.9
8/8/2016,1333.4000244140625,96.33999633789062,43.02000045776367,19.76799964904785,2180.889892578125,591.0540161132812,0.4,1.51,240.545,4.9
8/9/2016,1339,96.13200378417969,42.77000045776367,19.81399917602539,2181.739990234375,587.8010254,0.4,1.51,240.545,4.9
8/10/2016,1344.300048828125,95.60800170898438,41.709999084472656,20.134000778198242,2175.489990234375,592.1030273,0.4,1.51,240.545,4.9
8/11/2016,1342.5,95.83799743652344,43.49000168,19.983999252319336,2185.790039,589.1199951171875,0.4,1.51,240.545,4.9
8/12/2016,1335.800048828125,95.68199920654297,44.49000168,19.672000885009766,2184.050048828125,587.5590209960938,0.4,1.51,240.545,4.9
8/15/2016,1340.300048828125,95.59400177001953,45.74000168,19.820999145507812,2190.149902,567.2399902,0.4,1.51,240.545,4.9
8/16/2016,1350.5,94.76399993896484,46.58000183105469,19.847999572753906,2178.149902,577.4390258789062,0.4,1.51,240.545,4.9
8/17/2016,1342.699951171875,94.69000244140625,46.790000915527344,19.62700080871582,2182.219970703125,573.2160034179688,0.4,1.51,240.545,4.9
8/18/2016,1351.199951171875,94.13700103759766,48.220001220703125,19.719999313354492,2187.02002,574.3179931640625,0.4,1.51,240.545,4.9
8/19/2016,1340.4000244140625,94.48300170898438,48.52000045776367,19.301000595092773,2183.870117,575.6300048828125,0.4,1.51,240.545,4.9
8/22/2016,1337.699951171875,94.49900055,47.04999923706055,18.843000411987305,2182.639892578125,586.7529907226562,0.4,1.51,240.545,4.9
8/23/2016,1340.5999755859375,94.49400329589844,48.099998474121094,18.90999984741211,2186.899902,583.4149780273438,0.4,1.51,240.545,4.9
8/24/2016,1324.4000244140625,94.74700164794922,46.77000045776367,18.545000076293945,2175.439941,580.1820068359375,0.4,1.51,240.545,4.9
8/25/2016,1320.0999755859375,94.74299621582031,47.33000183105469,18.47800064086914,2172.469970703125,577.7609863,0.4,1.51,240.545,4.9
8/26/2016,1321.5,95.54199981689453,47.63999938964844,18.645000457763672,2169.040039,579.6510009765625,0.4,1.51,240.545,4.9
8/29/2016,1322.9000244140625,95.54299926757812,46.97999954223633,18.761999130249023,2180.379883,574.1069946289062,0.4,1.51,240.545,4.9
8/30/2016,1311.699951171875,96.04100036621094,46.349998474121094,18.57699966430664,2176.120117,577.5029907226562,0.4,1.51,240.545,4.9
8/31/2016,1306.9000244140625,96.01200103759766,44.70000076293945,18.621999740600586,2170.949951171875,575.4719848632812,0.4,1.51,240.545,4.9
9/1/2016,1312.199951171875,95.66000366210938,43.15999984741211,18.85700035095215,2170.860107421875,572.3029785,0.4,1.57,241.176,5
9/2/2016,1322.0999755859375,95.84400177001953,44.439998626708984,19.275999069213867,2179.97998,575.5369873046875,0.4,1.57,241.176,5
9/6/2016,1349.4000244140625,94.82299805,44.83000183105469,20.048999786376953,2186.47998,610.4359741210938,0.4,1.57,241.176,5
9/7/2016,1344.300048828125,94.95099639892578,45.5,19.759000778198242,2186.159912109375,614.5440063476562,0.4,1.57,241.176,5
9/8/2016,1336.800048828125,95.0510025,47.619998931884766,19.590999603271484,2181.300048828125,626.3159790039062,0.4,1.57,241.176,5
9/9/2016,1330.0999755859375,95.32800293,45.880001068115234,19.281999588012695,2127.810059,622.8610229492188,0.4,1.57,241.176,5
9/12/2016,1321,95.08799743652344,46.290000915527344,18.915000915527344,2159.040039,608.2429809570312,0.4,1.57,241.176,5
9/13/2016,1319,95.64499664,44.900001525878906,18.889999389648438,2127.02002,609.2410278320312,0.4,1.57,241.176,5
9/14/2016,1321.5,95.3219986,43.58000183105469,18.98200035095215,2125.77002,610.6840209960938,0.4,1.57,241.176,5
9/15/2016,1313.5,95.28299713134766,43.90999984741211,18.958999633789062,2147.260009765625,607.1550293,0.4,1.57,241.176,5
9/16/2016,1305.800048828125,96.10500336,43.029998779296875,18.78100014,2139.159912109375,606.9730224609375,0.4,1.57,241.176,5
9/19/2016,1313.5,95.76999664,43.29999923706055,19.20599937438965,2139.120117,609.2269897460938,0.4,1.57,241.176,5
9/20/2016,1313.699951171875,95.97599792480469,43.439998626708984,19.19499969482422,2139.760009765625,608.3120117,0.4,1.57,241.176,5
9/21/2016,1326.9000244140625,95.66500091552734,45.34000015258789,19.68600082397461,2163.120117,597.1489868164062,0.4,1.57,241.176,5
9/22/2016,1340.4000244140625,95.38099670410156,46.31999969482422,20.020000457763672,2177.179931640625,596.2979736328125,0.4,1.57,241.176,5
9/23/2016,1337.199951171875,95.39199829101562,44.47999954223633,19.732999801635742,2164.689941,602.8419799804688,0.4,1.57,241.176,5
9/26/2016,1339.699951171875,95.20999908447266,45.93000030517578,19.516000747680664,2146.100098,608.0430297851562,0.4,1.57,241.176,5
9/27/2016,1325.9000244140625,95.31199645996094,44.66999816894531,19.086999893188477,2159.929931640625,606.1660156,0.4,1.57,241.176,5
9/28/2016,1319.4000244140625,95.33599853515625,47.04999923706055,19.04400062561035,2171.370117,604.7280273,0.4,1.57,241.176,5
9/29/2016,1321.699951171875,95.47200012207031,47.83000183105469,19.114999771118164,2151.129883,605.6929931640625,0.4,1.57,241.176,5
9/30/2016,1313.300048828125,95.38500213623047,48.24000168,19.138999938964844,2168.27002,609.7349853515625,0.4,1.57,241.176,5
10/1/2016,1313.300048828125,95.38500213623047,48.24000168,19.138999938964844,2168.27002,609.7349853515625,0.4,1.57,241.741,4.9
10/3/2016,1309,95.58699798583984,48.810001373291016,18.795000076293945,2161.199951171875,612.1329956054688,0.4,1.57,241.741,4.9
10/4/2016,1266.300048828125,96.125,48.689998626708984,17.71299934387207,2150.489990234375,610.2039794921875,0.4,1.57,241.741,4.9
10/5/2016,1265.199951171875,96.11399841308594,49.83000183105469,17.634000778198242,2159.72998,612.5109863,0.4,1.57,241.741,4.9
10/6/2016,1249.800048828125,96.77200317382812,50.439998626708984,17.288000106811523,2160.77002,613.0209961,0.4,1.57,241.741,4.9
10/7/2016,1248.9000244140625,96.65399932861328,49.810001373291016,17.323999404907227,2153.739990234375,617.1209716796875,0.4,1.57,241.741,4.9
10/11/2016,1253,97.69200134277344,50.790000915527344,17.45599937438965,2136.72998,641.0720215,0.4,1.57,241.741,4.9
10/12/2016,1251.0999755859375,97.96199798583984,50.18000030517578,17.454999923706055,2139.179931640625,636.1920166015625,0.4,1.57,241.741,4.9
10/13/2016,1255,97.51799774169922,50.439998626708984,17.40999984741211,2132.550048828125,636.7860107421875,0.4,1.57,241.741,4.9
10/14/2016,1253.0999755859375,97.99700164794922,50.349998474121094,17.39299964904785,2132.97998,640.3779907226562,0.4,1.57,241.741,4.9
10/17/2016,1254.4000244140625,97.87799835205078,49.939998626708984,17.426000595092773,2126.5,639.1929931640625,0.4,1.57,241.741,4.9
10/18/2016,1260.800048828125,97.89700317382812,50.290000915527344,17.590999603271484,2139.600098,637.9600219726562,0.4,1.57,241.741,4.9
10/19/2016,1267.9000244140625,97.94000244140625,51.599998474121094,17.615999221801758,2144.290039,630.5200195,0.4,1.57,241.741,4.9
10/20/2016,1265.5999755859375,98.31400299072266,50.43000030517578,17.50200080871582,2141.340087890625,630.8569946289062,0.4,1.57,241.741,4.9
10/21/2016,1265.9000244140625,98.68599700927734,50.849998474121094,17.447999954223633,2141.159912109375,632.8280029296875,0.4,1.57,241.741,4.9
10/24/2016,1262,98.75199890136719,50.52000045776367,17.562000274658203,2151.330078,653.7609863,0.4,1.57,241.741,4.9
10/25/2016,1271.9000244140625,98.68199920654297,49.959999084472656,17.736000061035156,2143.159912109375,657.5880126953125,0.4,1.57,241.741,4.9
10/26/2016,1264.800048828125,98.61100006103516,49.18000030517578,17.584999084472656,2139.429931640625,678.3040161132812,0.4,1.57,241.741,4.9
10/27/2016,1267.9000244140625,98.87899780273438,49.720001220703125,17.604000091552734,2133.040039,688.3129883,0.4,1.57,241.741,4.9
10/28/2016,1275.5,98.34200286865234,48.70000076293945,17.761999130249023,2126.409912109375,689.6510009765625,0.4,1.57,241.741,4.9
10/31/2016,1271.5,98.42199707,46.86000061035156,17.761999130249023,2126.149902,700.9719848632812,0.4,1.57,241.741,4.9
11/1/2016,1286.4000244140625,97.6969986,46.66999816894531,18.385000228881836,2111.719970703125,729.7930297851562,0.41,1.83,242.026,4.7
11/2/2016,1306.800048828125,97.41400146484375,45.34000015258789,18.65999984741211,2097.939941,740.8289794921875,0.41,1.83,242.026,4.7
11/3/2016,1302.0999755859375,97.19599914550781,44.65999984741211,18.382999420166016,2088.659912109375,688.7000122070312,0.41,1.83,242.026,4.7
11/4/2016,1303.300048828125,97.08799743652344,44.06999969482422,18.341999053955078,2085.179931640625,703.2349853515625,0.41,1.83,242.026,4.7
11/7/2016,1278.300048828125,97.79299926757812,44.88999938964844,18.124000549316406,2131.52002,703.1309814453125,0.41,1.83,242.026,4.7
11/8/2016,1273.4000244140625,97.86000061035156,44.97999954223633,18.329999923706055,2139.560059,709.8480224609375,0.41,1.83,242.026,4.7
11/9/2016,1272.5999755859375,98.52899932861328,45.27000045776367,18.35700035095215,2163.260009765625,723.2730102539062,0.41,1.83,242.026,4.7
11/10/2016,1265.5,98.77400207519531,44.65999984741211,18.715999603271484,2167.47998,715.5339965820312,0.41,1.83,242.026,4.7
11/14/2016,1221.199951171875,100.12000274658203,43.31999969482422,16.87700080871582,2164.199951171875,705.0209961,0.41,1.83,242.026,4.7
11/15/2016,1224,100.25,45.810001373291016,17.02899932861328,2180.389892578125,711.6190185546875,0.41,1.83,242.026,4.7
11/16/2016,1223.4000244140625,100.43800354003906,45.56999969482422,16.913999557495117,2176.939941,744.197998,0.41,1.83,242.026,4.7
11/17/2016,1216.5,100.94599914550781,45.41999816894531,16.76099967956543,2187.120117,740.9769897460938,0.41,1.83,242.026,4.7
11/18/2016,1208.5,101.28299713134766,45.689998626708984,16.613000869750977,2181.899902,751.5850219726562,0.41,1.83,242.026,4.7
11/21/2016,1209.5999755859375,101.11299896240234,47.49000168,16.511999130249023,2198.179931640625,739.2479858398438,0.41,1.83,242.026,4.7
11/22/2016,1211,101.10600280761719,48.029998779296875,16.62299919128418,2202.939941,751.3469848632812,0.41,1.83,242.026,4.7
11/23/2016,1189.0999755859375,101.75900268554688,47.959999084472656,16.382999420166016,2204.719970703125,744.5939941,0.41,1.83,242.026,4.7
11/25/2016,1178.199951171875,101.5459976196289,46.060001373291016,16.464000701904297,2213.350098,741.6489868164062,0.41,1.83,242.026,4.7
11/28/2016,1190.5999755859375,101.36799621582031,47.08000183105469,16.577999114990234,2201.719970703125,735.8129883,0.41,1.83,242.026,4.7
11/29/2016,1187.9000244140625,100.9489974975586,45.22999954223633,16.660999298095703,2204.659912109375,735.6040039,0.41,1.83,242.026,4.7
11/30/2016,1170.800048828125,101.53900146484375,49.439998626708984,16.40600014,2198.810059,745.6909790039062,0.41,1.83,242.026,4.7
12/1/2016,1166.9000244140625,101.0989990234375,51.060001373291016,16.427000045776367,2191.080078,756.7739868164062,0.54,2.45,242.637,4.7
12/2/2016,1175.0999755859375,100.86100006103516,51.68000030517578,16.753000259399414,2191.949951171875,777.9439697265625,0.54,2.45,242.637,4.7
12/5/2016,1174,100.11199951171875,51.790000915527344,16.823999404907227,2204.709961,758.7000122070312,0.54,2.45,242.637,4.7
12/6/2016,1167.5999755859375,100.52999877929688,50.93000030517578,16.739999771118164,2212.22998,764.2239990234375,0.54,2.45,242.637,4.7
12/7/2016,1175,100.26799774169922,49.77000045776367,17.202999114990234,2241.350098,768.1320190429688,0.54,2.45,242.637,4.7
12/8/2016,1169.800048828125,101.125,50.84000015258789,17.024999618530273,2246.189941,770.8099975585938,0.54,2.45,242.637,4.7
12/9/2016,1159.4000244140625,101.62000274658203,51.5,16.89699935913086,2259.530029296875,772.7940063476562,0.54,2.45,242.637,4.7
12/12/2016,1163.5,101.04900360107422,52.83000183105469,17.115999221801758,2256.959961,780.0869750976562,0.54,2.45,242.637,4.7
12/13/2016,1156.699951171875,101.10700225830078,52.97999954223633,16.910999298095703,2271.719970703125,780.5560302734375,0.54,2.45,242.637,4.7
12/14/2016,1161.300048828125,101.7699966430664,51.040000915527344,17.152000427246094,2253.280029296875,781.4810180664062,0.54,2.45,242.637,4.7
12/15/2016,1127.800048828125,103.0530014038086,50.900001525878906,15.897000312805176,2262.030029296875,778.0880126953125,0.54,2.45,242.637,4.7
12/16/2016,1135.300048828125,102.9540023803711,51.900001525878906,16.152999877929688,2258.070068359375,784.9069824,0.54,2.45,242.637,4.7
12/19/2016,1140.5,102.9000015258789,52.119998931884766,16.025999069213867,2262.530029296875,792.7139892578125,0.54,2.45,242.637,4.7
12/20/2016,1131.5,103.28800201416016,52.22999954223633,16.054000854492188,2270.760009765625,800.8759766,0.54,2.45,242.637,4.7
12/21/2016,1131.0999755859375,103.02899932861328,52.49000168,15.918000221252441,2265.179931640625,834.2810059,0.54,2.45,242.637,4.7
12/22/2016,1128.800048828125,103.09600067138672,52.95000076293945,15.81499958,2260.959961,864.5399780273438,0.54,2.45,242.637,4.7
12/23/2016,1131.9000244140625,103.00199890136719,53.02000045776367,15.704000473022461,2263.790039,921.9840087890625,0.54,2.45,242.637,4.7
12/27/2016,1137.300048828125,103.00700378417969,53.900001525878906,15.928999900817871,2268.879883,933.197998,0.54,2.45,242.637,4.7
12/28/2016,1139.4000244140625,103.24400329589844,54.060001373291016,15.98799991607666,2249.919922,975.9210205078125,0.54,2.45,242.637,4.7
12/29/2016,1156.4000244140625,102.71099853515625,53.77000045776367,16.163000106811523,2249.260009765625,973.4970092773438,0.54,2.45,242.637,4.7
12/30/2016,1150,102.28600311279297,53.720001220703125,15.935999870300293,2238.830078,961.2379760742188,0.54,2.45,242.637,4.7
1/1/2017,1150,102.28600311279297,53.720001220703125,15.935999870300293,2238.830078,961.2379760742188,0.65,2.45,243.618,4.7
1/3/2017,1160.4000244140625,103.20099639892578,52.33000183105469,16.356000900268555,2257.830078,1043.8399658203125,0.65,2.45,243.618,4.7
1/4/2017,1163.800048828125,102.70899963378906,53.25999832,16.499000549316406,2270.75,1154.72998,0.65,2.45,243.618,4.7
1/5/2017,1179.699951171875,101.52799987792969,53.75999832,16.583999633789062,2269,1013.3800048828125,0.65,2.45,243.618,4.7
1/6/2017,1171.9000244140625,102.20899963378906,53.99000168,16.465999603271484,2276.97998,902.2009887695312,0.65,2.45,243.618,4.7
1/9/2017,1183.5,101.90899658203125,51.959999084472656,16.62999916,2268.899902,902.8280029296875,0.65,2.45,243.618,4.7
1/10/2017,1184.199951171875,101.99600219726562,50.81999969482422,16.80299949645996,2268.899902,907.6790161132812,0.65,2.45,243.618,4.7
1/11/2017,1195.5999755859375,101.74700164794922,52.25,16.783000946044922,2275.320068359375,777.7570190429688,0.65,2.45,243.618,4.7
1/12/2017,1198.9000244140625,101.37699890136719,53.00999832,16.780000686645508,2270.439941,804.8339844,0.65,2.45,243.618,4.7
1/13/2017,1195.300048828125,101.18800354003906,52.369998931884766,16.719999313354492,2274.639892578125,823.9840087890625,0.65,2.45,243.618,4.7
1/17/2017,1212,100.31999969482422,52.47999954223633,17.101999282836914,2267.889892578125,907.9379883,0.65,2.45,243.618,4.7
1/18/2017,1211.300048828125,100.91799926757812,51.08000183105469,17.235000610351562,2271.889892578125,886.6179809570312,0.65,2.45,243.618,4.7
1/19/2017,1200.9000244140625,101.14399719238281,51.369998931884766,16.966999053955078,2263.689941,899.072998,0.65,2.45,243.618,4.7
1/20/2017,1204.300048828125,100.69000244140625,52.41999816894531,16.996999740600586,2271.310059,895.0260009765625,0.65,2.45,243.618,4.7
1/23/2017,1215,100.12999725341797,52.75,17.149999618530273,2265.199951171875,921.0120239257812,0.65,2.45,243.618,4.7
1/24/2017,1210.300048828125,100.33899688720703,53.18000030517578,17.14900016784668,2280.070068359375,892.6870117,0.65,2.45,243.618,4.7
1/25/2017,1197.300048828125,100.01899719238281,52.75,16.944000244140625,2298.370117,901.5419922,0.65,2.45,243.618,4.7
1/26/2017,1189.5,100.375,53.779998779296875,16.81399917602539,2296.679931640625,917.5859985351562,0.65,2.45,243.618,4.7
1/27/2017,1188.0999755859375,100.5260009765625,53.16999816894531,17.100000381469727,2294.689941,919.75,0.65,2.45,243.618,4.7
1/30/2017,1193.199951171875,100.41400146484375,52.630001068115234,17.121999740600586,2280.899902,920.3820190429688,0.65,2.45,243.618,4.7
1/31/2017,1208.5999755859375,99.48100280761719,52.810001373291016,17.511999130249023,2278.870117,970.4030151367188,0.65,2.45,243.618,4.7
2/1/2017,1205.5999755859375,99.60800170898438,53.880001068115234,17.420000076293945,2279.550048828125,989.0230102539062,0.66,2.48,244.006,4.6
2/2/2017,1216.699951171875,99.78800201416016,53.540000915527344,17.402000427246094,2280.850098,1011.7999877929688,0.66,2.48,244.006,4.6
2/3/2017,1218.5,99.84200286865234,53.83000183105469,17.452999114990234,2297.419922,1029.9100341796875,0.66,2.48,244.006,4.6
2/6/2017,1230,99.86499786376953,53.00999832,17.66699981689453,2292.560059,1038.1500244140625,0.66,2.48,244.006,4.6
2/7/2017,1234.199951171875,100.24500274658203,52.16999816894531,17.732999801635742,2293.080078,1061.3499755859375,0.66,2.48,244.006,4.6
2/8/2017,1237.5999755859375,100.26399993896484,52.34000015258789,17.683000564575195,2294.669922,1063.0699462890625,0.66,2.48,244.006,4.6
2/9/2017,1235.0999755859375,100.64700317382812,53,17.719999313354492,2307.870117,994.3829956054688,0.66,2.48,244.006,4.6
2/10/2017,1234.4000244140625,100.79100036621094,53.86000061035156,17.91200065612793,2316.100098,988.6740112304688,0.66,2.48,244.006,4.6
2/13/2017,1224.4000244140625,100.94999694824219,52.93000030517578,17.804000854492188,2328.25,990.6420288085938,0.66,2.48,244.006,4.6
2/14/2017,1223.9000244140625,101.23300170898438,53.20000076293945,17.871999740600586,2337.580078,1004.5499877929688,0.66,2.48,244.006,4.6
2/15/2017,1231.699951171875,101.16400146484375,53.11000061035156,17.94700050354004,2349.25,1007.47998,0.66,2.48,244.006,4.6
2/16/2017,1240,100.43000030517578,53.36000061035156,18.062999725341797,2347.219970703125,1027.439941,0.66,2.48,244.006,4.6
2/17/2017,1237.5999755859375,100.95099639892578,53.400001525878906,18.018999099731445,2351.159912109375,1046.209961,0.66,2.48,244.006,4.6
2/21/2017,1237.5,101.3550033569336,54.060001373291016,17.989999771118164,2365.379883,1115.300048828125,0.66,2.48,244.006,4.6
2/22/2017,1232,101.19400024414062,53.59000015258789,17.941999435424805,2362.820068359375,1117.439941,0.66,2.48,244.006,4.6
2/23/2017,1250.199951171875,101.0530014038086,54.45000076293945,18.113000869750977,2363.810059,1166.719970703125,0.66,2.48,244.006,4.6
2/24/2017,1256.9000244140625,101.08999633789062,53.99000168,18.334999084472656,2367.340087890625,1173.6800537109375,0.66,2.48,244.006,4.6
2/27/2017,1257.4000244140625,101.12899780273438,54.04999923706055,18.354000091552734,2369.75,1179.969970703125,0.66,2.48,244.006,4.6
2/28/2017,1252.5999755859375,101.12899780273438,54.00999832,18.420000076293945,2363.639892578125,1179.969970703125,0.66,2.48,244.006,4.6
3/1/2017,1248.9000244140625,101.77999877929688,53.83000183105469,18.44300079345703,2395.959961,1222.5,0.79,2.46,243.892,4.4
3/2/2017,1231.9000244140625,102.2040023803711,52.61000061035156,17.704999923706055,2381.919922,1251.010009765625,0.79,2.46,243.892,4.4
3/3/2017,1225.5,101.5479965209961,53.33000183105469,17.69700050354004,2383.120117,1274.989990234375,0.79,2.46,243.892,4.4
3/6/2017,1224.5,101.6449966430664,53.20000076293945,17.725000381469727,2375.310059,1272.8299560546875,0.79,2.46,243.892,4.4
3/7/2017,1215.0999755859375,101.80500030517578,53.13999938964844,17.492000579833984,2368.389892578125,1223.540039,0.79,2.46,243.892,4.4
3/8/2017,1208.5,102.07599639892578,50.279998779296875,17.256999969482422,2362.97998,1150,0.79,2.46,243.892,4.4
3/9/2017,1202.4000244140625,101.85299682617188,49.279998779296875,16.993000030517578,2364.870117,1188.489990234375,0.79,2.46,243.892,4.4
3/10/2017,1200.699951171875,101.24700164794922,48.49000168,16.882999420166016,2372.600098,1116.719970703125,0.79,2.46,243.892,4.4
3/13/2017,1202.4000244140625,101.30999755859375,48.400001525878906,16.934999465942383,2373.469970703125,1231.9200439453125,0.79,2.46,243.892,4.4
3/14/2017,1201.9000244140625,101.5739974975586,47.720001220703125,16.88800048828125,2365.449951171875,1240,0.79,2.46,243.892,4.4
3/15/2017,1200.0999755859375,100.57499694824219,48.86000061035156,16.88800048828125,2385.260009765625,1249.6099853515625,0.79,2.46,243.892,4.4
3/16/2017,1226.5,100.18499755859375,48.75,17.29599952697754,2381.379883,1187.810059,0.79,2.46,243.892,4.4
3/17/2017,1229.800048828125,100.11499786376953,48.779998779296875,17.378999710083008,2378.25,1100.22998,0.79,2.46,243.892,4.4
3/20/2017,1233.5999755859375,100.23400115966797,48.220001220703125,17.402999877929688,2373.469970703125,1054.22998,0.79,2.46,243.892,4.4
3/21/2017,1246.0999755859375,99.61399841308594,47.34000015258789,17.549999237060547,2344.02002,1120.540039,0.79,2.46,243.892,4.4
3/22/2017,1249.300048828125,99.46800231933594,48.040000915527344,17.545000076293945,2348.449951171875,1049.1400146484375,0.79,2.46,243.892,4.4
3/23/2017,1246.9000244140625,99.56300354003906,47.70000076293945,17.562999725341797,2345.959961,1038.5899658203125,0.79,2.46,243.892,4.4
3/24/2017,1248.199951171875,99.44200134277344,47.970001220703125,17.719999313354492,2343.97998,937.5200195,0.79,2.46,243.892,4.4
3/27/2017,1255.4000244140625,98.97299957,47.72999954223633,18.079999923706055,2341.590087890625,1045.77002,0.79,2.46,243.892,4.4
3/28/2017,1255.300048828125,99.54900360107422,48.369998931884766,18.225000381469727,2358.570068359375,1047.1500244140625,0.79,2.46,243.892,4.4
3/29/2017,1253.4000244140625,99.83599853515625,49.50999832,18.22800064086914,2361.129883,1039.969970703125,0.79,2.46,243.892,4.4
3/30/2017,1245,100.28500366210938,50.349998474121094,18.184999465942383,2368.060059,1026.4300537109375,0.79,2.46,243.892,4.4
3/31/2017,1247.300048828125,100.21800231933594,50.599998474121094,18.235000610351562,2362.719970703125,1071.790039,0.79,2.46,243.892,4.4
4/1/2017,1247.300048828125,100.21800231933594,50.599998474121094,18.235000610351562,2362.719970703125,1071.790039,0.9,2.46,244.193,4.4
4/3/2017,1250.800048828125,100.41200256347656,50.24000168,18.19099998474121,2358.840087890625,1143.810059,0.9,2.46,244.193,4.4
4/4/2017,1255,100.4260025024414,51.029998779296875,18.302000045776367,2360.159912109375,1133.25,0.9,2.46,244.193,4.4
4/5/2017,1245.4000244140625,100.44100189208984,51.150001525878906,18.166000366210938,2352.949951171875,1124.780029296875,0.9,2.46,244.193,4.4
4/6/2017,1250.300048828125,100.56999969482422,51.70000076293945,18.225000381469727,2357.489990234375,1182.6800537109375,0.9,2.46,244.193,4.4
4/7/2017,1254.300048828125,101.11699676513672,52.24000168,18.12999916,2355.540039,1176.9000244140625,0.9,2.46,244.193,4.4
4/10/2017,1251.0999755859375,100.9520034790039,53.08000183105469,17.893999099731445,2357.159912109375,1187.1300048828125,0.9,2.46,244.193,4.4
4/11/2017,1271.199951171875,100.62200164794922,53.400001525878906,18.232999801635742,2353.780029296875,1205.010009765625,0.9,2.46,244.193,4.4
4/12/2017,1275.300048828125,100.71099853515625,53.11000061035156,18.27899932861328,2344.929931640625,1200.3699951171875,0.9,2.46,244.193,4.4
4/13/2017,1285.9000244140625,100.46299743652344,53.18000030517578,18.48900032043457,2328.949951171875,1169.280029296875,0.9,2.46,244.193,4.4
4/17/2017,1289.4000244140625,100.19400024414062,52.650001525878906,18.493000030517578,2349.010009765625,1193.9100341796875,0.9,2.46,244.193,4.4
4/18/2017,1291.699951171875,99.40399932861328,52.40999984741211,18.250999450683594,2342.189941,1211.6700439453125,0.9,2.46,244.193,4.4
4/19/2017,1281.4000244140625,99.63800048828125,50.439998626708984,18.13599967956543,2338.169922,1210.290039,0.9,2.46,244.193,4.4
4/20/2017,1281.9000244140625,99.68499755859375,50.27000045776367,17.992000579833984,2355.840087890625,1229.0799560546875,0.9,2.46,244.193,4.4
4/21/2017,1287.4000244140625,99.87999725341797,49.619998931884766,17.829999923706055,2348.689941,1222.050048828125,0.9,2.46,244.193,4.4
4/24/2017,1275.800048828125,98.97299957,49.22999954223633,17.847999572753906,2374.149902,1250.1500244140625,0.9,2.46,244.193,4.4
4/25/2017,1265.5999755859375,98.64800262451172,49.560001373291016,17.58099937438965,2388.610107421875,1265.489990234375,0.9,2.46,244.193,4.4
4/26/2017,1262.0999755859375,98.91999816894531,49.619998931884766,17.35300064086914,2387.449951171875,1281.0799560546875,0.9,2.46,244.193,4.4
4/27/2017,1263.699951171875,98.95500183105469,48.970001220703125,17.264999389648438,2388.77002,1317.72998,0.9,2.46,244.193,4.4
4/28/2017,1266.0999755859375,98.89800262451172,49.33000183105469,17.19099998474121,2384.199951171875,1316.47998,0.9,2.46,244.193,4.4
5/1/2017,1253.300048828125,98.93000030517578,48.84000015258789,16.780000686645508,2388.330078,1421.5999755859375,0.91,2.33,244.004,4.4
5/2/2017,1255.0999755859375,98.82900238,47.65999984741211,16.768999099731445,2391.169922,1452.8199462890625,0.91,2.33,244.004,4.4
5/3/2017,1246.4000244140625,99.08200073242188,47.81999969482422,16.48699951171875,2388.129883,1490.0899658203125,0.91,2.33,244.004,4.4
5/4/2017,1226.5,98.64700317382812,45.52000045776367,16.243999481201172,2389.52002,1537.6700439453125,0.91,2.33,244.004,4.4
5/5/2017,1224.800048828125,98.52799987792969,46.220001220703125,16.21500015258789,2399.290039,1555.449951171875,0.91,2.33,244.004,4.4
5/8/2017,1225.300048828125,98.93599700927734,46.43000030517578,16.198999404907227,2399.379883,1723.3499755859375,0.91,2.33,244.004,4.4
5/9/2017,1214.300048828125,99.54399871826172,45.880001068115234,16.007999420166016,2396.919922,1755.3599853515625,0.91,2.33,244.004,4.4
5/10/2017,1217.300048828125,99.55899810791016,47.33000183105469,16.150999069213867,2399.629883,1787.1300048828125,0.91,2.33,244.004,4.4
5/11/2017,1222.699951171875,99.50499725341797,47.83000183105469,16.208999633789062,2394.439941,1848.5699462890625,0.91,2.33,244.004,4.4
5/12/2017,1226.199951171875,99.13099670410156,47.84000015258789,16.34600067138672,2390.899902,1724.239990234375,0.91,2.33,244.004,4.4
5/15/2017,1228.5999755859375,98.8010025,48.849998474121094,16.56100082397461,2402.320068359375,1738.4300537109375,0.91,2.33,244.004,4.4
5/16/2017,1235,97.99800109863281,48.65999984741211,16.69300079345703,2400.669922,1734.449951171875,0.91,2.33,244.004,4.4
5/17/2017,1257.5,97.46199798583984,49.06999969482422,16.851999282836914,2357.030029296875,1839.0899658203125,0.91,2.33,244.004,4.4
5/18/2017,1251.699951171875,97.77200317382812,49.349998474121094,16.621000289916992,2365.719970703125,1888.6500244140625,0.91,2.33,244.004,4.4
5/19/2017,1252.699951171875,97.02999877929688,50.33000183105469,16.75,2381.72998,1987.709961,0.91,2.33,244.004,4.4
5/22/2017,1260.699951171875,96.88099670410156,50.72999954223633,17.14299964904785,2394.02002,2173.399902,0.91,2.33,244.004,4.4
5/23/2017,1254.800048828125,97.26399993896484,51.470001220703125,17.090999603271484,2398.419922,2320.419922,0.91,2.33,244.004,4.4
5/24/2017,1252.4000244140625,97.14700317382812,51.36000061035156,17.07699966430664,2404.389892578125,2443.639892578125,0.91,2.33,244.004,4.4
5/25/2017,1255.800048828125,97.1760025,48.900001525878906,17.152000427246094,2415.070068359375,2304.97998,0.91,2.33,244.004,4.4
5/26/2017,1267.5999755859375,97.36399841308594,49.79999923706055,17.283000946044922,2415.820068359375,2202.419922,0.91,2.33,244.004,4.4
5/30/2017,1262.0999755859375,97.21199798583984,49.65999984741211,17.38800048828125,2412.909912109375,2175.469970703125,0.91,2.33,244.004,4.4
5/31/2017,1272,96.85399627685547,48.31999969482422,17.368000030517578,2411.800048828125,2286.409912109375,0.91,2.33,244.004,4.4
6/1/2017,1267,97.14099884033203,48.36000061035156,17.243000030517578,2430.060059,2407.879883,1.04,2.21,244.163,4.3
6/2/2017,1276.800048828125,96.66999816894531,47.65999984741211,17.48699951171875,2439.070068359375,2488.550048828125,1.04,2.21,244.163,4.3
6/5/2017,1279.300048828125,96.75399780273438,47.400001525878906,17.547000885009766,2436.100098,2686.810059,1.04,2.21,244.163,4.3
6/6/2017,1294.4000244140625,96.59100341796875,48.189998626708984,17.677000045776367,2429.330078,2863.199951171875,1.04,2.21,244.163,4.3
6/7/2017,1290.0999755859375,96.70800018310547,45.720001220703125,17.586999893188477,2433.139892578125,2732.159912109375,1.04,2.21,244.163,4.3
6/8/2017,1276.300048828125,96.89800262451172,45.63999938964844,17.384000778198242,2433.790039,2805.620117,1.04,2.21,244.163,4.3
6/9/2017,1268.5,97.23899841308594,45.83000183105469,17.19300079345703,2431.77002,2823.810059,1.04,2.21,244.163,4.3
6/12/2017,1266.0999755859375,97.12100219726562,46.08000183105469,16.913999557495117,2429.389892578125,2659.629883,1.04,2.21,244.163,4.3
6/13/2017,1265.800048828125,96.94200134277344,46.459999084472656,16.738000869750977,2440.350098,2717.02002,1.04,2.21,244.163,4.3
6/14/2017,1272.800048828125,96.92099762,44.72999954223633,17.10700035095215,2437.919922,2506.370117,1.04,2.21,244.163,4.3
6/15/2017,1252.199951171875,97.43699645996094,44.459999084472656,16.69099998474121,2432.459961,2464.580078,1.04,2.21,244.163,4.3
6/16/2017,1254,97.14600372314453,44.74000168,16.63599967956543,2433.149902,2518.560059,1.04,2.21,244.163,4.3
6/19/2017,1244.199951171875,97.32499694824219,44.20000076293945,16.482999801635742,2453.459961,2589.600098,1.04,2.21,244.163,4.3
6/20/2017,1241,97.41200256347656,43.22999954223633,16.398000717163086,2437.030029296875,2721.790039,1.04,2.21,244.163,4.3
6/21/2017,1243.4000244140625,97.21600341796875,42.529998779296875,16.354999542236328,2435.610107421875,2689.100098,1.04,2.21,244.163,4.3
6/22/2017,1247.5999755859375,97.3030014,42.74000168,16.489999771118164,2434.5,2705.409912109375,1.04,2.21,244.163,4.3
6/23/2017,1256.199951171875,96.94200134277344,43.00999832,16.628000259399414,2438.300048828125,2744.909912109375,1.04,2.21,244.163,4.3
6/26/2017,1246.300048828125,97.11599731445312,43.380001068115234,16.559999465942383,2439.070068359375,2478.449951171875,1.04,2.21,244.163,4.3
6/27/2017,1246.4000244140625,96.09300231933594,44.24000168,16.576000213623047,2419.379883,2552.449951171875,1.04,2.21,244.163,4.3
6/28/2017,1248,95.74400329589844,44.74000168,16.71500015258789,2440.689941,2574.790039,1.04,2.21,244.163,4.3
6/29/2017,1244.199951171875,95.36599731445312,44.93000030517578,16.586000442504883,2419.699951171875,2539.320068359375,1.04,2.21,244.163,4.3
6/30/2017,1240.699951171875,95.42099762,46.040000915527344,16.56800079345703,2423.409912109375,2480.840087890625,1.04,2.21,244.163,4.3
7/1/2017,1240.699951171875,95.42099762,46.040000915527344,16.56800079345703,2423.409912109375,2480.840087890625,1.15,2.21,244.243,4.3
7/3/2017,1217.9000244140625,95.96900177001953,47.06999969482422,16.03700065612793,2429.010009765625,2564.060059,1.15,2.21,244.243,4.3
7/5/2017,1220.4000244140625,96.05899810791016,45.130001068115234,15.842000007629395,2432.540039,2601.989990234375,1.15,2.21,244.243,4.3
7/6/2017,1222.199951171875,95.57499694824219,45.52000045776367,15.927000045776367,2409.75,2608.560059,1.15,2.21,244.243,4.3
7/7/2017,1208.5999755859375,95.79199981689453,44.22999954223633,15.371000289916992,2425.179931640625,2518.659912109375,1.15,2.21,244.243,4.3
7/10/2017,1212.0999755859375,95.77700043,44.400001525878906,15.57699966430664,2427.429931640625,2372.560059,1.15,2.21,244.243,4.3
7/11/2017,1213.5999755859375,95.42199707,45.040000915527344,15.696999549865723,2425.530029296875,2337.790039,1.15,2.21,244.243,4.3
7/12/2017,1218.0999755859375,95.51200103759766,45.49000168,15.83899974822998,2443.25,2398.840087890625,1.15,2.21,244.243,4.3
7/13/2017,1216.300048828125,95.50800323486328,46.08000183105469,15.642000198364258,2447.830078,2357.899902,1.15,2.21,244.243,4.3
7/14/2017,1226.5999755859375,94.93000030517578,46.540000915527344,15.883999824523926,2459.27002,2233.340087890625,1.15,2.21,244.243,4.3
7/17/2017,1232.800048828125,94.90399932861328,46.02000045776367,16.049999237060547,2459.139892578125,2228.409912109375,1.15,2.21,244.243,4.3
7/18/2017,1241.0999755859375,94.40200043,46.400001525878906,16.222000122070312,2460.610107421875,2318.879883,1.15,2.21,244.243,4.3
7/19/2017,1241.199951171875,94.58799743652344,47.119998931884766,16.250999450683594,2473.830078,2273.429931640625,1.15,2.21,244.243,4.3
7/20/2017,1244.800048828125,94.11699676513672,46.790000915527344,16.298999786376953,2473.449951171875,2817.600098,1.15,2.21,244.243,4.3
7/21/2017,1254.300048828125,93.67900085449219,45.77000045776367,16.40999984741211,2472.540039,2667.760009765625,1.15,2.21,244.243,4.3
7/24/2017,1253.9000244140625,93.79799652,46.34000015258789,16.398000717163086,2469.909912109375,2754.860107421875,1.15,2.21,244.243,4.3
7/25/2017,1251.699951171875,93.88800048828125,47.88999938964844,16.496999740600586,2477.129883,2576.47998,1.15,2.21,244.243,4.3
7/26/2017,1249,93.50499725341797,48.75,16.415000915527344,2477.830078,2529.449951171875,1.15,2.21,244.243,4.3
7/27/2017,1259.5999755859375,93.71499633789062,49.040000915527344,16.52899932861328,2475.419922,2671.780029296875,1.15,2.21,244.243,4.3
7/28/2017,1268.4000244140625,93.11399841308594,49.709999084472656,16.663999557495117,2472.100098,2809.010009765625,1.15,2.21,244.243,4.3
7/31/2017,1266.5999755859375,92.71800231933594,50.16999816894531,16.75,2470.300048828125,2875.340087890625,1.15,2.21,244.243,4.3
8/1/2017,1272.5999755859375,92.90100098,49.15999984741211,16.72800064086914,2476.350098,2718.260009765625,1.16,2.26,245.183,4.4
8/2/2017,1271.800048828125,92.6989975,49.59000015258789,16.69700050354004,2477.570068359375,2710.669922,1.16,2.26,245.183,4.4
8/3/2017,1267.800048828125,92.70700073242188,49.029998779296875,16.59399986,2472.159912109375,2804.72998,1.16,2.26,245.183,4.4
8/4/2017,1258.300048828125,93.41600036621094,49.58000183105469,16.222000122070312,2476.830078,2895.889892578125,1.16,2.26,245.183,4.4
8/7/2017,1258.199951171875,93.30899810791016,49.38999938964844,16.22100067138672,2480.909912109375,3378.939941,1.16,2.26,245.183,4.4
8/8/2017,1256.4000244140625,93.51499938964844,49.16999816894531,16.360000610351562,2474.919922,3419.939941,1.16,2.26,245.183,4.4
8/9/2017,1273,93.43000030517578,49.560001373291016,16.833999633789062,2474.02002,3342.469970703125,1.16,2.26,245.183,4.4
8/10/2017,1283.699951171875,93.30400085449219,48.59000015258789,17.035999298095703,2438.209961,3381.280029296875,1.16,2.26,245.183,4.4
8/11/2017,1287.699951171875,92.95600128173828,48.81999969482422,17.041000366210938,2441.320068359375,3650.620117,1.16,2.26,245.183,4.4
8/14/2017,1284.199951171875,93.30500030517578,47.59000015258789,17.093000411987305,2465.840087890625,4325.129883,1.16,2.26,245.183,4.4
8/15/2017,1273.699951171875,93.75599670410156,47.54999923706055,16.690000534057617,2464.610107421875,4181.930176,1.16,2.26,245.183,4.4
8/16/2017,1276.9000244140625,93.43800354003906,46.779998779296875,16.91699981689453,2468.110107421875,4376.629883,1.16,2.26,245.183,4.4
8/17/2017,1286.4000244140625,93.53399658203125,47.09000015258789,17.030000686645508,2430.010009765625,4331.689941,1.16,2.26,245.183,4.4
8/18/2017,1285.699951171875,93.35900115966797,48.50999832,16.979999542236328,2425.550048828125,4160.620117,1.16,2.26,245.183,4.4
8/21/2017,1290.800048828125,93.01200103759766,47.369998931884766,16.99500084,2428.370117,4001.739990234375,1.16,2.26,245.183,4.4
8/22/2017,1285.0999755859375,93.46099853515625,47.63999938964844,16.961999893188477,2452.510009765625,4100.52002,1.16,2.26,245.183,4.4
8/23/2017,1288.9000244140625,93.06999969482422,48.40999984741211,17.031999588012695,2444.040039,4151.52002,1.16,2.26,245.183,4.4
8/24/2017,1286.5,93.20200348,47.43000030517578,16.95199966430664,2438.969970703125,4334.680176,1.16,2.26,245.183,4.4
8/25/2017,1292.5,92.67700195,47.869998931884766,17.038000106811523,2443.050048828125,4371.600098,1.16,2.26,245.183,4.4
8/28/2017,1309.699951171875,92.13999938964844,46.56999969482422,17.430999755859375,2444.239990234375,4382.660156,1.16,2.26,245.183,4.4
8/29/2017,1313.0999755859375,92.18399810791016,46.439998626708984,17.422000885009766,2446.300048828125,4579.02002,1.16,2.26,245.183,4.4
8/30/2017,1308.0999755859375,92.82299805,45.959999084472656,17.40399932861328,2457.590087890625,4565.299805,1.16,2.26,245.183,4.4
8/31/2017,1316.199951171875,92.62799835205078,47.22999954223633,17.479999542236328,2471.649902,4703.390137,1.16,2.26,245.183,4.4
9/1/2017,1324.5,92.76899719238281,47.290000915527344,17.71899986,2476.550048828125,4892.009766,1.15,2.16,246.435,4.3
9/5/2017,1339.199951171875,92.22599792480469,48.65999984741211,17.844999313354492,2457.850098,4376.529785,1.15,2.16,246.435,4.3
9/6/2017,1333.9000244140625,92.25199890136719,49.15999984741211,17.81599998474121,2465.540039,4597.120117,1.15,2.16,246.435,4.3
9/7/2017,1345.0999755859375,91.64199829101562,49.09000015258789,18.016000747680664,2465.100098,4599.879883,1.15,2.16,246.435,4.3
9/8/2017,1346,91.32599639892578,47.47999954223633,18.027000427246094,2461.429931640625,4228.75,1.15,2.16,246.435,4.3
9/11/2017,1331,91.85299682617188,48.06999969482422,17.80699920654297,2488.110107421875,4161.27002,1.15,2.16,246.435,4.3
9/12/2017,1328,91.85600280761719,48.22999954223633,17.795000076293945,2496.47998,4130.810059,1.15,2.16,246.435,4.3
9/13/2017,1323.4000244140625,92.50800323486328,49.29999923706055,17.77199935913086,2498.370117,3882.590087890625,1.15,2.16,246.435,4.3
9/14/2017,1324.699951171875,92.11199951171875,49.88999938964844,17.697999954223633,2495.620117,3154.949951171875,1.15,2.16,246.435,4.3
9/15/2017,1320.4000244140625,91.86299896240234,49.88999938964844,17.611000061035156,2500.22998,3637.52002,1.15,2.16,246.435,4.3
9/18/2017,1306.300048828125,91.85299682617188,49.90999984741211,17.070999145507812,2503.870117,4065.199951171875,1.15,2.16,246.435,4.3
9/19/2017,1306.199951171875,91.56099700927734,49.47999954223633,17.19499969482422,2506.649902,3924.969970703125,1.15,2.16,246.435,4.3
9/20/2017,1312,92.29599762,50.40999984741211,17.250999450683594,2508.239990234375,3905.949951171875,1.15,2.16,246.435,4.3
9/21/2017,1290.5999755859375,92.04900360107422,50.54999923706055,16.937000274658203,2500.600098,3631.040039,1.15,2.16,246.435,4.3
9/22/2017,1293.300048828125,91.96700286865234,50.65999984741211,16.902999877929688,2502.219970703125,3630.699951171875,1.15,2.16,246.435,4.3
9/25/2017,1306.800048828125,92.44100189208984,52.220001220703125,17.05900001525879,2496.659912109375,3926.070068359375,1.15,2.16,246.435,4.3
9/26/2017,1297,92.78099822998047,51.880001068115234,16.804000854492188,2496.840087890625,3892.350098,1.15,2.16,246.435,4.3
9/27/2017,1283.4000244140625,93.17099762,52.13999938964844,16.74799919128418,2507.040039,4200.669922,1.15,2.16,246.435,4.3
9/28/2017,1285.5,92.93199920654297,51.560001373291016,16.773000717163086,2510.060059,4174.72998,1.15,2.16,246.435,4.3
9/29/2017,1281.5,92.88300323486328,51.66999816894531,16.60700035095215,2519.360107421875,4163.069824,1.15,2.16,246.435,4.3
10/1/2017,1281.5,92.88300323486328,51.66999816894531,16.60700035095215,2519.360107421875,4163.069824,1.15,2.16,246.626,4.2
10/2/2017,1272.699951171875,93.40499877929688,50.58000183105469,16.584999084472656,2529.120117,4409.319824,1.15,2.16,246.626,4.2
10/3/2017,1271.5,93.41400146484375,50.41999816894531,16.58099937438965,2534.580078,4317.47998,1.15,2.16,246.626,4.2
10/4/2017,1273.699951171875,93.28399658203125,49.97999954223633,16.562999725341797,2537.739990234375,4229.359863,1.15,2.16,246.626,4.2
10/5/2017,1269.9000244140625,93.8030014,50.790000915527344,16.582000732421875,2552.070068359375,4328.410156,1.15,2.16,246.626,4.2
10/6/2017,1271.5999755859375,93.64099884033203,49.290000915527344,16.733999252319336,2549.330078,4370.810059,1.15,2.16,246.626,4.2
10/9/2017,1281.800048828125,93.50499725341797,49.58000183105469,16.916000366210938,2544.72998,4772.02002,1.15,2.16,246.626,4.2
10/10/2017,1290.5999755859375,93.10099792480469,50.91999816894531,17.155000686645508,2550.639892578125,4781.990234,1.15,2.16,246.626,4.2
10/11/2017,1285.800048828125,92.82499694824219,51.29999923706055,17.08099937438965,2555.239990234375,4826.47998,1.15,2.16,246.626,4.2
10/12/2017,1293.300048828125,92.89800262451172,50.599998474121094,17.211000442504883,2550.929931640625,5446.910156,1.15,2.16,246.626,4.2
10/13/2017,1301.5,92.93499755859375,51.45000076293945,17.354999542236328,2553.169922,5647.209961,1.15,2.16,246.626,4.2
10/16/2017,1299.9000244140625,93.16100311279297,51.869998931884766,17.315000534057617,2557.639892578125,5725.589844,1.15,2.16,246.626,4.2
10/17/2017,1283,93.34999847,51.880001068115234,16.98699951171875,2559.360107421875,5605.509766,1.15,2.16,246.626,4.2
10/18/2017,1279.9000244140625,93.22799682617188,52.040000915527344,16.94300079345703,2561.260009765625,5590.689941,1.15,2.16,246.626,4.2
10/19/2017,1286.9000244140625,93.12000274658203,51.290000915527344,17.201000213623047,2562.100098,5708.52002,1.15,2.16,246.626,4.2
10/20/2017,1277.4000244140625,93.57900238,51.470001220703125,17.02199935913086,2575.209961,6011.450195,1.15,2.16,246.626,4.2
10/23/2017,1277.699951171875,93.81400299072266,51.900001525878906,17.02400016784668,2564.97998,5930.319824,1.15,2.16,246.626,4.2
10/24/2017,1275,93.66100311279297,52.470001220703125,16.906999588012695,2569.129883,5526.640137,1.15,2.16,246.626,4.2
10/25/2017,1275.4000244140625,93.57700348,52.18000030517578,16.868000030517578,2557.149902,5750.799805,1.15,2.16,246.626,4.2
10/26/2017,1266.300048828125,94.50900268554688,52.63999938964844,16.763999938964844,2560.399902,5904.830078,1.15,2.16,246.626,4.2
10/27/2017,1268.5,94.8219986,53.900001525878906,16.70199966430664,2581.070068359375,5780.899902,1.15,2.16,246.626,4.2
10/30/2017,1274.0999755859375,94.45400238,54.150001525878906,16.802000045776367,2572.830078,6130.529785,1.15,2.16,246.626,4.2
10/31/2017,1267,94.42900085449219,54.380001068115234,16.645000457763672,2575.260009765625,6468.399902,1.15,2.16,246.626,4.2
11/1/2017,1274.0999755859375,94.70899963378906,54.29999923706055,17.131999969482422,2579.360107421875,6767.310059,1.16,2.37,247.284,4.2
11/2/2017,1274.9000244140625,94.58799743652344,54.540000915527344,17.09399986,2579.850098,7078.5,1.16,2.37,247.284,4.2
11/3/2017,1266.5,94.85800170898438,55.63999938964844,16.79400062561035,2587.840087890625,7207.759766,1.16,2.37,247.284,4.2
11/6/2017,1279.4000244140625,94.65699768066406,57.349998474121094,17.19499969482422,2591.129883,7022.759766,1.16,2.37,247.284,4.2
11/7/2017,1273.699951171875,94.80000305175781,57.20000076293945,16.905000686645508,2590.639892578125,7144.379883,1.16,2.37,247.284,4.2
11/8/2017,1281.5999755859375,94.76799774169922,56.810001373291016,17.106000900268555,2594.379883,7459.689941,1.16,2.37,247.284,4.2
11/9/2017,1285.5999755859375,94.35199737548828,57.16999816894531,16.94300079345703,2584.620117,7143.580078,1.16,2.37,247.284,4.2
11/10/2017,1272.4000244140625,94.27799987792969,56.74000168,16.84399986,2582.300048828125,6618.140137,1.16,2.37,247.284,4.2
11/13/2017,1277.300048828125,94.38800048828125,56.75999832,17.023000717163086,2584.840087890625,6559.490234,1.16,2.37,247.284,4.2
11/14/2017,1281.5,93.72299957,55.70000076293945,17.052000045776367,2578.870117,6635.75,1.16,2.37,247.284,4.2
11/15/2017,1276.5,93.72599792480469,55.33000183105469,16.950000762939453,2564.620117,7315.540039,1.16,2.37,247.284,4.2
11/16/2017,1277.4000244140625,93.85399627685547,55.13999938964844,17.055999755859375,2585.639892578125,7871.689941,1.16,2.37,247.284,4.2
11/17/2017,1295.800048828125,93.57499694824219,56.54999923706055,17.357999801635742,2578.850098,7708.990234,1.16,2.37,247.284,4.2
11/20/2017,1274.5999755859375,93.99700164794922,56.09000015258789,16.82699966430664,2582.139892578125,8200.639648,1.16,2.37,247.284,4.2
11/21/2017,1281.0999755859375,93.87699890136719,56.83000183105469,16.948999404907227,2599.030029296875,8071.259766,1.16,2.37,247.284,4.2
11/22/2017,1291.5999755859375,93.13500213623047,58.02000045776367,17.10099983215332,2597.080078,8253.549805,1.16,2.37,247.284,4.2
11/24/2017,1286.699951171875,92.70700073242188,58.95000076293945,16.981000900268555,2602.419922,8253.69043,1.16,2.37,247.284,4.2
11/27/2017,1293.800048828125,92.82499694824219,58.11000061035156,17.009000778198242,2601.419922,9818.349609,1.16,2.37,247.284,4.2
11/28/2017,1294.699951171875,93.21299743652344,57.99000168,16.81100082397461,2627.040039,10058.7998,1.16,2.37,247.284,4.2
11/29/2017,1282.0999755859375,93.10700225830078,57.29999923706055,16.457000732421875,2626.070068359375,9888.610352,1.16,2.37,247.284,4.2
11/30/2017,1273.199951171875,93.00199890136719,57.400001525878906,16.381999969482422,2647.580078,10233.59961,1.16,2.37,247.284,4.2
12/1/2017,1278.800048828125,92.84100341796875,58.36000061035156,16.297000885009766,2642.219970703125,10975.59961,1.3,2.37,247.805,4.1
12/4/2017,1274.300048828125,93.14399719238281,57.470001220703125,16.284000396728516,2639.439941,11657.2002,1.3,2.37,247.805,4.1
12/5/2017,1261.5999755859375,93.33399963378906,57.619998931884766,15.972999572753906,2629.570068359375,11916.7002,1.3,2.37,247.805,4.1
12/6/2017,1262.800048828125,93.58200073242188,55.959999084472656,15.868000030517578,2629.27002,14291.5,1.3,2.37,247.805,4.1
12/7/2017,1249.800048828125,93.76899719238281,56.689998626708984,15.71500015258789,2636.97998,17899.69922,1.3,2.37,247.805,4.1
12/8/2017,1245.199951171875,93.87400055,57.36000061035156,15.736000061035156,2651.5,16569.40039,1.3,2.37,247.805,4.1
12/11/2017,1243.699951171875,93.84300231933594,57.99000168,15.696999549865723,2659.989990234375,16936.80078,1.3,2.37,247.805,4.1
12/12/2017,1238.5,94.08000183105469,57.13999938964844,15.581999778747559,2664.110107421875,17415.40039,1.3,2.37,247.805,4.1
12/13/2017,1245.4000244140625,93.41899871826172,56.599998474121094,15.784000396728516,2662.850098,16408.19922,1.3,2.37,247.805,4.1
12/14/2017,1253.800048828125,93.47899627685547,57.040000915527344,15.850000381469727,2652.010009765625,16564,1.3,2.37,247.805,4.1
12/15/2017,1254.300048828125,93.92900085449219,57.29999923706055,15.977999687194824,2675.810059,17706.90039,1.3,2.37,247.805,4.1
12/18/2017,1262.199951171875,93.51999664,57.15999984741211,16.12000084,2690.159912109375,19114.19922,1.3,2.37,247.805,4.1
12/19/2017,1260.699951171875,93.02700043,57.459999084472656,16.06599998474121,2681.469970703125,17776.69922,1.3,2.37,247.805,4.1
12/20/2017,1266.0999755859375,92.89099884033203,58.09000015258789,16.187999725341797,2679.25,16624.59961,1.3,2.37,247.805,4.1
12/21/2017,1267.300048828125,92.86199951171875,58.36000061035156,16.152000427246094,2684.570068359375,15802.90039,1.3,2.37,247.805,4.1
12/22/2017,1275.4000244140625,92.92400360107422,58.470001220703125,16.35700035095215,2683.340087890625,13831.7998,1.3,2.37,247.805,4.1
12/26/2017,1284.0999755859375,92.8010025,59.970001220703125,16.520000457763672,2680.5,16099.7998,1.3,2.37,247.805,4.1
12/27/2017,1287,92.61199951171875,59.63999938964844,16.618999481201172,2682.620117,15838.5,1.3,2.37,247.805,4.1
12/28/2017,1294.0999755859375,92.30000305175781,59.84000015258789,16.832000732421875,2687.540039,14606.5,1.3,2.37,247.805,4.1
12/29/2017,1306.300048828125,91.82599639892578,60.41999816894531,17.059999465942383,2673.610107421875,14656.2002,1.3,2.37,247.805,4.1
1/1/2018,1306.300048828125,91.82599639892578,60.41999816894531,17.059999465942383,2673.610107421875,14656.2002,1.41,2.37,248.859,4
1/2/2018,1313.699951171875,91.57299805,60.369998931884766,17.121000289916992,2695.810059,14982.09961,1.41,2.37,248.859,4
1/3/2018,1316.199951171875,91.89600372314453,61.630001068115234,17.184999465942383,2713.060059,15201,1.41,2.37,248.859,4
1/4/2018,1319.4000244140625,91.58100128173828,62.00999832,17.18899917602539,2723.989990234375,15599.2002,1.41,2.37,248.859,4
1/5/2018,1320.300048828125,91.67299652,61.439998626708984,17.204999923706055,2743.149902,17429.5,1.41,2.37,248.859,4
1/8/2018,1318.5999755859375,92.09999847,61.72999954223633,17.06399917602539,2747.709961,15170.09961,1.41,2.37,248.859,4
1/9/2018,1311.699951171875,92.26000213623047,62.959999084472656,16.93600082397461,2751.290039,14595.40039,1.41,2.37,248.859,4
1/10/2018,1317.4000244140625,92.06999969482422,63.56999969482422,16.96299934387207,2748.22998,14973.2998,1.41,2.37,248.859,4
1/11/2018,1320.5999755859375,91.60800170898438,63.79999923706055,16.893999099731445,2767.560059,13405.7998,1.41,2.37,248.859,4
1/12/2018,1333.4000244140625,90.73500061035156,64.30000305175781,17.069000244140625,2786.239990234375,13980.59961,1.41,2.37,248.859,4
1/16/2018,1335.4000244140625,90.14600372314453,63.72999954223633,17.121999740600586,2776.419922,11490.5,1.41,2.37,248.859,4
1/17/2018,1338,90.31300354003906,63.970001220703125,17.104999542236328,2802.560059,11188.59961,1.41,2.37,248.859,4
1/18/2018,1326,90.29699707,63.95000076293945,16.89299964904785,2798.030029296875,11474.90039,1.41,2.37,248.859,4
1/19/2018,1331.9000244140625,90.37000274658203,63.369998931884766,16.975000381469727,2810.300048828125,11607.40039,1.41,2.37,248.859,4
1/22/2018,1330.9000244140625,90.19100189208984,63.49000168,16.930999755859375,2832.969970703125,10931.40039,1.41,2.37,248.859,4
1/23/2018,1335.699951171875,89.91500091552734,64.47000122070312,16.854999542236328,2839.129883,10868.40039,1.41,2.37,248.859,4
1/24/2018,1355.9000244140625,89.01100158691406,65.61000061035156,17.424999237060547,2837.540039,11359.40039,1.41,2.37,248.859,4
1/25/2018,1362.4000244140625,89.22699737548828,65.51000213623047,17.551000595092773,2839.25,11259.40039,1.41,2.37,248.859,4
1/26/2018,1351.5999755859375,88.89099884033203,66.13999938964844,17.381999969482422,2872.870117,11171.40039,1.41,2.37,248.859,4
1/30/2018,1335.4000244140625,88.99900055,64.5,17.01300048828125,2822.429931640625,10106.2998,1.41,2.37,248.859,4
1/31/2018,1339,88.95400238,64.73000336,17.20400047302246,2823.810059,10221.09961,1.41,2.37,248.859,4
2/1/2018,1344.300048828125,88.50499725341797,65.80000305175781,17.118000030517578,2821.97998,9170.540039,1.42,2.78,249.529,4.1
2/2/2018,1333.699951171875,89.03600311279297,65.44999694824219,16.676000595092773,2762.129883,8830.75,1.42,2.78,249.529,4.1
2/5/2018,1333,89.40499877929688,64.15000153,16.638999938964844,2648.939941,6955.27002,1.42,2.78,249.529,4.1
2/6/2018,1326.0999755859375,89.45099639892578,63.38999938964844,16.54800033569336,2695.139892578125,7754,1.42,2.78,249.529,4.1
2/7/2018,1311.5999755859375,90.11799621582031,61.790000915527344,16.20599937438965,2681.659912109375,7621.299805,1.42,2.78,249.529,4.1
2/8/2018,1316.9000244140625,90.11599731445312,61.150001525878906,16.31399917602539,2581,8265.589844,1.42,2.78,249.529,4.1
2/9/2018,1313.0999755859375,90.33399963378906,59.20000076293945,16.115999221801758,2619.550048828125,8736.980469,1.42,2.78,249.529,4.1
2/12/2018,1324.199951171875,90.09600067138672,59.290000915527344,16.54800033569336,2656,8926.570313,1.42,2.78,249.529,4.1
2/13/2018,1328.0999755859375,89.59200286865234,59.189998626708984,16.506999969482422,2662.939941,8598.30957,1.42,2.78,249.529,4.1
2/14/2018,1355.5,89.00499725341797,60.599998474121094,16.857999801635742,2698.629883,9494.629883,1.42,2.78,249.529,4.1
2/15/2018,1352.0999755859375,88.50499725341797,61.34000015258789,16.777000427246094,2731.199951171875,10166.40039,1.42,2.78,249.529,4.1
2/16/2018,1353.199951171875,89.01300048828125,61.68000030517578,16.69499969482422,2732.219970703125,10233.90039,1.42,2.78,249.529,4.1
2/20/2018,1328.800048828125,89.63600158691406,61.900001525878906,16.424999237060547,2716.260009765625,11403.7002,1.42,2.78,249.529,4.1
2/21/2018,1330,89.91300201416016,61.68000030517578,16.604000091552734,2701.330078,10690.40039,1.42,2.78,249.529,4.1
2/22/2018,1330.5999755859375,89.65599822998047,62.77000045776367,16.57900047302246,2703.959961,10005,1.42,2.78,249.529,4.1
2/23/2018,1328.199951171875,89.80799865722656,63.54999923706055,16.47599983215332,2747.300048828125,10301.09961,1.42,2.78,249.529,4.1
2/26/2018,1330.699951171875,89.79000091552734,63.90999984741211,16.54199981689453,2779.600098,10366.7002,1.42,2.78,249.529,4.1
2/27/2018,1315.5,90.27999877929688,63.00999832,16.34600067138672,2744.280029296875,10725.59961,1.42,2.78,249.529,4.1
2/28/2018,1315.5,90.5510025,61.63999938964844,16.323999404907227,2713.830078,10397.90039,1.42,2.78,249.529,4.1
3/1/2018,1302.9000244140625,90.28099822998047,60.99000168,16.200000762939453,2677.669922,10951,1.51,2.81,249.577,4
3/2/2018,1321.0999755859375,89.90599822998047,61.25,16.392000198364258,2691.25,11086.40039,1.51,2.81,249.577,4
3/5/2018,1318.0999755859375,90.04100036621094,62.56999969482422,16.33799934387207,2720.939941,11573.2998,1.51,2.81,249.577,4
3/6/2018,1333.5999755859375,89.58999633789062,62.599998474121094,16.71500015258789,2728.120117,10779.90039,1.51,2.81,249.577,4
3/7/2018,1326,89.60700225830078,61.150001525878906,16.42799949645996,2726.800048828125,9965.570313,1.51,2.81,249.577,4
3/8/2018,1319.9000244140625,90.15599822998047,60.119998931884766,16.43600082397461,2738.969970703125,9395.009766,1.51,2.81,249.577,4
3/9/2018,1322.4000244140625,90.06500244140625,62.040000915527344,16.54599952697754,2786.570068359375,9337.549805,1.51,2.81,249.577,4
3/12/2018,1319.4000244140625,89.86699676513672,61.36000061035156,16.47100067138672,2783.02002,9205.120117,1.51,2.81,249.577,4
3/13/2018,1325.9000244140625,89.64299774169922,60.709999084472656,16.55900001525879,2765.310059,9194.849609,1.51,2.81,249.577,4
3/14/2018,1324.4000244140625,89.68699645996094,60.959999084472656,16.466999053955078,2749.47998,8269.80957,1.51,2.81,249.577,4
3/15/2018,1316.800048828125,90.12599945,61.189998626708984,16.35300064086914,2747.330078,8300.860352,1.51,2.81,249.577,4
3/16/2018,1311.300048828125,90.21199798583984,62.34000015258789,16.20199966430664,2752.010009765625,8338.349609,1.51,2.81,249.577,4
3/19/2018,1316.800048828125,89.98300170898438,62.060001373291016,16.25499916,2712.919922,8630.650391,1.51,2.81,249.577,4
3/20/2018,1311.0999755859375,89.95400238,63.400001525878906,16.125,2716.939941,8913.469727,1.51,2.81,249.577,4
3/21/2018,1320.699951171875,89.36900329589844,65.16999816894531,16.35700035095215,2711.929931640625,8929.280273,1.51,2.81,249.577,4
3/22/2018,1326.5999755859375,89.47299957,64.30000305175781,16.327999114990234,2643.689941,8728.469727,1.51,2.81,249.577,4
3/23/2018,1349.300048828125,89.03299713134766,65.87999725341797,16.530000686645508,2588.260009765625,8879.620117,1.51,2.81,249.577,4
3/26/2018,1354.4000244140625,88.60399627685547,65.55000305175781,16.631999969482422,2658.550048828125,8209.400391,1.51,2.81,249.577,4
3/27/2018,1341.300048828125,88.98300170898438,65.25,16.48900032043457,2612.620117,7833.040039,1.51,2.81,249.577,4
3/28/2018,1324.199951171875,89.71900177001953,64.37999725341797,16.204999923706055,2605,7954.47998,1.51,2.81,249.577,4
3/29/2018,1322.800048828125,89.81199645996094,64.94000244140625,16.222999572753906,2640.870117,7165.700195,1.51,2.81,249.577,4
4/1/2018,1322.800048828125,89.81199645996094,64.94000244140625,16.222999572753906,2640.870117,7165.700195,1.69,2.81,250.227,4
4/2/2018,1342.0999755859375,89.70600128173828,63.00999832,16.62700080871582,2581.879883,7083.799805,1.69,2.81,250.227,4
4/3/2018,1332.800048828125,89.85900115966797,63.50999832,16.347000122070312,2614.449951171875,7456.109863,1.69,2.81,250.227,4
4/4/2018,1335.800048828125,89.78299713134766,63.369998931884766,16.208999633789062,2644.689941,6853.839844,1.69,2.81,250.227,4
4/5/2018,1324.300048828125,90.15399932861328,63.540000915527344,16.31999969482422,2662.840087890625,6811.470215,1.69,2.81,250.227,4
4/6/2018,1331.9000244140625,89.78199768066406,62.060001373291016,16.332000732421875,2604.469970703125,6636.319824,1.69,2.81,250.227,4
4/9/2018,1336.300048828125,89.53399658203125,63.41999816894531,16.499000549316406,2613.159912109375,6770.72998,1.69,2.81,250.227,4
4/10/2018,1342,89.27999877929688,65.51000213623047,16.56599998474121,2656.870117,6834.759766,1.69,2.81,250.227,4
4/11/2018,1356.5,89.25299835205078,66.81999969482422,16.738000869750977,2642.189941,6968.319824,1.69,2.81,250.227,4
4/12/2018,1338.4000244140625,89.45600128173828,67.06999969482422,16.44300079345703,2663.989990234375,7889.25,1.69,2.81,250.227,4
4/13/2018,1344.800048828125,89.50299835205078,67.38999938964844,16.628000259399414,2656.300048828125,7895.959961,1.69,2.81,250.227,4
4/16/2018,1347.5,89.13500213623047,66.22000122070312,16.66200065612793,2677.840087890625,8058.669922,1.69,2.81,250.227,4
4/17/2018,1347.199951171875,89.22799682617188,66.51999664,16.77199935913086,2706.389892578125,7902.089844,1.69,2.81,250.227,4
4/18/2018,1351.199951171875,89.34700012207031,68.47000122070312,17.231000900268555,2708.639892578125,8163.419922,1.69,2.81,250.227,4
4/19/2018,1346.800048828125,89.69499969482422,68.29000091552734,17.222000122070312,2693.129883,8294.30957,1.69,2.81,250.227,4
4/20/2018,1336.699951171875,90.07499694824219,68.37999725341797,17.14699935913086,2670.139892578125,8845.830078,1.69,2.81,250.227,4
4/23/2018,1322.5,90.70500183105469,68.63999938964844,16.570999145507812,2670.290039,8930.879883,1.69,2.81,250.227,4
4/24/2018,1331.4000244140625,90.53700256347656,67.69999694824219,16.687000274658203,2634.560059,9697.5,1.69,2.81,250.227,4
4/25/2018,1321.199951171875,90.95300293,68.05000305175781,16.486000061035156,2639.399902,8845.740234,1.69,2.81,250.227,4
4/26/2018,1316.300048828125,91.36499786376953,68.19000244140625,16.488000869750977,2666.939941,9281.509766,1.69,2.81,250.227,4
4/27/2018,1320.300048828125,91.34300231933594,68.09999847,16.40600014,2669.909912109375,8987.049805,1.69,2.81,250.227,4
4/30/2018,1316.199951171875,91.62999725341797,68.56999969482422,16.312000274658203,2648.050048828125,9240.549805,1.69,2.81,250.227,4
5/1/2018,1303.800048828125,92.25499725341797,67.25,16.038999557495117,2654.800048828125,9119.009766,1.7,2.97,250.792,3.8
5/2/2018,1302.5999755859375,92.33899688720703,67.93000030517578,16.291000366210938,2635.669922,9235.919922,1.7,2.97,250.792,3.8
5/3/2018,1310.699951171875,92.25099945,68.43000030517578,16.36199951171875,2629.72998,9743.860352,1.7,2.97,250.792,3.8
5/4/2018,1312.699951171875,92.40799713134766,69.72000122070312,16.43400001525879,2663.419922,9700.759766,1.7,2.97,250.792,3.8
5/7/2018,1312.199951171875,92.59200286865234,70.73000336,16.413000106811523,2672.629883,9373.009766,1.7,2.97,250.792,3.8
5/8/2018,1312,92.95800018310547,69.05999755859375,16.38800048828125,2671.919922,9234.820313,1.7,2.97,250.792,3.8
5/9/2018,1311.300048828125,92.88400268554688,71.13999938964844,16.45800018310547,2697.790039,9325.179688,1.7,2.97,250.792,3.8
5/10/2018,1320.800048828125,92.51599884033203,71.36000061035156,16.68000030517578,2723.070068359375,9043.94043,1.7,2.97,250.792,3.8
5/11/2018,1319,92.41100311279297,70.69999694824219,16.676000595092773,2727.719970703125,8441.490234,1.7,2.97,250.792,3.8
5/14/2018,1316.5,92.46199798583984,70.95999908447266,16.56999969482422,2730.129883,8716.790039,1.7,2.97,250.792,3.8
5/15/2018,1288.9000244140625,93.09300231933594,71.30999755859375,16.194000244140625,2711.449951171875,8510.379883,1.7,2.97,250.792,3.8
5/16/2018,1290.199951171875,93.28099822998047,71.48999786376953,16.297000885009766,2722.459961,8368.830078,1.7,2.97,250.792,3.8
5/17/2018,1288.199951171875,93.375,71.48999786376953,16.413000106811523,2720.129883,8094.319824,1.7,2.97,250.792,3.8
5/18/2018,1290.199951171875,93.54399871826172,71.27999877929688,16.386999130249023,2712.969970703125,8250.969727,1.7,2.97,250.792,3.8
5/21/2018,1290.199951171875,93.58100128173828,72.23999786376953,16.45199966430664,2733.010009765625,8418.990234,1.7,2.97,250.792,3.8
5/22/2018,1291.699951171875,93.52600098,72.12999725341797,16.507999420166016,2724.439941,8041.779785,1.7,2.97,250.792,3.8
5/23/2018,1289.300048828125,93.91799926757812,71.83999633789062,16.33799934387207,2733.290039,7557.819824,1.7,2.97,250.792,3.8
5/24/2018,1303.699951171875,93.70099639892578,70.70999908447266,16.621000289916992,2727.760009765625,7587.339844,1.7,2.97,250.792,3.8
5/25/2018,1303.300048828125,94.12999725341797,67.87999725341797,16.481000900268555,2721.330078,7480.140137,1.7,2.97,250.792,3.8
5/29/2018,1298.699951171875,94.78900146484375,66.73000336,16.30500030517578,2689.860107421875,7472.589844,1.7,2.97,250.792,3.8
5/30/2018,1301.5,94.11499786376953,68.20999908447266,16.479000091552734,2724.010009765625,7406.52002,1.7,2.97,250.792,3.8
5/31/2018,1300.0999755859375,93.95899963378906,67.04000091552734,16.402000427246094,2705.27002,7494.169922,1.7,2.97,250.792,3.8
6/1/2018,1294.800048828125,94.16899871826172,65.80999755859375,16.38800048828125,2734.620117,7541.450195,1.82,2.89,251.018,4
6/4/2018,1293.0999755859375,93.98600006103516,64.75,16.378999710083008,2746.870117,7514.470215,1.82,2.89,251.018,4
6/5/2018,1297.5,93.87100219726562,65.51999664,16.490999221801758,2748.800048828125,7633.759766,1.82,2.89,251.018,4
6/6/2018,1297.0999755859375,93.63400268554688,64.73000336,16.642000198364258,2772.350098,7653.97998,1.82,2.89,251.018,4
6/7/2018,1298.699951171875,93.37599945,65.94999694824219,16.766000747680664,2770.370117,7678.240234,1.82,2.89,251.018,4
6/8/2018,1298.0999755859375,93.53700256347656,65.73999786376953,16.694000244140625,2779.030029296875,7624.919922,1.82,2.89,251.018,4
6/11/2018,1298.9000244140625,93.55999755859375,66.09999847,16.905000686645508,2782,6906.919922,1.82,2.89,251.018,4
6/12/2018,1295.0999755859375,93.8010025,66.36000061035156,16.849000930786133,2786.850098,6582.359863,1.82,2.89,251.018,4
6/13/2018,1296.9000244140625,93.6989975,66.63999938964844,16.952999114990234,2775.629883,6349.899902,1.82,2.89,251.018,4
6/14/2018,1304,94.77600098,66.88999938964844,17.22599983215332,2782.489990234375,6675.350098,1.82,2.89,251.018,4
6/15/2018,1274.5999755859375,94.78199768066406,65.05999755859375,16.45199966430664,2779.659912109375,6456.580078,1.82,2.89,251.018,4
6/18/2018,1276.199951171875,94.85800170898438,65.84999847,16.41200065612793,2773.75,6734.819824,1.82,2.89,251.018,4
6/19/2018,1275.5999755859375,94.72899627685547,65.06999969482422,16.30299949645996,2762.590087890625,6769.939941,1.82,2.89,251.018,4
6/20/2018,1271.199951171875,94.71600341796875,66.22000122070312,16.288999557495117,2767.320068359375,6776.549805,1.82,2.89,251.018,4
6/21/2018,1267.199951171875,94.40399932861328,65.54000091552734,16.305999755859375,2749.760009765625,6729.740234,1.82,2.89,251.018,4
6/22/2018,1267.4000244140625,94.18000030517578,68.58000183105469,16.43899917602539,2754.879883,6083.689941,1.82,2.89,251.018,4
6/25/2018,1265.5999755859375,93.93900299072266,68.08000183105469,16.308000564575195,2717.070068359375,6249.180176,1.82,2.89,251.018,4
6/26/2018,1256.5999755859375,94.34600067138672,70.52999877929688,16.238000869750977,2723.060059,6093.669922,1.82,2.89,251.018,4
6/27/2018,1252.800048828125,94.96900177001953,72.76000213623047,16.138999938964844,2699.629883,6157.129883,1.82,2.89,251.018,4
6/28/2018,1247.800048828125,95.09600067138672,73.44999694824219,15.951000213623047,2716.310059,5903.439941,1.82,2.89,251.018,4
6/29/2018,1251.300048828125,94.34899902,74.15000153,16.104000091552734,2718.370117,6218.299805,1.82,2.89,251.018,4
7/1/2018,1251.300048828125,94.34899902,74.15000153,16.104000091552734,2718.370117,6218.299805,1.91,2.89,251.214,3.8
7/2/2018,1239.800048828125,94.77899932861328,73.94000244140625,15.744000434875488,2726.709961,6614.180176,1.91,2.89,251.214,3.8
7/3/2018,1251.5999755859375,94.41200256347656,74.13999938964844,15.95199966430664,2713.219970703125,6529.589844,1.91,2.89,251.214,3.8
7/5/2018,1257.300048828125,94.22299957,72.94000244140625,16.007999420166016,2736.610107421875,6639.140137,1.91,2.89,251.214,3.8
7/6/2018,1254.300048828125,93.76899719238281,73.80000305175781,15.980999946594238,2759.820068359375,6673.5,1.91,2.89,251.214,3.8
7/9/2018,1258.0999755859375,93.80699920654297,73.84999847,16.05299949645996,2784.169922,6741.75,1.91,2.89,251.214,3.8
7/10/2018,1253.800048828125,93.88899993896484,74.11000061035156,16.003000259399414,2793.840087890625,6329.950195,1.91,2.89,251.214,3.8
7/11/2018,1242.800048828125,94.48600006103516,70.37999725341797,15.732000350952148,2774.02002,6394.709961,1.91,2.89,251.214,3.8
7/12/2018,1245,94.56400299072266,70.33000183105469,15.89799976348877,2798.290039,6228.810059,1.91,2.89,251.214,3.8
7/13/2018,1239.5999755859375,94.5,71.01000213623047,15.73900032043457,2801.310059,6238.049805,1.91,2.89,251.214,3.8
7/16/2018,1238.0999755859375,94.27200317382812,68.05999755859375,15.734999656677246,2798.429931640625,6741.75,1.91,2.89,251.214,3.8
7/17/2018,1225.699951171875,94.70400238,68.08000183105469,15.545999526977539,2809.550048828125,7321.040039,1.91,2.89,251.214,3.8
7/18/2018,1226.300048828125,94.81099700927734,68.76000213623047,15.503000259399414,2815.620117,7370.779785,1.91,2.89,251.214,3.8
7/19/2018,1222.4000244140625,94.94200134277344,69.45999908447266,15.34000015258789,2804.489990234375,7466.859863,1.91,2.89,251.214,3.8
7/20/2018,1229.5,94.22599792480469,70.45999908447266,15.489999771118164,2801.830078,7354.129883,1.91,2.89,251.214,3.8
7/23/2018,1224,94.44000244140625,67.88999938964844,15.368000030517578,2806.97998,7711.109863,1.91,2.89,251.214,3.8
7/24/2018,1223.9000244140625,94.38800048828125,68.51999664,15.463000297546387,2820.399902,8424.269531,1.91,2.89,251.214,3.8
7/25/2018,1231.4000244140625,94.12899780273438,69.30000305175781,15.532999992370605,2846.070068359375,8181.390137,1.91,2.89,251.214,3.8
7/26/2018,1225.300048828125,94.54399871826172,69.61000061035156,15.437999725341797,2837.439941,7951.580078,1.91,2.89,251.214,3.8
7/27/2018,1222.5999755859375,94.45999908447266,68.69000244140625,15.435999870300293,2818.820068359375,8165.009766,1.91,2.89,251.214,3.8
7/30/2018,1221.300048828125,94.11100006103516,70.12999725341797,15.475000381469727,2802.600098,8180.47998,1.91,2.89,251.214,3.8
7/31/2018,1223.699951171875,94.27500153,68.76000213623047,15.5,2816.290039,7780.439941,1.91,2.89,251.214,3.8
8/1/2018,1217.9000244140625,94.4280014,67.66000366210938,15.394000053405762,2813.360107421875,7624.910156,1.91,3,251.663,3.8
8/2/2018,1210.5999755859375,94.98699951171875,68.95999908447266,15.329000473022461,2827.219970703125,7567.149902,1.91,3,251.663,3.8
8/3/2018,1214.199951171875,94.96099853515625,68.48999786376953,15.406000137329102,2840.350098,7434.390137,1.91,3,251.663,3.8
8/6/2018,1208.5999755859375,95.18699645996094,69.01000213623047,15.291999816894531,2850.399902,6951.799805,1.91,3,251.663,3.8
8/7/2018,1209.5999755859375,95.04599762,69.16999816894531,15.317000389099121,2858.449951171875,6753.120117,1.91,3,251.663,3.8
8/8/2018,1212.5999755859375,94.88999938964844,66.94000244140625,15.37600040435791,2857.699951171875,6305.799805,1.91,3,251.663,3.8
8/9/2018,1211.9000244140625,95.35500336,66.80999755859375,15.418999671936035,2853.580078,6568.22998,1.91,3,251.663,3.8
8/10/2018,1211.0999755859375,96.21800231933594,67.62999725341797,15.265999794006348,2833.280029296875,6184.709961,1.91,3,251.663,3.8
8/13/2018,1191.300048828125,96.25099945,67.19999694824219,14.95300006866455,2821.929931640625,6297.569824,1.91,3,251.663,3.8
8/14/2018,1193,96.60500336,67.04000091552734,15.024999618530273,2839.959961,6199.709961,1.91,3,251.663,3.8
8/15/2018,1177.5,96.57700348,65.01000213623047,14.420999526977539,2818.370117,6308.52002,1.91,3,251.663,3.8
8/16/2018,1176.199951171875,96.53600311279297,65.45999908447266,14.696999549865723,2840.689941,6334.72998,1.91,3,251.663,3.8
8/17/2018,1176.5,95.98100280761719,65.91000366210938,14.616000175476074,2850.129883,6580.629883,1.91,3,251.663,3.8
8/20/2018,1186.800048828125,95.78900146484375,66.43000030517578,14.654999732971191,2857.050048828125,6308.529785,1.91,3,251.663,3.8
8/21/2018,1192.5999755859375,95.15000153,67.34999847,14.75100040435791,2862.959961,6488.759766,1.91,3,251.663,3.8
8/22/2018,1196.300048828125,95.0510025,67.86000061035156,14.734999656677246,2861.820068359375,6376.709961,1.91,3,251.663,3.8
8/23/2018,1187,95.58300018310547,67.83000183105469,14.527000427246094,2856.97998,6534.879883,1.91,3,251.663,3.8
8/24/2018,1206.300048828125,95.06300354003906,68.72000122070312,14.779000282287598,2874.689941,6719.959961,1.91,3,251.663,3.8
8/27/2018,1209,94.68399810791016,68.87000274658203,14.843999862670898,2896.739990234375,6884.640137,1.91,3,251.663,3.8
8/28/2018,1207.4000244140625,94.63500213623047,68.52999877929688,14.767000198364258,2897.52002,7096.279785,1.91,3,251.663,3.8
8/29/2018,1204.5,94.52200317382812,69.51000213623047,14.687999725341797,2914.040039,7047.160156,1.91,3,251.663,3.8
8/30/2018,1197.699951171875,94.67900085449219,70.25,14.47700023651123,2901.129883,6978.22998,1.91,3,251.663,3.8
8/31/2018,1200.300048828125,95.08300018310547,69.80000305175781,14.437999725341797,2901.52002,7037.580078,1.91,3,251.663,3.8
9/1/2018,1200.300048828125,95.08300018310547,69.80000305175781,14.437999725341797,2901.52002,7037.580078,1.95,3,252.182,3.7
9/4/2018,1192.699951171875,95.37999725341797,69.87000274658203,14.060999870300293,2896.719970703125,7361.660156,1.95,3,252.182,3.7
9/5/2018,1194.9000244140625,95.12400055,68.72000122070312,14.118000030517578,2888.600098,6792.830078,1.95,3,252.182,3.7
9/6/2018,1197.9000244140625,94.98799896240234,67.76999664,14.074999809265137,2878.050048828125,6529.169922,1.95,3,252.182,3.7
9/7/2018,1193.5999755859375,95.32900238,67.75,14.067000389099121,2871.679931640625,6467.069824,1.95,3,252.182,3.7
9/10/2018,1193,95.11000061035156,67.54000091552734,14.079000473022461,2877.129883,6329.700195,1.95,3,252.182,3.7
9/11/2018,1195.4000244140625,95.22499847,69.25,14.052000045776367,2887.889892578125,6321.200195,1.95,3,252.182,3.7
9/12/2018,1204.699951171875,94.76799774169922,70.37000274658203,14.192000389099121,2888.919922,6351.799805,1.95,3,252.182,3.7
9/13/2018,1202,94.51699829101562,68.58999633789062,14.142999649047852,2904.179931640625,6517.310059,1.95,3,252.182,3.7
9/14/2018,1195,94.92500305175781,68.98999786376953,14.041999816894531,2904.97998,6512.709961,1.95,3,252.182,3.7
9/17/2018,1199.699951171875,94.48600006103516,68.91000366210938,14.121999740600586,2888.800048828125,6281.200195,1.95,3,252.182,3.7
9/18/2018,1196.800048828125,94.22699737548828,69.84999847,14.083999633789062,2904.310059,6371.299805,1.95,3,252.182,3.7
9/19/2018,1202.199951171875,94.11900329589844,71.12000274658203,14.189000129699707,2907.949951171875,6398.540039,1.95,3,252.182,3.7
9/20/2018,1206.199951171875,93.49099731445312,70.80000305175781,14.21500015258789,2930.75,6519.669922,1.95,3,252.182,3.7
9/21/2018,1196.199951171875,93.79799652,70.77999877929688,14.269000053405762,2929.669922,6734.950195,1.95,3,252.182,3.7
9/24/2018,1199.300048828125,93.77500153,72.08000183105469,14.25100040435791,2919.370117,6595.410156,1.95,3,252.182,3.7
9/25/2018,1200,93.71099853515625,72.27999877929688,14.39799976348877,2915.560059,6446.470215,1.95,3,252.182,3.7
9/26/2018,1194,93.77300262451172,71.56999969482422,14.305000305175781,2905.969970703125,6495,1.95,3,252.182,3.7
9/27/2018,1182.300048828125,94.52400207519531,72.12000274658203,14.201000213623047,2914,6676.75,1.95,3,252.182,3.7
9/28/2018,1191.5,94.73699951171875,73.25,14.623000144958496,2913.97998,6644.129883,1.95,3,252.182,3.7
10/1/2018,1187.0999755859375,94.92900085449219,75.30000305175781,14.42199993133545,2924.590087890625,6589.620117,2.19,3.09,252.772,3.8
10/2/2018,1202.4000244140625,95.13999938964844,75.23000336,14.609999656677246,2923.429931640625,6556.100098,2.19,3.09,252.772,3.8
10/3/2018,1198.300048828125,95.40599822998047,76.41000366210938,14.59000015258789,2925.510009765625,6502.589844,2.19,3.09,252.772,3.8
10/4/2018,1197.199951171875,95.41200256347656,74.33000183105469,14.510000228881836,2901.610107421875,6576.689941,2.19,3.09,252.772,3.8
10/5/2018,1201.199951171875,95.30500030517578,74.33999633789062,14.569000244140625,2885.570068359375,6622.47998,2.19,3.09,252.772,3.8
10/8/2018,1184.4000244140625,95.43599700927734,74.29000091552734,14.258999824523926,2884.429931640625,6652.22998,2.19,3.09,252.772,3.8
10/9/2018,1187.199951171875,95.34600067138672,74.95999908447266,14.329000473022461,2880.340087890625,6642.640137,2.19,3.09,252.772,3.8
10/10/2018,1189.300048828125,95.17700195,73.16999816894531,14.255000114440918,2785.679931640625,6585.529785,2.19,3.09,252.772,3.8
10/11/2018,1223.5,94.70600128173828,70.97000122070312,14.53499984741211,2728.370117,6256.240234,2.19,3.09,252.772,3.8
10/12/2018,1218.0999755859375,94.91100311279297,71.33999633789062,14.564000129699707,2767.129883,6274.580078,2.19,3.09,252.772,3.8
10/15/2018,1226.4000244140625,94.75399780273438,71.77999877929688,14.656000137329102,2750.790039,6596.540039,2.19,3.09,252.772,3.8
10/16/2018,1227.300048828125,94.74800109863281,71.91999816894531,14.630000114440918,2809.919922,6596.109863,2.19,3.09,252.772,3.8
10/17/2018,1223.699951171875,95.29699707,69.75,14.592000007629395,2809.209961,6544.430176,2.19,3.09,252.772,3.8
10/18/2018,1226.5,95.63800048828125,68.65000153,14.532999992370605,2768.780029296875,6476.709961,2.19,3.09,252.772,3.8
10/19/2018,1225.300048828125,95.44300079345703,69.12000274658203,14.579000473022461,2767.780029296875,6465.410156,2.19,3.09,252.772,3.8
10/22/2018,1221.199951171875,95.74900055,69.16999816894531,14.522000312805176,2755.879883,6487.160156,2.19,3.09,252.772,3.8
10/23/2018,1233.4000244140625,95.71299743652344,66.43000030517578,14.727999687194824,2740.689941,6475.740234,2.19,3.09,252.772,3.8
10/24/2018,1227.800048828125,96.18199920654297,66.81999969482422,14.611000061035156,2656.100098,6495.839844,2.19,3.09,252.772,3.8
10/25/2018,1229.0999755859375,96.45500183105469,67.33000183105469,14.56499958,2705.570068359375,6476.290039,2.19,3.09,252.772,3.8
10/26/2018,1232.5,96.12799835205078,67.58999633789062,14.635000228881836,2658.689941,6474.75,2.19,3.09,252.772,3.8
10/29/2018,1224.5,96.34999847,67.04000091552734,14.376999855041504,2641.25,6332.629883,2.19,3.09,252.772,3.8
10/30/2018,1222.5999755859375,96.79100036621094,66.18000030517578,14.402999877929688,2682.629883,6334.27002,2.19,3.09,252.772,3.8
10/31/2018,1212.300048828125,96.90100098,65.30999755859375,14.229000091552734,2711.739990234375,6317.609863,2.19,3.09,252.772,3.8
11/1/2018,1236,96.08100128173828,63.689998626708984,14.729000091552734,2740.370117,6377.779785,2.2,3.14,252.594,3.8
11/2/2018,1230.9000244140625,96.34300231933594,63.13999938964844,14.706999778747559,2723.060059,6388.439941,2.2,3.14,252.594,3.8
11/5/2018,1229.800048828125,96.08300018310547,63.099998474121094,14.604000091552734,2738.310059,6419.660156,2.2,3.14,252.594,3.8
11/6/2018,1223.800048828125,96.11699676513672,62.209999084472656,14.458000183105469,2755.449951171875,6461.009766,2.2,3.14,252.594,3.8
11/7/2018,1226.199951171875,95.80699920654297,61.66999816894531,14.527999877929688,2813.889892578125,6530.140137,2.2,3.14,252.594,3.8
11/8/2018,1222.9000244140625,96.55000305175781,60.66999816894531,14.38599967956543,2806.830078,6453.720215,2.2,3.14,252.594,3.8
11/9/2018,1206.4000244140625,96.73400115966797,60.189998626708984,14.102999687194824,2781.010009765625,6385.620117,2.2,3.14,252.594,3.8
11/12/2018,1201.300048828125,97.38200378417969,59.93000030517578,13.973999977111816,2726.219970703125,6371.27002,2.2,3.14,252.594,3.8
11/13/2018,1199.199951171875,97.14399719238281,55.689998626708984,13.95199966430664,2722.179931640625,6359.490234,2.2,3.14,252.594,3.8
11/14/2018,1207.9000244140625,96.65899658203125,56.25,14.055000305175781,2701.580078,5738.350098,2.2,3.14,252.594,3.8
11/15/2018,1212.800048828125,96.79100036621094,56.459999084472656,14.237000465393066,2730.199951171875,5648.029785,2.2,3.14,252.594,3.8
11/16/2018,1220.800048828125,96.33300018310547,56.459999084472656,14.357999801635742,2736.27002,5575.549805,2.2,3.14,252.594,3.8
11/19/2018,1223.0999755859375,96.06600189208984,56.75999832,14.380999565124512,2690.72998,4871.490234,2.2,3.14,252.594,3.8
11/20/2018,1219,96.71600341796875,53.43000030517578,14.246999740600586,2641.889892578125,4451.870117,2.2,3.14,252.594,3.8
11/21/2018,1225.800048828125,96.58499908447266,54.630001068115234,14.479999542236328,2649.929931640625,4602.169922,2.2,3.14,252.594,3.8
11/23/2018,1221,96.82499694824219,50.41999816894531,14.220999717712402,2632.560059,4347.109863,2.2,3.14,252.594,3.8
11/26/2018,1220.199951171875,96.97899627685547,51.630001068115234,14.182999610900879,2673.449951171875,3779.129883,2.2,3.14,252.594,3.8
11/27/2018,1211.199951171875,97.27999877929688,51.560001373291016,14.062000274658203,2682.169922,3820.719970703125,2.2,3.14,252.594,3.8
11/28/2018,1221.4000244140625,96.68099975585938,50.290000915527344,14.303000450134277,2743.790039,4257.419922,2.2,3.14,252.594,3.8
11/29/2018,1224.0999755859375,96.6989975,51.45000076293945,14.27299976348877,2737.800048828125,4278.84668,2.2,3.14,252.594,3.8
11/30/2018,1220.199951171875,97.19599914550781,50.93000030517578,14.093999862670898,2760.169922,4017.268555,2.2,3.14,252.594,3.8
12/1/2018,1220.199951171875,97.19599914550781,50.93000030517578,14.093999862670898,2760.169922,4017.268555,2.27,3.14,252.767,3.9
12/3/2018,1233.9000244140625,96.96900177001953,52.95000076293945,14.380999565124512,2790.370117,3894.130859,2.27,3.14,252.767,3.9
12/4/2018,1241.0999755859375,96.90200043,53.25,14.520999908447266,2700.060059,3956.893798828125,2.27,3.14,252.767,3.9
12/6/2018,1238.0999755859375,96.76399993896484,51.49000168,14.390000343322754,2695.949951171875,3521.101806640625,2.27,3.14,252.767,3.9
12/7/2018,1246.800048828125,96.47599792480469,52.61000061035156,14.571999549865723,2633.080078,3419.937255859375,2.27,3.14,252.767,3.9
12/10/2018,1243.699951171875,97.18299865722656,51,14.477999687194824,2637.719970703125,3502.656005859375,2.27,3.14,252.767,3.9
12/11/2018,1241.9000244140625,97.35800170898438,51.650001525878906,14.49899959564209,2636.780029296875,3424.588134765625,2.27,3.14,252.767,3.9
12/12/2018,1244.4000244140625,97.01799774169922,51.150001525878906,14.725000381469727,2651.070068359375,3486.950195,2.27,3.14,252.767,3.9
12/13/2018,1242.699951171875,97.05599975585938,52.58000183105469,14.729000091552734,2650.540039,3313.677246,2.27,3.14,252.767,3.9
12/14/2018,1237,97.43000030517578,51.20000076293945,14.512999534606934,2599.949951171875,3242.484863,2.27,3.14,252.767,3.9
12/17/2018,1247.4000244140625,97.17500305175781,49.880001068115234,14.638999938964844,2545.939941,3545.864746,2.27,3.14,252.767,3.9
12/18/2018,1249.199951171875,96.56999969482422,46.24000168,14.585000038146973,2546.159912109375,3696.059082,2.27,3.14,252.767,3.9
12/19/2018,1252.0999755859375,96.48400115966797,47.20000076293945,14.70199966430664,2506.959961,3745.950684,2.27,3.14,252.767,3.9
12/20/2018,1263.5999755859375,95.72799682617188,45.880001068115234,14.753000259399414,2467.419922,4134.441406,2.27,3.14,252.767,3.9
12/21/2018,1253.800048828125,96.45500183105469,45.59000015258789,14.583000183105469,2416.620117,3896.543701171875,2.27,3.14,252.767,3.9
12/24/2018,1267.5,96.00700378417969,42.529998779296875,14.701000213623047,2351.100098,4078.599121,2.27,3.14,252.767,3.9
12/26/2018,1269.199951171875,96.56800079345703,46.220001220703125,15.003999710083008,2467.699951171875,3857.297607421875,2.27,3.14,252.767,3.9
12/27/2018,1277.300048828125,96.00099945,44.61000061035156,15.190999984741211,2488.830078,3654.833496,2.27,3.14,252.767,3.9
12/28/2018,1279.9000244140625,95.96499633789062,45.33000183105469,15.326000213623047,2485.739990234375,3923.918701171875,2.27,3.14,252.767,3.9
12/31/2018,1278.300048828125,95.73500061035156,45.40999984741211,15.432999610900879,2506.850098,3742.700439453125,2.27,3.14,252.767,3.9
1/1/2019,1278.300048828125,95.73500061035156,45.40999984741211,15.432999610900879,2506.850098,3742.700439453125,2.4,3.14,252.561,4
1/2/2019,1281,96.42299652,46.540000915527344,15.541999816894531,2510.030029296875,3943.409423828125,2.4,3.14,252.561,4
1/3/2019,1291.800048828125,95.87799835205078,47.09000015258789,15.706000328063965,2447.889892578125,3836.741211,2.4,3.14,252.561,4
1/4/2019,1282.699951171875,95.75,47.959999084472656,15.694999694824219,2531.939941,3857.717529296875,2.4,3.14,252.561,4
1/7/2019,1286.800048828125,95.22799682617188,48.52000045776367,15.668999671936035,2549.689941,4025.248291015625,2.4,3.14,252.561,4
1/8/2019,1283.199951171875,95.47899627685547,49.779998779296875,15.62600040435791,2574.409912109375,4030.847900390625,2.4,3.14,252.561,4
1/9/2019,1289.300048828125,94.79000091552734,52.36000061035156,15.652999877929688,2584.959961,4035.296387,2.4,3.14,252.561,4
1/10/2019,1284.699951171875,95.12000274658203,52.59000015258789,15.560999870300293,2596.639892578125,3678.924560546875,2.4,3.14,252.561,4
1/11/2019,1287.0999755859375,95.26599884033203,51.59000015258789,15.57699966430664,2596.260009765625,3687.365478515625,2.4,3.14,252.561,4
1/14/2019,1289.0999755859375,95.20700073242188,50.50999832,15.609000205993652,2582.610107421875,3706.052246,2.4,3.14,252.561,4
1/15/2019,1286.199951171875,95.67500305175781,52.11000061035156,15.545999526977539,2610.300048828125,3630.675293,2.4,3.14,252.561,4
1/16/2019,1291.5999755859375,95.67700195,52.310001373291016,15.564000129699707,2616.100098,3655.006836,2.4,3.14,252.561,4
1/17/2019,1291,95.71299743652344,52.06999969482422,15.467000007629395,2635.959961,3678.563965,2.4,3.14,252.561,4
1/18/2019,1281.300048828125,95.99299621582031,53.79999923706055,15.329999923706055,2670.709961,3657.839355,2.4,3.14,252.561,4
1/22/2019,1282.5,95.95899963378906,52.56999969482422,15.258999824523926,2632.899902,3604.577148,2.4,3.14,252.561,4
1/23/2019,1283.0999755859375,95.77200317382812,52.619998931884766,15.317000389099121,2638.699951171875,3585.123047,2.4,3.14,252.561,4
1/24/2019,1279.0999755859375,96.29699707,53.130001068115234,15.23799991607666,2642.330078,3600.865478515625,2.4,3.14,252.561,4
1/25/2019,1297.4000244140625,95.46499633789062,53.689998626708984,15.638999938964844,2664.760009765625,3599.765869140625,2.4,3.14,252.561,4
1/28/2019,1302.4000244140625,95.42400360107422,51.99000168,15.708999633789062,2643.850098,3470.450439453125,2.4,3.14,252.561,4
1/29/2019,1308.199951171875,95.51599884033203,53.310001373291016,15.78600025177002,2640,3448.116943359375,2.4,3.14,252.561,4
1/30/2019,1309.9000244140625,95.03099822998047,54.22999954223633,15.880000114440918,2681.050048828125,3486.181641,2.4,3.14,252.561,4
1/31/2019,1319.699951171875,95.30400085449219,53.790000915527344,16.02199935913086,2704.100098,3457.792724609375,2.4,3.14,252.561,4
2/1/2019,1316.9000244140625,95.30000305175781,55.25999832,15.880000114440918,2706.530029296875,3487.945313,2.4,2.7,253.319,3.8
2/4/2019,1314.300048828125,95.56999969482422,54.560001373291016,15.836999893188477,2724.870117,3459.154052734375,2.4,2.7,253.319,3.8
2/5/2019,1314.199951171875,95.81700134277344,53.65999984741211,15.789999961853027,2737.699951171875,3466.357422,2.4,2.7,253.319,3.8
2/6/2019,1309.5,96.15200043,54.00999832,15.656000137329102,2731.610107421875,3413.767822265625,2.4,2.7,253.319,3.8
2/7/2019,1309.4000244140625,96.28900146484375,52.63999938964844,15.675000190734863,2706.050048828125,3399.47168,2.4,2.7,253.319,3.8
2/8/2019,1313.699951171875,96.41600036621094,52.720001220703125,15.77299976348877,2707.879883,3666.780273,2.4,2.7,253.319,3.8
2/11/2019,1307,96.85700225830078,52.40999984741211,15.656999588012695,2709.800048828125,3648.430664,2.4,2.7,253.319,3.8
2/12/2019,1309.199951171875,96.50299835205078,53.099998474121094,15.65999984741211,2744.72998,3653.528564453125,2.4,2.7,253.319,3.8
2/13/2019,1310.800048828125,96.93800354003906,53.900001525878906,15.62399959564209,2753.030029296875,3632.070556640625,2.4,2.7,253.319,3.8
2/14/2019,1309.800048828125,96.80500030517578,54.40999984741211,15.5,2745.72998,3616.880859,2.4,2.7,253.319,3.8
2/15/2019,1318.0999755859375,96.73999786376953,55.59000015258789,15.722999572753906,2775.600098,3620.810791015625,2.4,2.7,253.319,3.8
2/19/2019,1340.0999755859375,96.34899902,56.09000015258789,15.946999549865723,2779.760009765625,3947.094482421875,2.4,2.7,253.319,3.8
2/20/2019,1343.300048828125,96.29399871826172,56.91999816894531,16.156999588012695,2784.699951171875,3999.820556640625,2.4,2.7,253.319,3.8
2/21/2019,1323.5,96.46299743652344,56.959999084472656,15.791000366210938,2774.879883,3954.118164,2.4,2.7,253.319,3.8
2/22/2019,1329.199951171875,96.36699676513672,57.25999832,15.907999992370605,2792.669922,4005.526611328125,2.4,2.7,253.319,3.8
2/25/2019,1325.9000244140625,96.27100372314453,55.47999954223633,15.824999809265137,2796.110107421875,3882.696289,2.4,2.7,253.319,3.8
2/26/2019,1325.0999755859375,95.86499786376953,55.5,15.82699966430664,2793.899902,3854.35791,2.4,2.7,253.319,3.8
2/27/2019,1317.699951171875,96.03800201416016,56.939998626708984,15.67199993133545,2792.379883,3851.047363,2.4,2.7,253.319,3.8
2/28/2019,1312.800048828125,96.04299926757812,57.220001220703125,15.538000106811523,2784.489990234375,3854.785400390625,2.4,2.7,253.319,3.8
3/1/2019,1296.4000244140625,96.44999694824219,55.79999923706055,15.168999671936035,2803.689941,3859.583740234375,2.41,2.76,254.277,3.8
3/4/2019,1284.800048828125,96.61000061035156,56.59000015258789,15.017000198364258,2792.810059,3761.557129,2.41,2.76,254.277,3.8
3/5/2019,1282,96.79499816894531,56.560001373291016,15.020000457763672,2789.649902,3896.375,2.41,2.76,254.277,3.8
3/6/2019,1284.9000244140625,96.79900360107422,56.220001220703125,15.003000259399414,2771.449951171875,3903.942626953125,2.41,2.76,254.277,3.8
3/7/2019,1283.800048828125,97.62799835205078,56.65999984741211,14.960000038146973,2748.929931640625,3911.484375,2.41,2.76,254.277,3.8
3/8/2019,1297,97.26899719238281,56.06999969482422,15.272000312805176,2743.070068359375,3901.131591796875,2.41,2.76,254.277,3.8
3/11/2019,1288.800048828125,97.17400360107422,56.790000915527344,15.196999549865723,2783.300048828125,3905.227294921875,2.41,2.76,254.277,3.8
3/12/2019,1296.300048828125,96.89900207519531,56.869998931884766,15.338000297546387,2791.52002,3909.15625,2.41,2.76,254.277,3.8
3/13/2019,1307.5,96.51200103759766,58.25999832,15.380999565124512,2810.919922,3906.717285,2.41,2.76,254.277,3.8
3/14/2019,1293.4000244140625,96.76899719238281,58.61000061035156,15.10099983215332,2808.47998,3924.369141,2.41,2.76,254.277,3.8
3/15/2019,1301.800048828125,96.58999633789062,58.52000045776367,15.253000259399414,2822.47998,3960.911133,2.41,2.76,254.277,3.8
3/18/2019,1300.300048828125,96.51599884033203,59.09000015258789,15.25100040435791,2832.939941,4032.507324,2.41,2.76,254.277,3.8
3/19/2019,1305,95.83100128173828,59.029998779296875,15.300999641418457,2832.570068359375,4071.190185546875,2.41,2.76,254.277,3.8
3/20/2019,1300.5,95.20099639892578,59.83000183105469,15.244999885559082,2824.22998,4087.476318359375,2.41,2.76,254.277,3.8
3/21/2019,1306.0999755859375,95.98699951171875,59.97999954223633,15.371999740600586,2854.879883,4029.326904296875,2.41,2.76,254.277,3.8
3/22/2019,1311.5999755859375,96.15100098,59.040000915527344,15.345000267028809,2800.709961,4023.968262,2.41,2.76,254.277,3.8
3/25/2019,1321.9000244140625,96.06800079345703,58.81999969482422,15.506999969482422,2798.360107421875,3963.070556640625,2.41,2.76,254.277,3.8
3/26/2019,1314.300048828125,96.22499847,59.939998626708984,15.371000289916992,2818.459961,3985.080810546875,2.41,2.76,254.277,3.8
3/27/2019,1309.9000244140625,96.28299713134766,59.40999984741211,15.23900032043457,2805.370117,4087.066162109375,2.41,2.76,254.277,3.8
3/28/2019,1289.800048828125,96.76399993896484,59.29999923706055,14.920999526977539,2815.439941,4069.107177734375,2.41,2.76,254.277,3.8
3/29/2019,1293,96.84500122070312,60.13999938964844,15.06000042,2834.399902,4098.374512,2.41,2.76,254.277,3.8
4/1/2019,1288.4000244140625,96.79900360107422,61.59000015258789,15.050999641418457,2867.189941,4158.183105,2.42,2.49,255.233,3.7
4/2/2019,1290,96.92299652,62.58000183105469,15.017999649047852,2867.239990234375,4879.87793,2.42,2.49,255.233,3.7
4/3/2019,1289.9000244140625,96.66200256347656,62.459999084472656,15.059000015258789,2873.399902,4973.021973,2.42,2.49,255.233,3.7
4/4/2019,1289,96.92500305175781,62.099998474121094,15.041000366210938,2879.389892578125,4922.798828,2.42,2.49,255.233,3.7
4/5/2019,1290.4000244140625,97.00199890136719,63.08000183105469,15.043000221252441,2892.739990234375,5036.681152,2.42,2.49,255.233,3.7
4/8/2019,1297.0999755859375,96.65000153,64.40000153,15.17300033569336,2895.77002,5289.770996,2.42,2.49,255.233,3.7
4/9/2019,1303.5,96.61100006103516,63.97999954223633,15.168000221252441,2878.199951171875,5204.958496,2.42,2.49,255.233,3.7
4/10/2019,1309.0999755859375,96.55799865722656,64.61000061035156,15.201000213623047,2888.209961,5324.551758,2.42,2.49,255.233,3.7
4/11/2019,1288.5999755859375,96.80899810791016,63.58000183105469,14.824000358581543,2888.320068359375,5064.487793,2.42,2.49,255.233,3.7
4/12/2019,1290.5999755859375,96.59799957,63.88999938964844,14.920000076293945,2907.409912109375,5089.539063,2.42,2.49,255.233,3.7
4/15/2019,1286.800048828125,96.55599975585938,63.400001525878906,14.947999954223633,2905.580078,5067.108398,2.42,2.49,255.233,3.7
4/16/2019,1272.5999755859375,96.65200043,64.05000305175781,14.890999794006348,2907.060059,5235.55957,2.42,2.49,255.233,3.7
4/17/2019,1272.199951171875,96.65799713134766,63.75999832,14.920999526977539,2900.449951171875,5251.937988,2.42,2.49,255.233,3.7
4/18/2019,1271.9000244140625,97.15100098,64,14.937000274658203,2905.030029296875,5298.385742,2.42,2.49,255.233,3.7
4/22/2019,1273.5,96.95500183105469,65.69999694824219,14.956999778747559,2907.969970703125,5399.365234,2.42,2.49,255.233,3.7
4/23/2019,1269.300048828125,97.31999969482422,66.30000305175781,14.77299976348877,2933.679931640625,5572.362305,2.42,2.49,255.233,3.7
4/24/2019,1275.5,97.85500336,65.88999938964844,14.89799976348877,2927.25,5464.866699,2.42,2.49,255.233,3.7
4/25/2019,1275.800048828125,97.91899871826172,65.20999908447266,14.861000061035156,2926.169922,5210.515625,2.42,2.49,255.233,3.7
4/26/2019,1284.9000244140625,97.72599792480469,63.29999923706055,15.001999855041504,2939.879883,5279.348145,2.42,2.49,255.233,3.7
4/29/2019,1278.5999755859375,97.58100128173828,63.5,14.843999862670898,2943.030029296875,5247.352539,2.42,2.49,255.233,3.7
4/30/2019,1282.800048828125,97.20099639892578,63.90999984741211,14.899999618530273,2945.830078,5350.726563,2.42,2.49,255.233,3.7
5/1/2019,1281.4000244140625,97.41000366210938,63.599998474121094,14.645000457763672,2923.72998,5402.697266,2.39,2.52,255.296,3.6
5/2/2019,1269.699951171875,97.58599853515625,61.810001373291016,14.539999961853027,2917.52002,5505.283691,2.39,2.52,255.296,3.6
5/3/2019,1279.199951171875,97.26000213623047,61.939998626708984,14.906999588012695,2945.639892578125,5768.289551,2.39,2.52,255.296,3.6
5/6/2019,1281.699951171875,97.26799774169922,62.25,14.857000350952148,2932.469970703125,5746.807129,2.39,2.52,255.296,3.6
5/7/2019,1283.5,97.39900207519531,61.400001525878906,14.859999656677246,2884.050048828125,5829.501465,2.39,2.52,255.296,3.6
5/8/2019,1279.4000244140625,97.38800048828125,62.119998931884766,14.791999816894531,2879.419922,5982.45752,2.39,2.52,255.296,3.6
5/9/2019,1283.5,97.16400146484375,61.70000076293945,14.706999778747559,2870.719970703125,6174.528809,2.39,2.52,255.296,3.6
5/10/2019,1285.699951171875,97.125,61.65999984741211,14.72599983215332,2881.399902,6378.849121,2.39,2.52,255.296,3.6
5/13/2019,1300.0999755859375,97.12000274658203,61.040000915527344,14.713000297546387,2811.870117,7814.915039,2.39,2.52,255.296,3.6
5/14/2019,1294.699951171875,97.3219986,61.779998779296875,14.751999855041504,2834.409912109375,7994.416016,2.39,2.52,255.296,3.6
5/15/2019,1296.300048828125,97.37599945,62.02000045776367,14.751999855041504,2850.959961,8205.167969,2.39,2.52,255.296,3.6
5/16/2019,1285,97.6780014,62.869998931884766,14.479000091552734,2876.320068359375,7884.90918,2.39,2.52,255.296,3.6
5/17/2019,1274.5,97.8239975,62.75999832,14.347999572753906,2859.530029296875,7343.895508,2.39,2.52,255.296,3.6
5/20/2019,1276.0999755859375,97.76399993896484,63.099998474121094,14.409000396728516,2840.22998,7978.309082,2.39,2.52,255.296,3.6
5/21/2019,1272,97.89600372314453,62.99000168,14.373000144958496,2864.360107421875,7963.327637,2.39,2.52,255.296,3.6
5/22/2019,1273.5999755859375,97.88099670410156,61.41999816894531,14.413999557495117,2856.27002,7680.066406,2.39,2.52,255.296,3.6
5/23/2019,1284.800048828125,97.72299957,57.90999984741211,14.57699966430664,2822.239990234375,7881.84668,2.39,2.52,255.296,3.6
5/24/2019,1283,97.47699737548828,58.630001068115234,14.520000457763672,2826.060059,7987.371582,2.39,2.52,255.296,3.6
5/28/2019,1276.5,97.84200286865234,59.13999938964844,14.281000137329102,2802.389892578125,8719.961914,2.39,2.52,255.296,3.6
5/29/2019,1280.5999755859375,98.03500366210938,58.810001373291016,14.371999740600586,2783.02002,8659.487305,2.39,2.52,255.296,3.6
5/30/2019,1287.0999755859375,98.0530014,56.59000015258789,14.460000038146973,2788.860107421875,8319.472656,2.39,2.52,255.296,3.6
5/31/2019,1305.800048828125,97.66600036621094,53.5,14.529999732971191,2752.060059,8574.501953,2.39,2.52,255.296,3.6
6/1/2019,1305.800048828125,97.66600036621094,53.5,14.529999732971191,2752.060059,8574.501953,2.38,2.52,255.213,3.6
6/3/2019,1322.699951171875,97.05999755859375,53.25,14.70300006866455,2744.449951171875,8208.995117,2.38,2.52,255.213,3.6
6/4/2019,1323.4000244140625,96.99900055,53.47999954223633,14.732000350952148,2803.27002,7707.770996,2.38,2.52,255.213,3.6
6/5/2019,1328.300048828125,97.25099945,51.68000030517578,14.753999710083008,2826.149902,7824.231445,2.38,2.52,255.213,3.6
6/6/2019,1337.5999755859375,96.99700164794922,52.59000015258789,14.868000030517578,2843.489990234375,7822.023438,2.38,2.52,255.213,3.6
6/7/2019,1341.199951171875,96.48999786376953,53.99000168,14.994000434875488,2873.340087890625,8043.951172,2.38,2.52,255.213,3.6
6/10/2019,1324.699951171875,96.71099853515625,53.25999832,14.604999542236328,2886.72998,8000.32959,2.38,2.52,255.213,3.6
6/11/2019,1326.4000244140625,96.64499664,53.27000045776367,14.706000328063965,2885.719970703125,7927.714355,2.38,2.52,255.213,3.6
6/12/2019,1331.9000244140625,96.97000122070312,51.13999938964844,14.722000122070312,2879.840087890625,8145.857422,2.38,2.52,255.213,3.6
6/13/2019,1339.199951171875,96.99900055,52.279998779296875,14.871000289916992,2891.639892578125,8230.923828,2.38,2.52,255.213,3.6
6/14/2019,1340.0999755859375,97.56999969482422,52.50999832,14.781999588012695,2886.97998,8693.833008,2.38,2.52,255.213,3.6
6/17/2019,1338.699951171875,97.39600372314453,51.93000030517578,14.814000129699707,2889.669922,9320.352539,2.38,2.52,255.213,3.6
6/18/2019,1346.5999755859375,97.15299987792969,53.900001525878906,14.979999542236328,2917.75,9081.762695,2.38,2.52,255.213,3.6
6/19/2019,1344.5999755859375,96.58200073242188,53.75999832,14.944999694824219,2926.459961,9273.521484,2.38,2.52,255.213,3.6
6/20/2019,1392.9000244140625,96.13800048828125,56.650001525878906,15.468999862670898,2954.179931640625,9527.160156,2.38,2.52,255.213,3.6
6/21/2019,1396.199951171875,95.71800231933594,57.43000030517578,15.27299976348877,2950.459961,10144.55664,2.38,2.52,255.213,3.6
6/24/2019,1414.300048828125,95.48699951171875,57.900001525878906,15.368000030517578,2945.350098,11011.10254,2.38,2.52,255.213,3.6
6/25/2019,1414.9000244140625,95.64800262451172,57.83000183105469,15.291000366210938,2917.379883,11790.91699,2.38,2.52,255.213,3.6
6/26/2019,1411.5999755859375,95.72799682617188,59.380001068115234,15.282999992370605,2913.780029296875,13016.23145,2.38,2.52,255.213,3.6
6/27/2019,1408.4000244140625,95.74199676513672,59.43000030517578,15.204999923706055,2924.919922,11182.80664,2.38,2.52,255.213,3.6
6/28/2019,1409.699951171875,95.66600036621094,58.470001220703125,15.253000259399414,2941.760009765625,12407.33203,2.38,2.52,255.213,3.6
7/1/2019,1385.5999755859375,96.40899658203125,59.09000015258789,15.105999946594238,2964.330078,10583.13477,2.4,2.03,255.802,3.7
7/2/2019,1404.5999755859375,96.27400207519531,56.25,15.154000282287598,2973.010009765625,10801.67773,2.4,2.03,255.802,3.7
7/3/2019,1417.699951171875,96.33100128173828,57.34000015258789,15.251999855041504,2995.820068359375,11961.26953,2.4,2.03,255.802,3.7
7/5/2019,1396.699951171875,96.88999938964844,57.50999832,14.918000221252441,2990.409912109375,10978.45996,2.4,2.03,255.802,3.7
7/8/2019,1397,96.98400115966797,57.65999984741211,14.972000122070312,2975.949951171875,12285.95801,2.4,2.03,255.802,3.7
7/9/2019,1397.5,97.09500122070312,57.83000183105469,15.067999839782715,2979.629883,12573.8125,2.4,2.03,255.802,3.7
7/10/2019,1410.0999755859375,96.70300293,60.43000030517578,15.147000312805176,2993.070068359375,12156.5127,2.4,2.03,255.802,3.7
7/11/2019,1404.300048828125,96.66600036621094,60.20000076293945,15.067000389099121,2999.909912109375,11358.66211,2.4,2.03,255.802,3.7
7/12/2019,1409.9000244140625,96.42400360107422,60.209999084472656,15.16100025177002,3013.77002,11815.98633,2.4,2.03,255.802,3.7
7/15/2019,1411.4000244140625,96.54499816894531,59.58000183105469,15.289999961853027,3014.300048828125,10895.08984,2.4,2.03,255.802,3.7
7/16/2019,1409.199951171875,97.04100036621094,57.619998931884766,15.600000381469727,3004.040039,9477.641602,2.4,2.03,255.802,3.7
7/17/2019,1421.300048828125,96.85299682617188,56.779998779296875,15.892999649047852,2984.419922,9693.802734,2.4,2.03,255.802,3.7
7/18/2019,1426.0999755859375,96.4489975,55.29999923706055,16.12000084,2995.110107421875,10666.48242,2.4,2.03,255.802,3.7
7/19/2019,1425.0999755859375,96.81700134277344,55.630001068115234,16.117000579833984,2976.610107421875,10530.73242,2.4,2.03,255.802,3.7
7/22/2019,1425.300048828125,96.94000244140625,56.220001220703125,16.34000015258789,2985.030029296875,10343.10645,2.4,2.03,255.802,3.7
7/23/2019,1420.0999755859375,97.41799926757812,56.77000045776367,16.405000686645508,3005.469970703125,9900.767578,2.4,2.03,255.802,3.7
7/24/2019,1422.800048828125,97.45200348,55.880001068115234,16.554000854492188,3019.560059,9811.925781,2.4,2.03,255.802,3.7
7/25/2019,1413.9000244140625,97.55200195,56.02000045776367,16.339000701904297,3003.669922,9911.841797,2.4,2.03,255.802,3.7
7/26/2019,1418.5,97.75099945,56.20000076293945,16.325000762939453,3025.860107421875,9870.303711,2.4,2.03,255.802,3.7
7/29/2019,1419.5999755859375,97.79599762,56.869998931884766,16.368000030517578,3020.969970703125,9519.145508,2.4,2.03,255.802,3.7
7/30/2019,1429.699951171875,97.80899810791016,58.04999923706055,16.49500084,3013.179931640625,9607.423828,2.4,2.03,255.802,3.7
7/31/2019,1426.0999755859375,98.25800323486328,58.58000183105469,16.34600067138672,2980.379883,10085.62793,2.4,2.03,255.802,3.7
8/1/2019,1420.9000244140625,98.14399719238281,53.95000076293945,16.121000289916992,2953.560059,10399.66895,2.13,1.9,256.036,3.6
8/2/2019,1445.5999755859375,97.85199737548828,55.65999984741211,16.222000122070312,2932.050048828125,10518.1748,2.13,1.9,256.036,3.6
8/5/2019,1464.5999755859375,97.30799865722656,54.689998626708984,16.344999313354492,2844.739990234375,11805.65332,2.13,1.9,256.036,3.6
8/6/2019,1472.4000244140625,97.41699981689453,53.630001068115234,16.405000686645508,2881.77002,11478.16895,2.13,1.9,256.036,3.6
8/7/2019,1507.300048828125,97.34500122070312,51.09000015258789,17.15600014,2883.97998,11941.96875,2.13,1.9,256.036,3.6
8/8/2019,1497.699951171875,97.43399810791016,52.540000915527344,16.900999069213867,2938.090087890625,11966.40723,2.13,1.9,256.036,3.6
8/9/2019,1496.5999755859375,97.3219986,54.5,16.89699935913086,2918.649902,11862.93652,2.13,1.9,256.036,3.6
8/12/2019,1505.300048828125,97.19799805,54.93000030517578,17.038999557495117,2882.699951171875,11382.61621,2.13,1.9,256.036,3.6
8/13/2019,1502.199951171875,97.63099670410156,57.099998474121094,16.95599937438965,2926.320068359375,10895.83008,2.13,1.9,256.036,3.6
8/14/2019,1515.9000244140625,97.82599639892578,55.22999954223633,17.253000259399414,2840.600098,10051.7041,2.13,1.9,256.036,3.6
8/15/2019,1519.5999755859375,98.00499725341797,54.470001220703125,17.187999725341797,2847.600098,10311.5459,2.13,1.9,256.036,3.6
8/16/2019,1512.5,98.00700378417969,54.869998931884766,17.09600067138672,2888.679931640625,10374.33887,2.13,1.9,256.036,3.6
8/19/2019,1500.4000244140625,98.22100067138672,56.209999084472656,16.913999557495117,2923.649902,10916.05371,2.13,1.9,256.036,3.6
8/20/2019,1504.5999755859375,98.06300354003906,56.34000015258789,17.121999740600586,2900.510009765625,10763.23242,2.13,1.9,256.036,3.6
8/21/2019,1504.5999755859375,98.17900085449219,55.68000030517578,17.125,2924.429931640625,10138.0498,2.13,1.9,256.036,3.6
8/22/2019,1497.300048828125,98.06400299072266,55.349998474121094,17.013999938964844,2922.949951171875,10131.05566,2.13,1.9,256.036,3.6
8/23/2019,1526.5999755859375,97.52999877929688,54.16999816894531,17.395000457763672,2847.110107421875,10407.96484,2.13,1.9,256.036,3.6
8/26/2019,1526.300048828125,97.98899841308594,53.63999938964844,17.624000549316406,2878.379883,10370.82031,2.13,1.9,256.036,3.6
8/27/2019,1541,97.90699768066406,54.93000030517578,18.138999938964844,2869.159912109375,10185.5,2.13,1.9,256.036,3.6
8/28/2019,1537.800048828125,98.12000274658203,55.779998779296875,18.304000854492188,2887.939941,9754.422852,2.13,1.9,256.036,3.6
8/29/2019,1526.5,98.45500183105469,56.709999084472656,18.16699981689453,2924.580078,9510.200195,2.13,1.9,256.036,3.6
8/30/2019,1519.0999755859375,98.86000061035156,55.099998474121094,18.184999465942383,2926.459961,9598.173828,2.13,1.9,256.036,3.6
9/1/2019,1519.0999755859375,98.86000061035156,55.099998474121094,18.184999465942383,2926.459961,9598.173828,2.04,1.9,256.43,3.5
9/3/2019,1545.9000244140625,98.9489975,53.939998626708984,19.07900047302246,2906.27002,10623.54004,2.04,1.9,256.43,3.5
9/4/2019,1550.300048828125,98.39299774169922,56.25999832,19.391000747680664,2937.780029296875,10594.49316,2.04,1.9,256.43,3.5
9/5/2019,1515.4000244140625,98.38200378417969,56.29999923706055,18.65600014,2976,10575.5332,2.04,1.9,256.43,3.5
9/6/2019,1506.199951171875,98.36199951171875,56.52000045776367,17.968000411987305,2978.709961,10353.30273,2.04,1.9,256.43,3.5
9/9/2019,1502.199951171875,98.24800109863281,57.849998474121094,18.018999099731445,2978.429931640625,10334.97461,2.04,1.9,256.43,3.5
9/10/2019,1490.300048828125,98.30699920654297,57.400001525878906,18.041000366210938,2979.389892578125,10115.97559,2.04,1.9,256.43,3.5
9/11/2019,1494.4000244140625,98.62799835205078,55.75,18.03100014,3000.929931640625,10178.37207,2.04,1.9,256.43,3.5
9/12/2019,1498.699951171875,98.30799865722656,55.09000015258789,18.041000366210938,3009.570068359375,10410.12695,2.04,1.9,256.43,3.5
9/13/2019,1490.9000244140625,98.25499725341797,54.849998474121094,17.43600082397461,3007.389892578125,10360.54688,2.04,1.9,256.43,3.5
9/16/2019,1503.0999755859375,98.62699890136719,62.900001525878906,17.900999069213867,2997.959961,10276.79395,2.04,1.9,256.43,3.5
9/17/2019,1505.0999755859375,97.81900024414062,59.34000015258789,18.016000747680664,3005.699951171875,10241.27246,2.04,1.9,256.43,3.5
9/18/2019,1507.5,98.13400268554688,58.11000061035156,17.795000076293945,3006.72998,10198.24805,2.04,1.9,256.43,3.5
9/19/2019,1498.4000244140625,97.84700012207031,58.130001068115234,17.773000717163086,3006.790039,10266.41504,2.04,1.9,256.43,3.5
9/20/2019,1507.300048828125,98.13600158691406,58.09000015258789,17.738000869750977,2992.070068359375,10181.6416,2.04,1.9,256.43,3.5
9/23/2019,1523.699951171875,98.22100067138672,58.63999938964844,18.600000381469727,2991.780029296875,9729.324219,2.04,1.9,256.43,3.5
9/24/2019,1532.0999755859375,97.92700195,57.290000915527344,18.517000198364258,2966.600098,8620.566406,2.04,1.9,256.43,3.5
9/25/2019,1504.5999755859375,98.65899658203125,56.49000168,17.961999893188477,2984.870117,8486.993164,2.04,1.9,256.43,3.5
9/26/2019,1507.5,98.76499938964844,56.40999984741211,17.801000595092773,2977.620117,8118.967773,2.04,1.9,256.43,3.5
9/27/2019,1499.0999755859375,98.76100158691406,55.90999984741211,17.552000045776367,2961.790039,8251.845703,2.04,1.9,256.43,3.5
9/30/2019,1465.699951171875,99.02100372314453,54.06999969482422,16.898000717163086,2976.739990234375,8293.868164,2.04,1.9,256.43,3.5
10/1/2019,1482,98.77700043,53.619998931884766,17.20199966430664,2940.25,8343.276367,1.83,1.65,257.155,3.6
10/2/2019,1501,98.68900299072266,52.63999938964844,17.591999053955078,2887.610107421875,8393.041992,1.83,1.65,257.155,3.6
10/3/2019,1507.0999755859375,98.54000091552734,52.45000076293945,17.584999084472656,2910.629883,8259.992188,1.83,1.65,257.155,3.6
10/4/2019,1506.199951171875,98.48799896240234,52.810001373291016,17.540000915527344,2952.010009765625,8205.939453,1.83,1.65,257.155,3.6
10/7/2019,1497.699951171875,98.66500091552734,52.75,17.457000732421875,2938.790039,8245.623047,1.83,1.65,257.155,3.6
10/8/2019,1497.199951171875,98.8219986,52.630001068115234,17.617000579833984,2893.060059,8228.783203,1.83,1.65,257.155,3.6
10/9/2019,1506.0999755859375,98.81500244140625,52.59000015258789,17.72800064086914,2919.399902,8595.740234,1.83,1.65,257.155,3.6
10/10/2019,1494.800048828125,98.40599822998047,53.54999923706055,17.520000457763672,2938.129883,8586.473633,1.83,1.65,257.155,3.6
10/11/2019,1482.699951171875,98.00499725341797,54.70000076293945,17.461999893188477,2970.27002,8321.756836,1.83,1.65,257.155,3.6
10/14/2019,1491.699951171875,98.16999816894531,53.59000015258789,17.634000778198242,2966.149902,8374.686523,1.83,1.65,257.155,3.6
10/15/2019,1477.5999755859375,98.00299835205078,52.810001373291016,17.308000564575195,2995.679931640625,8205.369141,1.83,1.65,257.155,3.6
10/16/2019,1488,97.72299957,53.36000061035156,17.35099983215332,2989.689941,8047.526855,1.83,1.65,257.155,3.6
10/17/2019,1492.300048828125,97.33499908447266,53.93000030517578,17.535999298095703,2997.949951171875,8103.911133,1.83,1.65,257.155,3.6
10/18/2019,1488.199951171875,97.00800323486328,53.779998779296875,17.50200080871582,2986.199951171875,7973.20752,1.83,1.65,257.155,3.6
10/21/2019,1482.4000244140625,97.05000305175781,53.310001373291016,17.525999069213867,3006.719970703125,8243.720703,1.83,1.65,257.155,3.6
10/22/2019,1481.699951171875,97.25599670410156,54.15999984741211,17.437000274658203,2995.989990234375,8078.203125,1.83,1.65,257.155,3.6
10/23/2019,1489.9000244140625,97.23600006103516,55.970001220703125,17.517000198364258,3004.52002,7514.671875,1.83,1.65,257.155,3.6
10/24/2019,1498.9000244140625,97.40499877929688,56.22999954223633,17.73900032043457,3010.290039,7493.48877,1.83,1.65,257.155,3.6
10/25/2019,1499.5,97.59899902,56.65999984741211,17.861000061035156,3022.550048828125,8660.700195,1.83,1.65,257.155,3.6
10/28/2019,1490,97.52400207519531,55.810001373291016,17.81599998474121,3039.419922,9256.148438,1.83,1.65,257.155,3.6
10/29/2019,1487,97.46900177001953,55.540000915527344,17.770999908447266,3036.889892578125,9427.6875,1.83,1.65,257.155,3.6
10/30/2019,1493.199951171875,97.43900299072266,55.060001373291016,17.815000534057617,3046.77002,9205.726563,1.83,1.65,257.155,3.6
10/31/2019,1511.4000244140625,97.15399932861328,54.18000030517578,18.013999938964844,3037.560059,9199.584961,1.83,1.65,257.155,3.6
11/1/2019,1508,97.04100036621094,56.20000076293945,18.003999710083008,3066.909912109375,9261.104492,1.55,1.73,257.879,3.6
11/4/2019,1508,97.36599731445312,56.540000915527344,18.013999938964844,3078.27002,9412.612305,1.55,1.73,257.879,3.6
11/5/2019,1480.800048828125,97.80500030517578,57.22999954223633,17.516000747680664,3074.620117,9342.527344,1.55,1.73,257.879,3.6
11/6/2019,1490.199951171875,97.76399993896484,56.349998474121094,17.558000564575195,3076.780029296875,9360.879883,1.55,1.73,257.879,3.6
11/7/2019,1464.199951171875,97.98899841308594,57.150001525878906,16.969999313354492,3085.179931640625,9267.561523,1.55,1.73,257.879,3.6
11/8/2019,1461.300048828125,98.20099639892578,57.24000168,16.783000946044922,3093.080078,8804.880859,1.55,1.73,257.879,3.6
11/11/2019,1455.5,98.03299713134766,56.86000061035156,16.761999130249023,3087.010009765625,8757.788086,1.55,1.73,257.879,3.6
11/12/2019,1452.0999755859375,98.15100098,56.79999923706055,16.677000045776367,3091.840087890625,8815.662109,1.55,1.73,257.879,3.6
11/13/2019,1461.699951171875,98.23000336,57.119998931884766,16.898000717163086,3094.040039,8808.262695,1.55,1.73,257.879,3.6
11/14/2019,1471.800048828125,98.01899719238281,56.77000045776367,17.01300048828125,3096.629883,8708.094727,1.55,1.73,257.879,3.6
11/15/2019,1467.300048828125,97.87100219726562,57.720001220703125,16.933000564575195,3120.459961,8491.992188,1.55,1.73,257.879,3.6
11/18/2019,1470.9000244140625,97.66300201416016,57.04999923706055,16.985000610351562,3122.030029296875,8309.286133,1.55,1.73,257.879,3.6
11/19/2019,1473.300048828125,97.74199676513672,55.209999084472656,17.10300064086914,3120.179931640625,8206.145508,1.55,1.73,257.879,3.6
11/20/2019,1473.300048828125,97.81400299072266,57.11000061035156,17.100000381469727,3108.459961,8027.268066,1.55,1.73,257.879,3.6
11/21/2019,1463.0999755859375,97.89900207519531,58.58000183105469,17.049999237060547,3103.540039,7642.75,1.55,1.73,257.879,3.6
11/22/2019,1463.0999755859375,98.1760025,57.77000045776367,16.985000610351562,3110.290039,7296.577637,1.55,1.73,257.879,3.6
11/25/2019,1456.5999755859375,98.23799896240234,58.00999832,16.871000289916992,3133.639892578125,7146.133789,1.55,1.73,257.879,3.6
11/26/2019,1459.800048828125,98.16999816894531,58.40999984741211,17.030000686645508,3140.52002,7218.371094,1.55,1.73,257.879,3.6
11/27/2019,1453.4000244140625,98.28800201416016,58.11000061035156,16.91200065612793,3153.629883,7531.663574,1.55,1.73,257.879,3.6
11/29/2019,1465.5999755859375,98.20200348,55.16999816894531,16.96899986,3140.97998,7761.243652,1.55,1.73,257.879,3.6
12/1/2019,1465.5999755859375,98.20200348,55.16999816894531,16.96899986,3140.97998,7761.243652,1.55,1.73,258.63,3.6
12/2/2019,1462.300048828125,97.79100036621094,55.959999084472656,16.836000442504883,3113.870117,7321.988281,1.55,1.73,258.63,3.6
12/3/2019,1478.199951171875,97.68099975585938,56.099998474121094,17.125,3093.199951171875,7320.145508,1.55,1.73,258.63,3.6
12/4/2019,1474,97.60199737548828,58.43000030517578,16.797000885009766,3112.760009765625,7252.034668,1.55,1.73,258.63,3.6
12/5/2019,1476.9000244140625,97.37100219726562,58.43000030517578,16.941999435424805,3117.429931640625,7448.307617,1.55,1.73,258.63,3.6
12/6/2019,1459.0999755859375,97.66100311279297,59.20000076293945,16.481000900268555,3145.909912109375,7546.996582,1.55,1.73,258.63,3.6
12/9/2019,1459.300048828125,97.60900115966797,59.02000045776367,16.531999588012695,3135.959961,7400.899414,1.55,1.73,258.63,3.6
12/10/2019,1462.5999755859375,97.38500213623047,59.24000168,16.59600067138672,3132.52002,7278.119629,1.55,1.73,258.63,3.6
12/11/2019,1469.4000244140625,97.05599975585938,58.75999832,16.743999481201172,3141.629883,7217.427246,1.55,1.73,258.63,3.6
12/12/2019,1466.699951171875,97.38400268554688,59.18000030517578,16.844999313354492,3168.570068359375,7243.134277,1.55,1.73,258.63,3.6
12/13/2019,1475.5999755859375,97.17099762,60.06999969482422,16.91200065612793,3168.800048828125,7269.68457,1.55,1.73,258.63,3.6
12/16/2019,1475,96.96499633789062,60.209999084472656,17.018999099731445,3191.449951171875,6932.480469,1.55,1.73,258.63,3.6
12/17/2019,1474.5999755859375,96.77700043,60.939998626708984,16.97800064086914,3192.52002,6640.515137,1.55,1.73,258.63,3.6
12/18/2019,1472.5999755859375,96.96299743652344,60.93000030517578,16.952999114990234,3191.139892578125,7276.802734,1.55,1.73,258.63,3.6
12/19/2019,1478.199951171875,96.95500183105469,61.220001220703125,17.058000564575195,3205.370117,7202.844238,1.55,1.73,258.63,3.6
12/20/2019,1474.699951171875,97.27400207519531,60.439998626708984,17.128000259399414,3221.219970703125,7218.816406,1.55,1.73,258.63,3.6
12/23/2019,1482.5,97.23500061035156,60.52000045776367,17.402999877929688,3224.010009765625,7355.628418,1.55,1.73,258.63,3.6
12/24/2019,1499.0999755859375,97.25099945,61.11000061035156,17.756999969482422,3223.379883,7322.532227,1.55,1.73,258.63,3.6
12/26/2019,1509.300048828125,97.11499786376953,61.68000030517578,17.893999099731445,3239.909912109375,7238.966797,1.55,1.73,258.63,3.6
12/27/2019,1513.800048828125,96.54599762,61.720001220703125,17.849000930786133,3240.02002,7290.088379,1.55,1.73,258.63,3.6
12/30/2019,1514.5,96.40699768066406,61.68000030517578,17.908000946044922,3221.290039,7292.995117,1.55,1.73,258.63,3.6
12/31/2019,1519.5,96.05799865722656,61.060001373291016,17.827999114990234,3230.780029296875,7193.599121,1.55,1.73,258.63,3.6
1/1/2020,1519.5,96.05799865722656,61.060001373291016,17.827999114990234,3230.780029296875,7193.599121,1.55,1.73,259.127,3.6
1/2/2020,1524.5,96.52500153,61.18000030517578,17.965999603271484,3257.850098,6985.470215,1.55,1.73,259.127,3.6
1/3/2020,1549.199951171875,96.52100372314453,63.04999923706055,18.06800079345703,3234.850098,7344.884277,1.55,1.73,259.127,3.6
1/6/2020,1566.199951171875,96.34999847,63.27000045776367,18.097000122070312,3246.280029296875,7769.219238,1.55,1.73,259.127,3.6
1/7/2020,1571.800048828125,96.70200348,62.70000076293945,18.31599998474121,3237.179931640625,8163.692383,1.55,1.73,259.127,3.6
1/8/2020,1557.4000244140625,96.99600219726562,59.61000061035156,18.08799934387207,3253.050048828125,8079.862793,1.55,1.73,259.127,3.6
1/9/2020,1551.699951171875,97.16200256347656,59.560001373291016,17.860000610351562,3274.699951171875,7879.071289,1.55,1.73,259.127,3.6
1/10/2020,1557.5,97.07800293,59.040000915527344,18.033000946044922,3265.350098,8166.554199,1.55,1.73,259.127,3.6
1/13/2020,1548.4000244140625,97.05999755859375,58.08000183105469,17.926000595092773,3288.129883,8144.194336,1.55,1.73,259.127,3.6
1/14/2020,1542.4000244140625,97.09400177001953,58.22999954223633,17.673999786376953,3283.149902,8827.764648,1.55,1.73,259.127,3.6
1/15/2020,1552.0999755859375,96.95999908447266,57.810001373291016,17.92300033569336,3289.290039,8807.010742,1.55,1.73,259.127,3.6
1/16/2020,1549,97.06199645996094,58.52000045776367,17.875,3316.810059,8723.786133,1.55,1.73,259.127,3.6
1/17/2020,1558.800048828125,97.35900115966797,58.540000915527344,18.01300048828125,3329.620117,8929.038086,1.55,1.73,259.127,3.6
1/21/2020,1556.4000244140625,97.29399871826172,58.34000015258789,17.750999450683594,3320.790039,8745.894531,1.55,1.73,259.127,3.6
1/22/2020,1555.300048828125,97.29499816894531,56.74000168,17.770999908447266,3321.75,8680.875977,1.55,1.73,259.127,3.6
1/23/2020,1564.5999755859375,97.48400115966797,55.59000015258789,17.773000717163086,3325.540039,8406.515625,1.55,1.73,259.127,3.6
1/24/2020,1571.0999755859375,97.65000153,54.189998626708984,18.05699920654297,3295.469970703125,8445.43457,1.55,1.73,259.127,3.6
1/27/2020,1576.800048828125,97.76699829101562,53.13999938964844,18,3243.629883,8909.819336,1.55,1.73,259.127,3.6
1/28/2020,1569.199951171875,97.83499908447266,53.47999954223633,17.402000427246094,3276.239990234375,9358.589844,1.55,1.73,259.127,3.6
1/29/2020,1569.800048828125,97.81900024414062,53.33000183105469,17.430999755859375,3273.399902,9316.629883,1.55,1.73,259.127,3.6
1/30/2020,1583.5,97.70600128173828,52.13999938964844,17.95199966430664,3283.659912109375,9508.993164,1.55,1.73,259.127,3.6
1/31/2020,1582.9000244140625,97.21299743652344,51.560001373291016,17.972000122070312,3225.52002,9350.529297,1.55,1.73,259.127,3.6
2/1/2020,1582.9000244140625,97.21299743652344,51.560001373291016,17.972000122070312,3225.52002,9350.529297,1.58,1.73,259.25,3.5
2/3/2020,1577.199951171875,97.625,50.11000061035156,17.639999389648438,3248.919922,9293.521484,1.58,1.73,259.25,3.5
2/4/2020,1550.4000244140625,97.80899810791016,49.61000061035156,17.527999877929688,3297.590087890625,9180.962891,1.58,1.73,259.25,3.5
2/5/2020,1557.800048828125,98.15799713134766,50.75,17.569000244140625,3334.689941,9613.423828,1.58,1.73,259.25,3.5
2/6/2020,1565.0999755859375,98.38099670410156,50.95000076293945,17.788999557495117,3345.780029296875,9729.801758,1.58,1.73,259.25,3.5
2/7/2020,1568.5999755859375,98.57099914550781,50.31999969482422,17.665000915527344,3327.709961,9795.943359,1.58,1.73,259.25,3.5
2/10/2020,1574.699951171875,98.71399688720703,49.56999969482422,17.757999420166016,3352.090087890625,9856.611328,1.58,1.73,259.25,3.5
2/11/2020,1565.5999755859375,98.59400177001953,49.939998626708984,17.572999954223633,3357.75,10208.23633,1.58,1.73,259.25,3.5
2/12/2020,1567.4000244140625,98.92199707,51.16999816894531,17.47800064086914,3379.449951171875,10326.05469,1.58,1.73,259.25,3.5
2/13/2020,1575.0999755859375,98.95800018310547,51.41999816894531,17.600000381469727,3373.939941,10214.37988,1.58,1.73,259.25,3.5
2/14/2020,1582.699951171875,99.00299835205078,52.04999923706055,17.71500015258789,3380.159912109375,10312.11621,1.58,1.73,259.25,3.5
2/18/2020,1600,99.33300018310547,52.04999923706055,18.131000518798828,3370.290039,10141.99609,1.58,1.73,259.25,3.5
2/19/2020,1607.5,99.59700012207031,53.290000915527344,18.29199981689453,3386.149902,9633.386719,1.58,1.73,259.25,3.5
2/20/2020,1616.5999755859375,99.77600098,53.779998779296875,18.30900001525879,3373.22998,9608.475586,1.58,1.73,259.25,3.5
2/21/2020,1644.5999755859375,99.18800354003906,53.380001068115234,18.520999908447266,3337.75,9686.441406,1.58,1.73,259.25,3.5
2/24/2020,1672.4000244140625,99.28399658203125,51.43000030517578,18.868000030517578,3225.889892578125,9650.174805,1.58,1.73,259.25,3.5
2/25/2020,1646.9000244140625,98.90100098,49.900001525878906,18.183000564575195,3128.209961,9341.705078,1.58,1.73,259.25,3.5
2/26/2020,1640,98.93800354003906,48.72999954223633,17.826000213623047,3116.389892578125,8820.522461,1.58,1.73,259.25,3.5
2/27/2020,1640,98.46099853515625,47.09000015258789,17.658000946044922,2978.760009765625,8784.494141,1.58,1.73,259.25,3.5
2/28/2020,1564.0999755859375,98.08100128173828,44.75999832,16.386999130249023,2954.219970703125,8672.455078,1.58,1.73,259.25,3.5
3/1/2020,1564.0999755859375,98.08100128173828,44.75999832,16.386999130249023,2954.219970703125,8672.455078,0.65,1.73,258.076,4.4
3/2/2020,1592.300048828125,97.31900024414062,46.75,16.679000854492188,3090.22998,8869.669922,0.65,1.73,258.076,4.4
3/3/2020,1642.0999755859375,97.12200164794922,47.18000030517578,17.128999710083008,3003.370117,8787.786133,0.65,1.73,258.076,4.4
3/4/2020,1641.0999755859375,97.30699920654297,46.779998779296875,17.187000274658203,3130.120117,8755.246094,0.65,1.73,258.076,4.4
3/5/2020,1666.4000244140625,96.79000091552734,45.900001525878906,17.341999053955078,3023.939941,9078.762695,0.65,1.73,258.076,4.4
3/6/2020,1670.800048828125,95.93399810791016,41.279998779296875,17.214000701904297,2972.370117,9122.545898,0.65,1.73,258.076,4.4
3/9/2020,1674.5,94.87000274658203,31.12999916,17.000999450683594,2746.560059,7923.644531,0.65,1.73,258.076,4.4
3/10/2020,1659.0999755859375,96.38899993896484,34.36000061035156,16.90600014,2882.22998,7909.729492,0.65,1.73,258.076,4.4
3/11/2020,1641.4000244140625,96.49199676513672,32.97999954223633,16.729000091552734,2741.379883,7911.430176,0.65,1.73,258.076,4.4
3/12/2020,1589.300048828125,97.46399688720703,31.5,15.961000442504883,2480.639892578125,4970.788086,0.65,1.73,258.076,4.4
3/13/2020,1515.699951171875,98.76399993896484,31.729999542236328,14.456000328063965,2711.02002,5563.707031,0.65,1.73,258.076,4.4
3/16/2020,1485.9000244140625,98.23999786376953,28.700000762939453,12.772000312805176,2386.129883,5014.47998,0.65,1.73,258.076,4.4
3/17/2020,1524.9000244140625,99.80400085449219,26.950000762939453,12.468999862670898,2529.189941,5225.629395,0.65,1.73,258.076,4.4
3/18/2020,1477.300048828125,101.54299926757812,20.37000084,11.734999656677246,2398.100098,5238.438477,0.65,1.73,258.076,4.4
3/19/2020,1478.5999755859375,103.6050033569336,25.219999313354492,12.097000122070312,2409.389892578125,6191.192871,0.65,1.73,258.076,4.4
3/20/2020,1484,103.50199890136719,22.43000030517578,12.348999977111816,2304.919922,6198.77832,0.65,1.73,258.076,4.4
3/23/2020,1567,103.23999786376953,23.360000610351562,13.225000381469727,2237.399902,6416.314941,0.65,1.73,258.076,4.4
3/24/2020,1660.199951171875,102.24700164794922,24.010000228881836,14.229000091552734,2447.330078,6734.803711,0.65,1.73,258.076,4.4
3/25/2020,1632.300048828125,100.99700164794922,24.489999771118164,14.836999893188477,2475.560059,6681.062988,0.65,1.73,258.076,4.4
3/26/2020,1650.0999755859375,99.45300293,22.600000381469727,14.640000343322754,2630.070068359375,6716.44043,0.65,1.73,258.076,4.4
3/27/2020,1623.9000244140625,98.53700256347656,21.510000228881836,14.498000144958496,2541.469970703125,6469.79834,0.65,1.73,258.076,4.4
3/30/2020,1622,99.28099822998047,20.09000015258789,14.074000358581543,2626.649902,6429.841797,0.65,1.73,258.076,4.4
3/31/2020,1583.4000244140625,99.09200286865234,20.479999542236328,14.097999572753906,2584.590087890625,6438.644531,0.65,1.73,258.076,4.4
4/1/2020,1578.199951171875,99.75299835205078,20.309999465942383,13.925999641418457,2470.5,6606.776367,0.05,0.62,256.032,14.8
4/2/2020,1625.699951171875,100.27100372314453,25.31999969482422,14.595999717712402,2526.899902,6793.624512,0.05,0.62,256.032,14.8
4/3/2020,1633.699951171875,100.677002,28.34000015258789,14.435999870300293,2488.649902,6733.387207,0.05,0.62,256.032,14.8
4/6/2020,1677,100.75499725341797,26.079999923706055,15.111000061035156,2663.679931640625,7271.78125,0.05,0.62,256.032,14.8
4/7/2020,1664.800048828125,99.91400146484375,23.62999916,15.42199993133545,2659.409912109375,7176.414551,0.05,0.62,256.032,14.8
4/8/2020,1665.4000244140625,100.16999816894531,25.09000015258789,15.147000312805176,2749.97998,7334.098633,0.05,0.62,256.032,14.8
4/9/2020,1736.199951171875,99.50399780273438,22.760000228881836,15.994999885559082,2789.820068359375,7302.089355,0.05,0.62,256.032,14.8
4/13/2020,1744.800048828125,99.33599853515625,22.40999984741211,15.479000091552734,2761.629883,6845.037598,0.05,0.62,256.032,14.8
4/14/2020,1756.699951171875,98.88500213623047,20.110000610351562,16.07200050354004,2846.060059,6842.427734,0.05,0.62,256.032,14.8
4/15/2020,1727.199951171875,99.48600006103516,19.87000084,15.446999549865723,2783.360107421875,6642.109863,0.05,0.62,256.032,14.8
4/16/2020,1720.4000244140625,100.0999984741211,19.87000084,15.564000129699707,2799.550048828125,7116.804199,0.05,0.62,256.032,14.8
4/17/2020,1689.199951171875,99.83599853515625,18.270000457763672,15.237000465393066,2874.560059,7096.18457,0.05,0.62,256.032,14.8
4/20/2020,1701.5999755859375,100.05799865722656,-37.63000107,15.555999755859375,2823.159912109375,6881.958496,0.05,0.62,256.032,14.8
4/21/2020,1678.199951171875,100.3740005493164,10.010000228881836,14.817999839782715,2736.560059,6880.323242,0.05,0.62,256.032,14.8
4/22/2020,1728.699951171875,100.52799987792969,13.779999732971191,15.277000427246094,2799.310059,7117.20752,0.05,0.62,256.032,14.8
4/23/2020,1733.300048828125,100.53500366210938,16.5,15.347999572753906,2797.800048828125,7429.724609,0.05,0.62,256.032,14.8
4/24/2020,1723.5,100.43399810791016,16.940000534057617,15.253999710083008,2836.739990234375,7550.900879,0.05,0.62,256.032,14.8
4/27/2020,1711.9000244140625,100.09700012207031,12.779999732971191,15.201000213623047,2878.47998,7795.601074,0.05,0.62,256.032,14.8
4/28/2020,1710.5,99.93399810791016,12.34000015258789,15.161999702453613,2863.389892578125,7807.058594,0.05,0.62,256.032,14.8
4/29/2020,1703.4000244140625,99.64399719238281,15.06000042,15.15999984741211,2939.510009765625,8801.038086,0.05,0.62,256.032,14.8
4/30/2020,1684.199951171875,99.02799987792969,18.84000015258789,14.89799976348877,2912.429931640625,8658.553711,0.05,0.62,256.032,14.8
5/1/2020,1694.5,99.09999847,19.780000686645508,14.86299991607666,2830.709961,8864.766602,0.05,0.64,255.802,13.2
5/4/2020,1706.9000244140625,99.56700134277344,20.389999389648438,14.722000122070312,2842.739990234375,8912.654297,0.05,0.64,255.802,13.2
5/5/2020,1704.4000244140625,99.76200103759766,24.559999465942383,15.057000160217285,2868.439941,9003.070313,0.05,0.64,255.802,13.2
5/6/2020,1684.199951171875,100.13600158691406,23.989999771118164,14.987000465393066,2848.419922,9268.761719,0.05,0.64,255.802,13.2
5/7/2020,1721.800048828125,99.90599822998047,23.549999237060547,15.562000274658203,2881.189941,9951.518555,0.05,0.64,255.802,13.2
5/8/2020,1709.9000244140625,99.76899719238281,24.739999771118164,15.739999771118164,2929.800048828125,9842.666016,0.05,0.64,255.802,13.2
5/11/2020,1695.300048828125,100.2699966430664,24.139999389648438,15.63599967956543,2930.189941,8601.795898,0.05,0.64,255.802,13.2
5/12/2020,1704.4000244140625,99.95600128173828,25.780000686645508,15.687000274658203,2870.120117,8804.477539,0.05,0.64,255.802,13.2
5/13/2020,1713.9000244140625,100.29100036621094,25.290000915527344,15.663000106811523,2820,9269.987305,0.05,0.64,255.802,13.2
5/14/2020,1738.0999755859375,100.50700378417969,27.559999465942383,16.13599967956543,2852.5,9733.72168,0.05,0.64,255.802,13.2
5/15/2020,1753.4000244140625,100.43399810791016,29.43000030517578,17.04599952697754,2863.699951171875,9328.197266,0.05,0.64,255.802,13.2
5/18/2020,1731.800048828125,99.68099975585938,31.81999969482422,17.464000701904297,2953.909912109375,9726.575195,0.05,0.64,255.802,13.2
5/19/2020,1744.199951171875,99.36599731445312,32.5,17.892000198364258,2922.939941,9729.038086,0.05,0.64,255.802,13.2
5/20/2020,1750.5999755859375,99.13500213623047,33.49000168,18.00200080871582,2971.610107421875,9522.981445,0.05,0.64,255.802,13.2
5/21/2020,1720.5,99.40299987792969,33.91999816894531,17.334999084472656,2948.510009765625,9081.761719,0.05,0.64,255.802,13.2
5/22/2020,1734.5999755859375,99.88800048828125,33.25,17.663999557495117,2955.449951171875,9182.577148,0.05,0.64,255.802,13.2
5/26/2020,1704.800048828125,98.90599822998047,34.349998474121094,17.565000534057617,2991.77002,8835.052734,0.05,0.64,255.802,13.2
5/27/2020,1710.300048828125,99.05799865722656,32.810001373291016,17.68600082397461,3036.129883,9181.017578,0.05,0.64,255.802,13.2
5/28/2020,1713.300048828125,98.37200164794922,33.709999084472656,17.895000457763672,3029.72998,9525.750977,0.05,0.64,255.802,13.2
5/29/2020,1736.9000244140625,98.34100341796875,35.49000168,18.440000534057617,3044.310059,9439.124023,0.05,0.64,255.802,13.2
6/1/2020,1737.800048828125,97.81999969482422,35.439998626708984,18.76799964904785,3055.72998,10167.26855,0.08,0.66,257.042,11
6/2/2020,1725.199951171875,97.65899658203125,36.810001373291016,18.207000732421875,3080.820068359375,9529.803711,0.08,0.66,257.042,11
6/3/2020,1697.800048828125,97.25900268554688,37.290000915527344,17.92099952697754,3122.870117,9656.717773,0.08,0.66,257.042,11
6/4/2020,1718.9000244140625,96.65699768066406,37.40999984741211,18.02400016784668,3112.350098,9800.636719,0.08,0.66,257.042,11
6/5/2020,1676.199951171875,96.92199707,39.54999923706055,17.44300079345703,3193.929931640625,9665.533203,0.08,0.66,257.042,11
6/8/2020,1698.300048828125,96.60800170898438,38.189998626708984,17.868000030517578,3232.389892578125,9771.489258,0.08,0.66,257.042,11
6/9/2020,1714.699951171875,96.32099914550781,38.939998626708984,17.77400016784668,3207.179931640625,9795.700195,0.08,0.66,257.042,11
6/10/2020,1713.300048828125,95.94999694824219,39.599998474121094,17.775999069213867,3190.139892578125,9870.094727,0.08,0.66,257.042,11
6/11/2020,1732,96.73899841308594,36.34000015258789,17.868999481201172,3002.100098,9321.78125,0.08,0.66,257.042,11
6/12/2020,1729.300048828125,97.30500030517578,36.25999832,17.461999893188477,3041.310059,9480.84375,0.08,0.66,257.042,11
6/15/2020,1720.300048828125,96.97799682617188,37.119998931884766,17.378999710083008,3066.590087890625,9450.702148,0.08,0.66,257.042,11
6/16/2020,1729.5999755859375,96.93299865722656,38.380001068115234,17.631999969482422,3124.739990234375,9538.024414,0.08,0.66,257.042,11
6/17/2020,1729.199951171875,97.14399719238281,37.959999084472656,17.756999969482422,3113.489990234375,9480.254883,0.08,0.66,257.042,11
6/18/2020,1724.800048828125,97.40000153,38.84000015258789,17.493000030517578,3115.340087890625,9411.84082,0.08,0.66,257.042,11
6/19/2020,1745.9000244140625,97.57700348,39.75,17.832000732421875,3097.739990234375,9288.018555,0.08,0.66,257.042,11
6/22/2020,1756.699951171875,96.98500061035156,40.459999084472656,17.886999130249023,3117.860107421875,9648.717773,0.08,0.66,257.042,11
6/23/2020,1772.0999755859375,96.60800170898438,40.369998931884766,18.051000595092773,3131.290039,9629.658203,0.08,0.66,257.042,11
6/24/2020,1765.800048828125,97.12899780273438,38.00999832,17.658000946044922,3050.330078,9313.610352,0.08,0.66,257.042,11
6/25/2020,1762.0999755859375,97.38800048828125,38.720001220703125,17.882999420166016,3083.760009765625,9264.813477,0.08,0.66,257.042,11
6/26/2020,1772.5,97.40399932861328,38.49000168,18.023000717163086,3009.050048828125,9162.917969,0.08,0.66,257.042,11
6/29/2020,1774.800048828125,97.50099945,39.70000076293945,17.979999542236328,3053.239990234375,9190.854492,0.08,0.66,257.042,11
6/30/2020,1793,97.34899902,39.27000045776367,18.541000366210938,3100.290039,9137.993164,0.08,0.66,257.042,11
7/1/2020,1773.199951171875,97.15499877929688,39.81999969482422,18.132999420166016,3115.860107421875,9228.325195,0.09,0.69,258.352,10.2
7/2/2020,1784,97.3010025,40.650001525878906,18.243999481201172,3130.010009765625,9123.410156,0.09,0.69,258.352,10.2
7/6/2020,1788.5,96.68199920654297,40.630001068115234,18.503999710083008,3179.719970703125,9375.474609,0.09,0.69,258.352,10.2
7/7/2020,1804.199951171875,96.83899688720703,40.619998931884766,18.628000259399414,3145.320068359375,9252.277344,0.09,0.69,258.352,10.2
7/8/2020,1815.5,96.36799621582031,40.900001525878906,19.08099937438965,3169.939941,9428.333008,0.09,0.69,258.352,10.2
7/9/2020,1799.199951171875,96.67299652,39.619998931884766,18.881999969482422,3152.050048828125,9277.967773,0.09,0.69,258.352,10.2
7/10/2020,1798.199951171875,96.61399841308594,40.54999923706055,18.982999801635742,3185.040039,9278.807617,0.09,0.69,258.352,10.2
7/13/2020,1811,96.40699768066406,40.099998474121094,19.708999633789062,3155.219970703125,9243.614258,0.09,0.69,258.352,10.2
7/14/2020,1810.5999755859375,96.20700073242188,40.290000915527344,19.451000213623047,3197.52002,9243.213867,0.09,0.69,258.352,10.2
7/15/2020,1811.4000244140625,96.03900146484375,41.20000076293945,19.684999465942383,3226.560059,9192.836914,0.09,0.69,258.352,10.2
7/16/2020,1798.699951171875,96.31900024414062,40.75,19.496999740600586,3215.570068359375,9132.227539,0.09,0.69,258.352,10.2
7/17/2020,1808.300048828125,95.88899993896484,40.59000015258789,19.684999465942383,3224.72998,9151.392578,0.09,0.69,258.352,10.2
7/20/2020,1815.9000244140625,95.77200317382812,40.810001373291016,20.124000549316406,3251.840087890625,9164.231445,0.09,0.69,258.352,10.2
7/21/2020,1842.4000244140625,95.05999755859375,41.959999084472656,21.496999740600586,3257.300048828125,9374.887695,0.09,0.69,258.352,10.2
7/22/2020,1864.0999755859375,94.93000030517578,41.900001525878906,23.08300018310547,3276.02002,9525.363281,0.09,0.69,258.352,10.2
7/23/2020,1889.0999755859375,94.64900207519531,41.06999969482422,22.94499969482422,3235.659912109375,9581.072266,0.09,0.69,258.352,10.2
7/24/2020,1897.300048828125,94.37999725341797,41.290000915527344,22.808000564575195,3215.629883,9536.892578,0.09,0.69,258.352,10.2
7/27/2020,1931,93.61499786376953,41.599998474121094,24.47599983215332,3239.409912109375,10990.87305,0.09,0.69,258.352,10.2
7/28/2020,1944.699951171875,93.64700317382812,41.040000915527344,24.266000747680664,3218.439941,10912.82324,0.09,0.69,258.352,10.2
7/29/2020,1953.5,93.43199920654297,41.27000045776367,24.292999267578125,3258.439941,11100.46777,0.09,0.69,258.352,10.2
7/30/2020,1942.300048828125,93.00900268554688,39.91999816894531,23.34000015258789,3246.219970703125,11111.21387,0.09,0.69,258.352,10.2
7/31/2020,1962.800048828125,93.32099914550781,40.27000045776367,24.18899917602539,3271.120117,11323.4668,0.09,0.69,258.352,10.2
8/1/2020,1962.800048828125,93.32099914550781,40.27000045776367,24.18899917602539,3271.120117,11323.4668,0.1,0.69,259.316,8.4
8/3/2020,1966,93.50700378417969,41.00999832,24.389999389648438,3294.610107421875,11246.34863,0.1,0.69,259.316,8.4
8/4/2020,2001.199951171875,93.37799835205078,41.70000076293945,26.011999130249023,3306.510009765625,11205.89258,0.1,0.69,259.316,8.4
8/5/2020,2031.0999755859375,92.84999847,42.189998626708984,26.87700080871582,3327.77002,11747.02246,0.1,0.69,259.316,8.4
8/6/2020,2051.5,92.76799774169922,41.95000076293945,28.386999130249023,3349.159912109375,11779.77344,0.1,0.69,259.316,8.4
8/7/2020,2010.0999755859375,93.41200256347656,41.220001220703125,27.533000946044922,3351.280029296875,11601.47266,0.1,0.69,259.316,8.4
8/10/2020,2024.4000244140625,93.56900024414062,41.939998626708984,29.249000549316406,3360.469970703125,11878.11133,0.1,0.69,259.316,8.4
8/11/2020,1932.5999755859375,93.59999847,41.61000061035156,26.03700065612793,3333.689941,11410.52539,0.1,0.69,259.316,8.4
8/12/2020,1934.9000244140625,93.40799713134766,42.66999816894531,25.954999923706055,3380.350098,11584.93457,0.1,0.69,259.316,8.4
8/13/2020,1956.699951171875,93.31700134277344,42.24000168,27.694000244140625,3373.429931640625,11784.1377,0.1,0.69,259.316,8.4
8/14/2020,1937,93.08499908447266,42.00999832,26.065000534057617,3372.850098,11768.87109,0.1,0.69,259.316,8.4
8/17/2020,1985,92.84700012207031,42.88999938964844,27.64299964904785,3381.989990234375,12254.40234,0.1,0.69,259.316,8.4
8/18/2020,1999.4000244140625,92.25900268554688,42.88999938964844,28.048999786376953,3389.780029296875,11991.2334,0.1,0.69,259.316,8.4
8/19/2020,1958.699951171875,92.87999725341797,42.93000030517578,27.315000534057617,3374.850098,11758.2832,0.1,0.69,259.316,8.4
8/20/2020,1933.800048828125,92.77799987792969,42.58000183105469,27.121999740600586,3385.510009765625,11878.37207,0.1,0.69,259.316,8.4
8/21/2020,1934.5999755859375,93.23999786376953,42.34000015258789,26.707000732421875,3397.159912109375,11592.48926,0.1,0.69,259.316,8.4
8/24/2020,1927.699951171875,93.28900146484375,42.619998931884766,26.58799934387207,3431.280029296875,11774.5957,0.1,0.69,259.316,8.4
8/25/2020,1911.800048828125,93.01899719238281,43.349998474121094,26.253999710083008,3443.620117,11366.13477,0.1,0.69,259.316,8.4
8/26/2020,1940.699951171875,92.99600219726562,43.38999938964844,27.43000030517578,3478.72998,11488.36328,0.1,0.69,259.316,8.4
8/27/2020,1921.5999755859375,92.99099731445312,43.040000915527344,27.010000228881836,3484.550048828125,11323.39746,0.1,0.69,259.316,8.4
8/28/2020,1964.5999755859375,92.37899780273438,42.970001220703125,27.610000610351562,3508.010009765625,11542.5,0.1,0.69,259.316,8.4
8/31/2020,1967.5999755859375,92.13099670410156,42.61000061035156,28.437000274658203,3500.310059,11680.82031,0.1,0.69,259.316,8.4
9/1/2020,1968.199951171875,92.33699798583984,42.75999832,28.486000061035156,3526.649902,11970.47852,0.09,0.68,259.997,7.8
9/2/2020,1934.4000244140625,92.83399963378906,41.50999832,27.249000549316406,3580.840087890625,11414.03418,0.09,0.68,259.997,7.8
9/3/2020,1927.5999755859375,92.73300170898438,41.369998931884766,26.735000610351562,3455.060059,10245.29688,0.09,0.68,259.997,7.8
9/4/2020,1923.9000244140625,92.71900177001953,39.77000045776367,26.576000213623047,3426.959961,10511.81348,0.09,0.68,259.997,7.8
9/8/2020,1933,93.44100189208984,36.75999832,26.86400032043457,3331.840087890625,10131.5166,0.09,0.68,259.997,7.8
9/9/2020,1944.699951171875,93.25800323486328,38.04999923706055,26.954999923706055,3398.959961,10242.34766,0.09,0.68,259.997,7.8
9/10/2020,1954.199951171875,93.33100128173828,37.29999923706055,27.163000106811523,3339.189941,10363.13867,0.09,0.68,259.997,7.8
9/11/2020,1937.800048828125,93.31999969482422,37.33000183105469,26.73900032043457,3340.969970703125,10400.91504,0.09,0.68,259.997,7.8
9/14/2020,1953.0999755859375,92.91200256347656,37.25999832,27.229000091552734,3383.540039,10680.83789,0.09,0.68,259.997,7.8
9/15/2020,1956.300048828125,93.08499908447266,38.279998779296875,27.34600067138672,3401.199951171875,10796.95117,0.09,0.68,259.997,7.8
9/16/2020,1960.199951171875,93.23100280761719,40.15999984741211,27.354999542236328,3385.489990234375,10974.90527,0.09,0.68,259.997,7.8
9/17/2020,1940,92.96900177001953,40.970001220703125,26.985000610351562,3357.010009765625,10948.99023,0.09,0.68,259.997,7.8
9/18/2020,1952.0999755859375,92.95200348,41.11000061035156,27.027999877929688,3319.469970703125,10944.58594,0.09,0.68,259.997,7.8
9/21/2020,1901.199951171875,93.68399810791016,39.310001373291016,24.298999786376953,3281.060059,10462.25977,0.09,0.68,259.997,7.8
9/22/2020,1898.5999755859375,94.01799774169922,39.599998474121094,24.441999435424805,3315.570068359375,10538.45996,0.09,0.68,259.997,7.8
9/23/2020,1859.9000244140625,94.44300079345703,39.93000030517578,23.013999938964844,3236.919922,10246.18652,0.09,0.68,259.997,7.8
9/24/2020,1868.300048828125,94.39399719238281,40.310001373291016,23.118000030517578,3246.590087890625,10760.06641,0.09,0.68,259.997,7.8
9/25/2020,1857.699951171875,94.68199920654297,40.25,23.017000198364258,3298.459961,10692.7168,0.09,0.68,259.997,7.8
9/28/2020,1872.800048828125,94.30200195,40.599998474121094,23.527999877929688,3351.600098,10709.65234,0.09,0.68,259.997,7.8
9/29/2020,1894.300048828125,93.92700195,39.290000915527344,24.37999916,3335.469970703125,10844.64063,0.09,0.68,259.997,7.8
9/30/2020,1887.5,93.92700195,40.220001220703125,23.433000564575195,3363,10784.49121,0.09,0.68,259.997,7.8
10/1/2020,1908.4000244140625,93.76200103759766,38.720001220703125,24.19300079345703,3380.800048828125,10619.45215,0.09,0.68,260.319,6.9
10/2/2020,1900.199951171875,93.90899658203125,37.04999923706055,23.97100067138672,3348.419922,10575.97461,0.09,0.68,260.319,6.9
10/5/2020,1912.5,93.54499816894531,39.220001220703125,24.50200080871582,3408.600098,10793.33984,0.09,0.68,260.319,6.9
10/6/2020,1901.0999755859375,93.74400329589844,40.66999816894531,23.87000084,3360.969970703125,10604.40625,0.09,0.68,260.319,6.9
10/7/2020,1883.5999755859375,93.6780014,39.95000076293945,23.847999572753906,3419.439941,10668.96875,0.09,0.68,260.319,6.9
10/8/2020,1888.5999755859375,93.64800262451172,41.189998626708984,23.836999893188477,3446.830078,10915.68555,0.09,0.68,260.319,6.9
10/9/2020,1919.5,93.06500244140625,40.599998474121094,25.069000244140625,3477.139892578125,11064.45801,0.09,0.68,260.319,6.9
10/12/2020,1922.5,93.10399627685547,39.43000030517578,25.22599983215332,3534.219970703125,11555.36328,0.09,0.68,260.319,6.9
10/13/2020,1888.5,93.53600311279297,40.20000076293945,24.086000442504883,3511.929931640625,11425.89941,0.09,0.68,260.319,6.9
10/14/2020,1901.300048828125,93.36599731445312,41.040000915527344,24.36400032043457,3488.669922,11429.50684,0.09,0.68,260.319,6.9
10/15/2020,1903.199951171875,93.86399841308594,40.959999084472656,24.19300079345703,3483.340087890625,11495.34961,0.09,0.68,260.319,6.9
10/16/2020,1900.800048828125,93.67900085449219,40.880001068115234,24.368999481201172,3483.810059,11322.12305,0.09,0.68,260.319,6.9
10/19/2020,1906.4000244140625,93.42900085449219,40.83000183105469,24.656999588012695,3426.919922,11742.03711,0.09,0.68,260.319,6.9
10/20/2020,1910.4000244140625,93.0510025,41.459999084472656,24.937000274658203,3443.120117,11916.33496,0.09,0.68,260.319,6.9
10/21/2020,1924.5999755859375,92.59899902,40.029998779296875,25.19700050354004,3435.560059,12823.68945,0.09,0.68,260.319,6.9
10/22/2020,1901.0999755859375,92.96399688720703,40.63999938964844,24.665000915527344,3453.489990234375,12965.8916,0.09,0.68,260.319,6.9
10/23/2020,1902,92.76499938964844,39.849998474121094,24.62700080871582,3465.389892578125,12931.53906,0.09,0.68,260.319,6.9
10/26/2020,1902.699951171875,93.04399871826172,38.560001373291016,24.375999450683594,3400.969970703125,13075.24805,0.09,0.68,260.319,6.9
10/27/2020,1908.800048828125,92.92700195,39.56999969482422,24.525999069213867,3390.679931640625,13654.21875,0.09,0.68,260.319,6.9
10/28/2020,1876.199951171875,93.40899658203125,37.38999938964844,23.323999404907227,3271.030029296875,13271.28516,0.09,0.68,260.319,6.9
10/29/2020,1865.5999755859375,93.97699737548828,36.16999816894531,23.339000701904297,3310.110107421875,13437.88281,0.09,0.68,260.319,6.9
10/30/2020,1877.4000244140625,94.04199981689453,35.790000915527344,23.617000579833984,3269.959961,13546.52246,0.09,0.68,260.319,6.9
11/1/2020,1877.4000244140625,94.04199981689453,35.790000915527344,23.617000579833984,3269.959961,13546.52246,0.09,0.68,260.911,6.7
11/2/2020,1890.4000244140625,94.14499664,36.810001373291016,24.006000518798828,3310.239990234375,13550.48926,0.09,0.68,260.911,6.7
11/3/2020,1908.5,93.55999755859375,37.65999984741211,24.30500030517578,3369.159912109375,13950.30078,0.09,0.68,260.911,6.7
11/4/2020,1894.5999755859375,93.41100311279297,39.150001525878906,23.86400032043457,3443.439941,14133.70703,0.09,0.68,260.911,6.7
11/5/2020,1945.300048828125,92.51599884033203,38.790000915527344,25.17099952697754,3510.449951171875,15579.84863,0.09,0.68,260.911,6.7
11/6/2020,1950.300048828125,92.22499847,37.13999938964844,25.645999908447266,3509.439941,15565.88086,0.09,0.68,260.911,6.7
11/9/2020,1853.199951171875,92.71499633789062,40.290000915527344,23.684999465942383,3550.5,15332.31543,0.09,0.68,260.911,6.7
11/10/2020,1875.4000244140625,92.73600006103516,41.36000061035156,24.445999145507812,3545.530029296875,15290.90234,0.09,0.68,260.911,6.7
11/11/2020,1860.699951171875,93.02400207519531,41.45000076293945,24.250999450683594,3572.659912109375,15701.33984,0.09,0.68,260.911,6.7
11/12/2020,1872.5999755859375,92.95600128173828,41.119998931884766,24.290000915527344,3537.010009765625,16276.34375,0.09,0.68,260.911,6.7
11/13/2020,1885.699951171875,92.75,40.130001068115234,24.759000778198242,3585.149902,16317.80859,0.09,0.68,260.911,6.7
11/16/2020,1887.300048828125,92.62999725341797,41.34000015258789,24.785999298095703,3626.909912109375,16716.11133,0.09,0.68,260.911,6.7
11/17/2020,1884.5,92.39800262451172,41.43000030517578,24.635000228881836,3609.530029296875,17645.40625,0.09,0.68,260.911,6.7
11/18/2020,1873.5,92.31099700927734,41.81999969482422,24.433000564575195,3567.790039,17804.00586,0.09,0.68,260.911,6.7
11/19/2020,1861.0999755859375,92.28399658203125,41.74000168,24.033000946044922,3581.870117,17817.08984,0.09,0.68,260.911,6.7
11/20/2020,1872.5999755859375,92.39499664,42.150001525878906,24.347999572753906,3557.540039,18621.31445,0.09,0.68,260.911,6.7
11/23/2020,1837.800048828125,92.49400329589844,43.060001373291016,23.624000549316406,3577.590087890625,18364.12109,0.09,0.68,260.911,6.7
11/24/2020,1804.800048828125,92.22000122070312,44.90999984741211,23.29199981689453,3635.409912109375,19107.46484,0.09,0.68,260.911,6.7
11/25/2020,1805.699951171875,91.96600341796875,45.709999084472656,23.356000900268555,3629.649902,18732.12109,0.09,0.68,260.911,6.7
11/27/2020,1781.9000244140625,91.8010025,45.529998779296875,22.55299949645996,3638.350098,17108.40234,0.09,0.68,260.911,6.7
11/30/2020,1775.699951171875,91.85800170898438,45.34000015258789,22.534000396728516,3621.629883,19625.83594,0.09,0.68,260.911,6.7
12/1/2020,1814.0999755859375,91.29699707,44.54999923706055,24.033000946044922,3662.449951171875,18802.99805,0.09,0.92,262.045,6.7
12/2/2020,1825.699951171875,91.11499786376953,45.279998779296875,24.024999618530273,3669.010009765625,19201.0918,0.09,0.92,262.045,6.7
12/3/2020,1836.800048828125,90.71800231933594,45.63999938964844,24.086999893188477,3666.719970703125,19445.39844,0.09,0.92,262.045,6.7
12/4/2020,1835.9000244140625,90.69400024414062,46.25999832,24.202999114990234,3699.120117,18699.76563,0.09,0.92,262.045,6.7
12/7/2020,1861.800048828125,90.78900146484375,45.75999832,24.740999221801758,3691.959961,19191.63086,0.09,0.92,262.045,6.7
12/8/2020,1870.800048828125,90.96800231933594,45.599998474121094,24.68400001525879,3702.25,18321.14453,0.09,0.92,262.045,6.7
12/9/2020,1834.5999755859375,91.08300018310547,45.52000045776367,23.93000030517578,3672.820068359375,18553.91602,0.09,0.92,262.045,6.7
12/10/2020,1833.5999755859375,90.81999969482422,46.779998779296875,24.03100014,3668.100098,18264.99219,0.09,0.92,262.045,6.7
12/11/2020,1839.800048828125,90.97000122070312,46.56999969482422,24.031999588012695,3663.459961,18058.9043,0.09,0.92,262.045,6.7
12/14/2020,1828.699951171875,90.73100280761719,46.99000168,23.985000610351562,3647.489990234375,19246.64453,0.09,0.92,262.045,6.7
12/15/2020,1852.300048828125,90.40899658203125,47.619998931884766,24.58099937438965,3694.620117,19417.07617,0.09,0.92,262.045,6.7
12/16/2020,1856.0999755859375,90.35900115966797,47.81999969482422,24.985000610351562,3701.169922,21310.59766,0.09,0.92,262.045,6.7
12/17/2020,1887.199951171875,89.74099731445312,48.36000061035156,26.100000381469727,3722.47998,22805.16211,0.09,0.92,262.045,6.7
12/18/2020,1885.699951171875,89.95300293,49.099998474121094,25.948999404907227,3709.409912109375,23137.96094,0.09,0.92,262.045,6.7
12/21/2020,1879.199951171875,89.9489975,47.74000168,26.277999877929688,3694.919922,22803.08203,0.09,0.92,262.045,6.7
12/22/2020,1866.5999755859375,90.54599762,47.02000045776367,25.43400001525879,3687.260009765625,23783.0293,0.09,0.92,262.045,6.7
12/23/2020,1874.699951171875,90.33999633789062,48.119998931884766,25.823999404907227,3690.010009765625,23241.3457,0.09,0.92,262.045,6.7
12/24/2020,1879.9000244140625,90.25,48.22999954223633,25.81100082397461,3703.060059,23735.94922,0.09,0.92,262.045,6.7
12/28/2020,1877.199951171875,90.27500153,47.619998931884766,26.459999084472656,3735.360107421875,27084.80859,0.09,0.92,262.045,6.7
12/29/2020,1879.699951171875,89.91799926757812,48,26.13800048828125,3727.040039,27362.4375,0.09,0.92,262.045,6.7
12/30/2020,1891,89.64900207519531,48.400001525878906,26.488000869750977,3732.040039,28840.95313,0.09,0.92,262.045,6.7
12/31/2020,1893.0999755859375,89.89399719238281,48.52000045776367,26.332000732421875,3756.070068359375,29001.7207,0.09,0.92,262.045,6.7
1/1/2021,1893.0999755859375,89.89399719238281,48.52000045776367,26.332000732421875,3756.070068359375,29001.7207,0.09,0.92,262.639,6.4
1/4/2021,1944.699951171875,89.84500122070312,47.619998931884766,27.284000396728516,3700.649902,31971.91406,0.09,0.92,262.639,6.4
1/5/2021,1952.699951171875,89.40899658203125,49.93000030517578,27.570999145507812,3726.860107421875,33992.42969,0.09,0.92,262.639,6.4
1/6/2021,1906.9000244140625,89.50199890136719,50.630001068115234,26.972999572753906,3748.139892578125,36824.36328,0.09,0.92,262.639,6.4
1/7/2021,1912.300048828125,89.79100036621094,50.83000183105469,27.200000762939453,3803.790039,39371.04297,0.09,0.92,262.639,6.4
1/8/2021,1834.0999755859375,90.06800079345703,52.24000168,24.582000732421875,3824.679931640625,40797.60938,0.09,0.92,262.639,6.4
1/11/2021,1849.5999755859375,90.44200134277344,52.25,25.23900032043457,3799.610107421875,35566.65625,0.09,0.92,262.639,6.4
1/12/2021,1842.9000244140625,90.06400299072266,53.209999084472656,25.384000778198242,3801.189941,33922.96094,0.09,0.92,262.639,6.4
1/13/2021,1853.5999755859375,90.33399963378906,52.90999984741211,25.520000457763672,3809.840087890625,37316.35938,0.09,0.92,262.639,6.4
1/14/2021,1850.300048828125,90.21499633789062,53.56999969482422,25.746000289916992,3795.540039,39187.32813,0.09,0.92,262.639,6.4
1/15/2021,1829.300048828125,90.75399780273438,52.36000061035156,24.825000762939453,3768.25,36825.36719,0.09,0.92,262.639,6.4
1/19/2021,1839.5,90.47599792480469,52.97999954223633,25.27899932861328,3798.909912109375,36069.80469,0.09,0.92,262.639,6.4
1/20/2021,1865.9000244140625,90.46900177001953,53.24000168,25.733999252319336,3851.850098,35547.75,0.09,0.92,262.639,6.4
1/21/2021,1865.300048828125,90.12699890136719,53.130001068115234,25.82200050354004,3853.070068359375,30825.69922,0.09,0.92,262.639,6.4
1/22/2021,1855.699951171875,90.21199798583984,52.27000045776367,25.52400016784668,3841.469970703125,33005.76172,0.09,0.92,262.639,6.4
1/25/2021,1854.9000244140625,90.37300109863281,52.77000045776367,25.454999923706055,3855.360107421875,32366.39258,0.09,0.92,262.639,6.4
1/26/2021,1850.699951171875,90.14800262451172,52.61000061035156,25.52899932861328,3849.620117,32569.84961,0.09,0.92,262.639,6.4
1/27/2021,1844.9000244140625,90.63999938964844,52.849998474121094,25.375999450683594,3750.77002,30432.54688,0.09,0.92,262.639,6.4
1/28/2021,1837.9000244140625,90.42700195,52.34000015258789,25.909000396728516,3787.379883,33466.09766,0.09,0.92,262.639,6.4
1/29/2021,1847.300048828125,90.56900024414062,52.20000076293945,26.899999618530273,3714.239990234375,34316.38672,0.09,0.92,262.639,6.4
2/1/2021,1860.800048828125,90.97499847,53.54999923706055,29.398000717163086,3773.860107421875,33537.17578,0.08,1.09,263.573,6.2
2/2/2021,1830.5,91.18900299072266,54.75999832,26.384000778198242,3826.310059,35510.28906,0.08,1.09,263.573,6.2
2/3/2021,1832.199951171875,91.14800262451172,55.689998626708984,26.878000259399414,3830.169922,37472.08984,0.08,1.09,263.573,6.2
2/4/2021,1788.9000244140625,91.51999664,56.22999954223633,26.222999572753906,3871.739990234375,36926.06641,0.08,1.09,263.573,6.2
2/5/2021,1810.9000244140625,91.03199768066406,56.849998474121094,27.013999938964844,3886.830078,38144.30859,0.08,1.09,263.573,6.2
2/8/2021,1831.9000244140625,90.91899871826172,57.970001220703125,27.56999969482422,3915.590087890625,46196.46484,0.08,1.09,263.573,6.2
2/9/2021,1835.300048828125,90.42900085449219,58.36000061035156,27.395999908447266,3911.22998,46481.10547,0.08,1.09,263.573,6.2
2/10/2021,1840.5999755859375,90.36299896240234,58.68000030517578,27.073999404907227,3909.879883,44918.18359,0.08,1.09,263.573,6.2
2/11/2021,1824.9000244140625,90.41300201416016,58.24000168,27.04199981689453,3916.379883,47909.33203,0.08,1.09,263.573,6.2
2/12/2021,1821.5999755859375,90.47000122070312,59.470001220703125,27.322999954223633,3934.830078,47504.85156,0.08,1.09,263.573,6.2
2/16/2021,1797.199951171875,90.50299835205078,60.04999923706055,27.319000244140625,3932.590087890625,49199.87109,0.08,1.09,263.573,6.2
2/17/2021,1771.0999755859375,90.9489975,61.13999938964844,27.31399917602539,3931.330078,52149.00781,0.08,1.09,263.573,6.2
2/18/2021,1773.4000244140625,90.59999847,60.52000045776367,27.07699966430664,3913.969970703125,51679.79688,0.08,1.09,263.573,6.2
2/19/2021,1775.800048828125,90.36299896240234,59.24000168,27.25200080871582,3906.709961,55888.13281,0.08,1.09,263.573,6.2
2/22/2021,1806.699951171875,89.99900055,61.49000168,28.08300018310547,3876.5,54207.32031,0.08,1.09,263.573,6.2
2/23/2021,1804.4000244140625,90.16699981689453,61.66999816894531,27.68600082397461,3881.370117,48824.42578,0.08,1.09,263.573,6.2
2/24/2021,1796.4000244140625,90.16999816894531,63.220001220703125,27.85700035095215,3925.429931640625,49705.33203,0.08,1.09,263.573,6.2
2/25/2021,1774.4000244140625,90.13500213623047,63.529998779296875,27.636999130249023,3829.340087890625,47093.85156,0.08,1.09,263.573,6.2
2/26/2021,1728.0999755859375,90.88200378417969,61.5,26.402000427246094,3811.149902,46339.76172,0.08,1.09,263.573,6.2
3/1/2021,1722.5,91.03600311279297,60.63999938964844,26.64699935913086,3901.820068359375,49631.24219,0.07,1.45,264.847,6.1
3/2/2021,1733.0999755859375,90.79000091552734,59.75,26.850000381469727,3870.290039,48378.98828,0.07,1.45,264.847,6.1
3/3/2021,1715.300048828125,90.94200134277344,61.279998779296875,26.35700035095215,3819.719970703125,50538.24219,0.07,1.45,264.847,6.1
3/4/2021,1700.199951171875,91.64399719238281,63.83000183105469,25.43400001525879,3768.469970703125,48561.16797,0.07,1.45,264.847,6.1
3/5/2021,1698,91.98999786376953,66.08999633789062,25.256999969482422,3841.939941,48927.30469,0.07,1.45,264.847,6.1
3/8/2021,1677.699951171875,92.33399963378906,65.05000305175781,25.239999771118164,3821.350098,52246.52344,0.07,1.45,264.847,6.1
3/9/2021,1716.5999755859375,91.96399688720703,64.01000213623047,26.148000717163086,3875.439941,54824.11719,0.07,1.45,264.847,6.1
3/10/2021,1721.5,91.82800293,64.44000244140625,26.101999282836914,3898.810059,56008.55078,0.07,1.45,264.847,6.1
3/11/2021,1722.300048828125,91.41799926757812,66.01999664,26.16200065612793,3939.340087890625,57805.12109,0.07,1.45,264.847,6.1
3/12/2021,1719.5,91.6780014,65.61000061035156,25.87999916,3943.340087890625,57332.08984,0.07,1.45,264.847,6.1
3/15/2021,1728.9000244140625,91.85199737548828,65.38999938964844,26.253000259399414,3968.939941,55907.19922,0.07,1.45,264.847,6.1
3/16/2021,1730.5999755859375,91.87999725341797,64.80000305175781,25.974000930786133,3962.709961,56804.90234,0.07,1.45,264.847,6.1
3/17/2021,1726.800048828125,91.43499755859375,64.59999847,26.030000686645508,3974.120117,58870.89453,0.07,1.45,264.847,6.1
3/18/2021,1732.199951171875,91.87000274658203,60,26.320999145507812,3915.459961,57858.92188,0.07,1.45,264.847,6.1
3/19/2021,1741.4000244140625,91.92500305175781,61.41999816894531,26.29199981689453,3913.100098,58346.65234,0.07,1.45,264.847,6.1
3/22/2021,1737.800048828125,91.74099731445312,61.54999923706055,25.740999221801758,3940.590087890625,54529.14453,0.07,1.45,264.847,6.1
3/23/2021,1724.699951171875,92.34700012207031,57.75999832,25.200000762939453,3910.52002,54738.94531,0.07,1.45,264.847,6.1
3/24/2021,1732.9000244140625,92.52999877929688,61.18000030517578,25.201000213623047,3889.139892578125,52774.26563,0.07,1.45,264.847,6.1
3/25/2021,1724.9000244140625,92.82599639892578,58.560001373291016,25.02199935913086,3909.52002,51704.16016,0.07,1.45,264.847,6.1
3/26/2021,1732.199951171875,92.77500153,60.970001220703125,25.091999053955078,3974.540039,55137.3125,0.07,1.45,264.847,6.1
3/29/2021,1712.0999755859375,92.95600128173828,61.560001373291016,24.746999740600586,3971.090087890625,57750.19922,0.07,1.45,264.847,6.1
3/30/2021,1683.9000244140625,93.32099914550781,60.54999923706055,24.121000289916992,3958.550048828125,58917.69141,0.07,1.45,264.847,6.1
3/31/2021,1713.800048828125,93.23600006103516,59.15999984741211,24.517000198364258,3972.889892578125,58918.83203,0.07,1.45,264.847,6.1
4/1/2021,1726.5,92.9469986,61.45000076293945,24.934999465942383,4019.870117,59095.80859,0.07,1.69,266.625,6.1
4/5/2021,1727,93.0510025,58.650001525878906,24.76300048828125,4077.909912109375,59057.87891,0.07,1.69,266.625,6.1
4/6/2021,1741.5,92.34799957,59.33000183105469,25.211999893188477,4073.939941,58192.35938,0.07,1.69,266.625,6.1
4/7/2021,1740.0999755859375,92.47200012207031,59.77000045776367,25.232999801635742,4079.949951171875,56048.9375,0.07,1.69,266.625,6.1
4/8/2021,1756.800048828125,92.06900024414062,59.599998474121094,25.569000244140625,4097.169922,58323.95313,0.07,1.69,266.625,6.1
4/9/2021,1743.300048828125,92.16000366210938,59.31999969482422,25.31100082397461,4128.799805,58245.00391,0.07,1.69,266.625,6.1
4/12/2021,1731.199951171875,92.14399719238281,59.70000076293945,24.85300064086914,4127.990234,59893.45313,0.07,1.69,266.625,6.1
4/13/2021,1746.199951171875,91.84400177001953,60.18000030517578,25.41699981689453,4141.589844,63503.45703,0.07,1.69,266.625,6.1
4/14/2021,1734.9000244140625,91.67400360107422,63.150001525878906,25.514999389648438,4124.660156,63109.69531,0.07,1.69,266.625,6.1
4/15/2021,1765.4000244140625,91.61799621582031,63.459999084472656,25.95599937438965,4170.419922,63314.01172,0.07,1.69,266.625,6.1
4/16/2021,1779,91.54399871826172,63.130001068115234,26.099000930786133,4185.470215,61572.78906,0.07,1.69,266.625,6.1
4/19/2021,1769.4000244140625,91.05000305175781,63.380001068115234,25.83099937438965,4163.259766,55724.26563,0.07,1.69,266.625,6.1
4/20/2021,1777.300048828125,91.22699737548828,62.439998626708984,25.834999084472656,4134.939941,56473.03125,0.07,1.69,266.625,6.1
4/21/2021,1792.300048828125,91.12899780273438,61.349998474121094,26.565000534057617,4173.419922,53906.08984,0.07,1.69,266.625,6.1
4/22/2021,1781.199951171875,91.32099914550781,61.43000030517578,26.173999786376953,4134.97998,51762.27344,0.07,1.69,266.625,6.1
4/23/2021,1777,90.83899688720703,62.13999938964844,26.07699966430664,4180.169922,51093.65234,0.07,1.69,266.625,6.1
4/26/2021,1779.199951171875,90.77999877929688,61.90999984741211,26.211000442504883,4187.620117,54021.75391,0.07,1.69,266.625,6.1
4/27/2021,1778,90.89199829101562,62.939998626708984,26.41200065612793,4186.720215,55033.11719,0.07,1.69,266.625,6.1
4/28/2021,1773.199951171875,90.59300231933594,63.86000061035156,26.08099937438965,4183.180176,54824.70313,0.07,1.69,266.625,6.1
4/29/2021,1768.0999755859375,90.59300231933594,65.01000213623047,26.05299949645996,4211.470215,53555.10938,0.07,1.69,266.625,6.1
4/30/2021,1767.300048828125,91.26999664,63.58000183105469,25.85300064086914,4181.169922,57750.17578,0.07,1.69,266.625,6.1
5/1/2021,1767.300048828125,91.26999664,63.58000183105469,25.85300064086914,4181.169922,57750.17578,0.06,1.69,268.404,5.8
5/3/2021,1791.4000244140625,90.92700195,64.48999786376953,26.94300079345703,4192.660156,57200.29297,0.06,1.69,268.404,5.8
5/4/2021,1775.800048828125,91.27500153,65.69000244140625,26.538999557495117,4164.660156,53333.53906,0.06,1.69,268.404,5.8
5/5/2021,1784.0999755859375,91.29299926757812,65.62999725341797,26.50200080871582,4167.589844,57424.00781,0.06,1.69,268.404,5.8
5/6/2021,1815.5,90.93599700927734,64.70999908447266,27.461999893188477,4201.620117,56396.51563,0.06,1.69,268.404,5.8
5/7/2021,1831.0999755859375,90.21600341796875,64.90000153,27.461999893188477,4232.600098,57356.40234,0.06,1.69,268.404,5.8
5/10/2021,1837.5,90.18499755859375,64.91999816894531,27.479000091552734,4188.430176,55859.79688,0.06,1.69,268.404,5.8
5/11/2021,1835.9000244140625,90.12400055,65.27999877929688,27.656999588012695,4152.100098,56704.57422,0.06,1.69,268.404,5.8
5/12/2021,1822.5999755859375,90.68599700927734,66.08000183105469,27.231000900268555,4063.040039,49150.53516,0.06,1.69,268.404,5.8
5/13/2021,1823.800048828125,90.73500061035156,63.81999969482422,27.04400062561035,4112.5,49716.19141,0.06,1.69,268.404,5.8
5/14/2021,1837.9000244140625,90.31800079345703,65.37000274658203,27.35300064086914,4173.850098,49880.53516,0.06,1.69,268.404,5.8
5/17/2021,1867.5,90.14199829101562,66.26999664,28.260000228881836,4163.290039,43537.51172,0.06,1.69,268.404,5.8
5/18/2021,1867.800048828125,89.73400115966797,65.48999786376953,28.31399917602539,4127.830078,42909.40234,0.06,1.69,268.404,5.8
5/19/2021,1881.300048828125,90.19100189208984,63.36000061035156,28.007999420166016,4115.680176,37002.44141,0.06,1.69,268.404,5.8
5/20/2021,1881.800048828125,89.79499816894531,62.04999923706055,28.052000045776367,4159.120117,40782.73828,0.06,1.69,268.404,5.8
5/21/2021,1876.699951171875,90.00499725341797,63.58000183105469,27.472999572753906,4155.859863,37304.69141,0.06,1.69,268.404,5.8
5/24/2021,1884.5999755859375,89.83799743652344,66.05000305175781,27.886999130249023,4197.049805,38705.98047,0.06,1.69,268.404,5.8
5/25/2021,1898.0999755859375,89.62799835205078,66.06999969482422,28.03700065612793,4188.129883,38402.22266,0.06,1.69,268.404,5.8
5/26/2021,1901.300048828125,90.02999877929688,66.20999908447266,27.85300064086914,4195.990234,39294.19922,0.06,1.69,268.404,5.8
5/27/2021,1895.699951171875,89.95899963378906,66.84999847,27.91900062561035,4200.879883,38436.96875,0.06,1.69,268.404,5.8
5/28/2021,1902.5,89.99299621582031,66.31999969482422,27.993000030517578,4204.109863,35697.60547,0.06,1.69,268.404,5.8
6/1/2021,1902.9000244140625,89.81900024414062,67.72000122070312,28.08300018310547,4202.040039,36684.92578,0.08,1.62,270.71,5.9
6/2/2021,1907.5,89.90100098,68.83000183105469,28.18600082397461,4208.120117,37575.17969,0.08,1.62,270.71,5.9
6/3/2021,1871.199951171875,90.50099945,68.80999755859375,27.459999084472656,4192.850098,39208.76563,0.08,1.62,270.71,5.9
6/4/2021,1889.800048828125,90.13300323486328,69.62000274658203,27.878999710083008,4229.890137,36894.40625,0.08,1.62,270.71,5.9
6/7/2021,1896.800048828125,89.94599914550781,69.23000336,28.000999450683594,4226.52002,33560.70703,0.08,1.62,270.71,5.9
6/8/2021,1892.199951171875,90.07599639892578,70.05000305175781,27.71500015258789,4227.259766,33472.63281,0.08,1.62,270.71,5.9
6/9/2021,1893.199951171875,90.12100219726562,69.95999908447266,27.985000610351562,4219.549805,37345.12109,0.08,1.62,270.71,5.9
6/10/2021,1894.199951171875,90.07800293,70.29000091552734,28.014999389648438,4239.180176,36702.59766,0.08,1.62,270.71,5.9
6/11/2021,1877.4000244140625,90.55000305175781,70.91000366210938,28.131000518798828,4247.439941,37334.39844,0.08,1.62,270.71,5.9
6/14/2021,1864,90.47499847,70.87999725341797,28.02400016784668,4255.149902,40218.47656,0.08,1.62,270.71,5.9
6/15/2021,1854.5,90.50199890136719,72.12000274658203,27.679000854492188,4246.589844,40406.26953,0.08,1.62,270.71,5.9
6/16/2021,1859.5,91.20800018310547,72.15000153,27.799999237060547,4223.700195,38347.0625,0.08,1.62,270.71,5.9
6/17/2021,1773.800048828125,91.87300109863281,71.04000091552734,25.84399986,4221.859863,38053.50391,0.08,1.62,270.71,5.9
6/18/2021,1767.9000244140625,92.20899963378906,71.63999938964844,25.95800018310547,4166.450195,35787.24609,0.08,1.62,270.71,5.9
6/21/2021,1781.800048828125,91.88099670410156,73.66000366210938,26.014999389648438,4224.790039,31676.69336,0.08,1.62,270.71,5.9
6/22/2021,1776.300048828125,91.75099945,73.05999755859375,25.847999572753906,4246.439941,32505.66016,0.08,1.62,270.71,5.9
6/23/2021,1782.300048828125,91.78500366210938,73.08000183105469,26.107999801635742,4241.839844,33723.02734,0.08,1.62,270.71,5.9
6/24/2021,1775.5999755859375,91.79499816894531,73.30000305175781,26.047000885009766,4266.490234,34662.4375,0.08,1.62,270.71,5.9
6/25/2021,1776.5999755859375,91.84400177001953,74.05000305175781,26.082000732421875,4280.700195,31637.7793,0.08,1.62,270.71,5.9
6/28/2021,1779.5999755859375,91.87599945,72.91000366210938,26.218000411987305,4290.609863,34434.33594,0.08,1.62,270.71,5.9
6/29/2021,1762.800048828125,92.04100036621094,72.98000336,25.871999740600586,4291.799805,35867.77734,0.08,1.62,270.71,5.9
6/30/2021,1770.800048828125,92.43099975585938,73.47000122070312,26.165000915527344,4297.5,35040.83594,0.08,1.62,270.71,5.9
7/1/2021,1775.9000244140625,92.59400177001953,75.23000336,26.075000762939453,4319.939941,33572.11719,0.1,1.48,271.965,5.4
7/2/2021,1782.5999755859375,92.41300201416016,75.16000366210938,26.481000900268555,4352.339844,33897.04688,0.1,1.48,271.965,5.4
7/6/2021,1793.5,92.54299926757812,73.37000274658203,26.15399932861328,4343.540039,34235.19531,0.1,1.48,271.965,5.4
7/7/2021,1801.5,92.64499664,72.19999694824219,26.110000610351562,4358.129883,33855.32813,0.1,1.48,271.965,5.4
7/8/2021,1799.5999755859375,92.40599822998047,72.94000244140625,25.966999053955078,4320.819824,32877.37109,0.1,1.48,271.965,5.4
7/9/2021,1810,92.11599731445312,74.55999755859375,26.211000442504883,4369.549805,33798.01172,0.1,1.48,271.965,5.4
7/12/2021,1805.5,92.25599670410156,74.09999847,26.216999053955078,4384.629883,33155.84766,0.1,1.48,271.965,5.4
7/13/2021,1809.4000244140625,92.75900268554688,75.25,26.114999771118164,4369.209961,32702.02539,0.1,1.48,271.965,5.4
7/14/2021,1824.300048828125,92.40499877929688,73.12999725341797,26.246000289916992,4374.299805,32822.34766,0.1,1.48,271.965,5.4
7/15/2021,1828.4000244140625,92.63099670410156,71.65000153,26.375,4360.029785,31780.73047,0.1,1.48,271.965,5.4
7/16/2021,1814.5,92.68699645996094,71.80999755859375,25.777000427246094,4327.160156,31421.53906,0.1,1.48,271.965,5.4
7/19/2021,1808.699951171875,92.90000153,66.41999816894531,25.125999450683594,4258.490234,30817.83203,0.1,1.48,271.965,5.4
7/20/2021,1810.9000244140625,92.97899627685547,67.41999816894531,24.976999282836914,4323.060059,29807.34766,0.1,1.48,271.965,5.4
7/21/2021,1802.9000244140625,92.75900268554688,70.30000305175781,25.238000869750977,4358.689941,32110.69336,0.1,1.48,271.965,5.4
7/22/2021,1805,92.83000183105469,71.91000366210938,25.364999771118164,4367.47998,32313.10547,0.1,1.48,271.965,5.4
7/23/2021,1801.4000244140625,92.9280014,72.06999969482422,25.218000411987305,4411.790039,33581.55078,0.1,1.48,271.965,5.4
7/26/2021,1798.699951171875,92.65100098,71.91000366210938,25.295000076293945,4422.299805,37337.53516,0.1,1.48,271.965,5.4
7/27/2021,1799.5,92.43599700927734,71.65000153,24.631999969482422,4401.459961,39406.94141,0.1,1.48,271.965,5.4
7/28/2021,1799.5,92.31700134277344,72.38999938964844,24.856000900268555,4400.640137,39995.90625,0.1,1.48,271.965,5.4
7/29/2021,1831.199951171875,91.87100219726562,73.62000274658203,25.763999938964844,4419.149902,40008.42188,0.1,1.48,271.965,5.4
7/30/2021,1812.5999755859375,92.18800354003906,73.94999694824219,25.527999877929688,4395.259766,42235.54688,0.1,1.48,271.965,5.4
8/1/2021,1812.5999755859375,92.18800354003906,73.94999694824219,25.527999877929688,4395.259766,42235.54688,0.09,1.48,272.752,5.1
8/2/2021,1818.0999755859375,92.06500244140625,71.26000213623047,25.55699920654297,4387.160156,39201.94531,0.09,1.48,272.752,5.1
8/3/2021,1810.0999755859375,92.08799743652344,70.55999755859375,25.56599998474121,4423.149902,38152.98047,0.09,1.48,272.752,5.1
8/4/2021,1810.5,92.27400207519531,68.15000153,25.445999145507812,4402.660156,39747.50391,0.09,1.48,272.752,5.1
8/5/2021,1805.0999755859375,92.25199890136719,69.08999633789062,25.277000427246094,4429.100098,40869.55469,0.09,1.48,272.752,5.1
8/6/2021,1760,92.80000305175781,68.27999877929688,24.312000274658203,4436.52002,42816.5,0.09,1.48,272.752,5.1
8/9/2021,1723.4000244140625,92.93800354003906,66.48000336,23.25499916,4432.350098,46365.40234,0.09,1.48,272.752,5.1
8/10/2021,1728.800048828125,93.05500030517578,68.29000091552734,23.37700080871582,4436.75,45585.03125,0.09,1.48,272.752,5.1
8/11/2021,1750.4000244140625,92.91799926757812,69.25,23.474000930786133,4442.410156,45593.63672,0.09,1.48,272.752,5.1
8/12/2021,1749,93.03800201416016,69.08999633789062,23.104999542236328,4460.830078,44428.28906,0.09,1.48,272.752,5.1
8/13/2021,1775.199951171875,92.51200103759766,68.44000244140625,23.76799964904785,4468,47793.32031,0.09,1.48,272.752,5.1
8/16/2021,1786.9000244140625,92.61900329589844,67.29000091552734,23.780000686645508,4479.709961,46004.48438,0.09,1.48,272.752,5.1
8/17/2021,1785,93.14499664,66.58999633789062,23.648000717163086,4448.080078,44695.35938,0.09,1.48,272.752,5.1
8/18/2021,1781.5999755859375,93.14399719238281,65.45999908447266,23.41200065612793,4400.27002,44801.1875,0.09,1.48,272.752,5.1
8/19/2021,1780.199951171875,93.58799743652344,63.689998626708984,23.219999313354492,4405.799805,46717.57813,0.09,1.48,272.752,5.1
8/20/2021,1781,93.50800323486328,62.31999969482422,23.104999542236328,4441.669922,49339.17578,0.09,1.48,272.752,5.1
8/23/2021,1803.199951171875,92.97100067138672,65.63999938964844,23.64900016784668,4479.529785,49546.14844,0.09,1.48,272.752,5.1
8/24/2021,1805.5999755859375,92.90100098,67.54000091552734,23.889999389648438,4486.22998,47706.11719,0.09,1.48,272.752,5.1
8/25/2021,1788.199951171875,92.83200073242188,68.36000061035156,23.770999908447266,4496.189941,48960.78906,0.09,1.48,272.752,5.1
8/26/2021,1792.199951171875,93.07800293,67.41999816894531,23.54599952697754,4470,46942.21875,0.09,1.48,272.752,5.1
8/27/2021,1816.5999755859375,92.69400024414062,68.73999786376953,24.059999465942383,4509.370117,49058.66797,0.09,1.48,272.752,5.1
8/30/2021,1809,92.65200043,69.20999908447266,23.959999084472656,4528.790039,47054.98438,0.09,1.48,272.752,5.1
8/31/2021,1815,92.63500213623047,68.5,23.959999084472656,4522.680176,47166.6875,0.09,1.48,272.752,5.1
9/1/2021,1813.0999755859375,92.4489975,68.58999633789062,24.177000045776367,4524.089844,48847.02734,0.08,1.31,273.942,4.7
9/2/2021,1808.699951171875,92.22799682617188,69.98999786376953,23.875,4536.950195,49327.72266,0.08,1.31,273.942,4.7
9/3/2021,1830.9000244140625,92.03299713134766,69.29000091552734,24.761999130249023,4535.430176,50025.375,0.08,1.31,273.942,4.7
9/7/2021,1795.9000244140625,92.51399993896484,68.34999847,24.333999633789062,4520.029785,46811.12891,0.08,1.31,273.942,4.7
9/8/2021,1790.699951171875,92.65000153,69.30000305175781,24.011999130249023,4514.069824,46091.39063,0.08,1.31,273.942,4.7
9/9/2021,1797.4000244140625,92.48000336,68.13999938964844,24.132999420166016,4493.279785,46391.42188,0.08,1.31,273.942,4.7
9/10/2021,1789.5999755859375,92.58999633789062,69.72000122070312,23.854999542236328,4458.580078,44883.91016,0.08,1.31,273.942,4.7
9/13/2021,1792,92.65200043,70.44999694824219,23.753000259399414,4468.72998,44963.07422,0.08,1.31,273.942,4.7
9/14/2021,1804.699951171875,92.61399841308594,70.45999908447266,23.841999053955078,4443.049805,47092.49219,0.08,1.31,273.942,4.7
9/15/2021,1792.4000244140625,92.53399658203125,72.61000061035156,23.759000778198242,4480.700195,48176.34766,0.08,1.31,273.942,4.7
9/16/2021,1754.5999755859375,92.91899871826172,72.61000061035156,22.75200080871582,4473.75,47783.35938,0.08,1.31,273.942,4.7
9/17/2021,1749.4000244140625,93.1760025,71.97000122070312,22.295000076293945,4432.990234,47267.51953,0.08,1.31,273.942,4.7
9/20/2021,1761.800048828125,93.25599670410156,70.29000091552734,22.163000106811523,4357.72998,42843.80078,0.08,1.31,273.942,4.7
9/21/2021,1776,93.19999694824219,70.55999755859375,22.572999954223633,4354.189941,40693.67578,0.08,1.31,273.942,4.7
9/22/2021,1776.699951171875,93.45999908447266,72.23000336,22.868999481201172,4395.640137,43574.50781,0.08,1.31,273.942,4.7
9/23/2021,1747.699951171875,93.02999877929688,73.30000305175781,22.642000198364258,4448.97998,44895.09766,0.08,1.31,273.942,4.7
9/24/2021,1749.699951171875,93.33499908447266,73.98000336,22.38800048828125,4455.47998,42839.75,0.08,1.31,273.942,4.7
9/27/2021,1750,93.38099670410156,75.44999694824219,22.656999588012695,4443.109863,42235.73047,0.08,1.31,273.942,4.7
9/28/2021,1735.800048828125,93.77999877929688,75.29000091552734,22.43000030517578,4352.629883,41034.54297,0.08,1.31,273.942,4.7
9/29/2021,1721.5,94.35299682617188,74.83000183105469,21.458999633789062,4359.459961,41564.36328,0.08,1.31,273.942,4.7
9/30/2021,1755.300048828125,94.23999786376953,75.02999877929688,22.020999908447266,4307.540039,43790.89453,0.08,1.31,273.942,4.7
10/1/2021,1757,94.04699707,75.87999725341797,22.510000228881836,4357.040039,48116.94141,0.08,1.48,276.528,4.5
10/4/2021,1766.199951171875,93.77999877929688,77.62000274658203,22.618000030517578,4300.459961,49112.90234,0.08,1.48,276.528,4.5
10/5/2021,1759.5999755859375,93.96700286865234,78.93000030517578,22.582000732421875,4345.720215,51514.8125,0.08,1.48,276.528,4.5
10/6/2021,1760.5,94.27200317382812,77.43000030517578,22.506000518798828,4363.549805,55361.44922,0.08,1.48,276.528,4.5
10/7/2021,1757.9000244140625,94.22100067138672,78.30000305175781,22.631999969482422,4399.759766,53805.98438,0.08,1.48,276.528,4.5
10/8/2021,1756.300048828125,94.07900238,79.34999847,22.679000854492188,4391.339844,53967.84766,0.08,1.48,276.528,4.5
10/11/2021,1754.5999755859375,94.32599639892578,80.51999664,22.639999389648438,4361.189941,57484.78906,0.08,1.48,276.528,4.5
10/12/2021,1758.300048828125,94.51899719238281,80.63999938964844,22.490999221801758,4350.649902,56041.05859,0.08,1.48,276.528,4.5
10/13/2021,1793.699951171875,94.08000183105469,80.44000244140625,23.14900016784668,4363.799805,57401.09766,0.08,1.48,276.528,4.5
10/14/2021,1796.699951171875,93.96099853515625,81.30999755859375,23.45599937438965,4438.259766,57321.52344,0.08,1.48,276.528,4.5
10/15/2021,1767.199951171875,93.93800354003906,82.27999877929688,23.327999114990234,4471.370117,61593.94922,0.08,1.48,276.528,4.5
10/18/2021,1764.800048828125,93.94499969482422,82.44000244140625,23.243000030517578,4486.459961,62026.07813,0.08,1.48,276.528,4.5
10/19/2021,1769.699951171875,93.72799682617188,82.95999908447266,23.86199951171875,4519.629883,64261.99219,0.08,1.48,276.528,4.5
10/20/2021,1784.0999755859375,93.53500366210938,83.87000274658203,24.423999786376953,4536.189941,65992.83594,0.08,1.48,276.528,4.5
10/21/2021,1781.199951171875,93.75800323486328,82.5,24.149999618530273,4549.779785,62210.17188,0.08,1.48,276.528,4.5
10/22/2021,1795.5,93.625,83.76000213623047,24.429000854492188,4544.899902,60692.26563,0.08,1.48,276.528,4.5
10/25/2021,1806,93.80899810791016,83.76000213623047,24.57200050354004,4566.47998,63039.82422,0.08,1.48,276.528,4.5
10/26/2021,1792.699951171875,93.94100189208984,84.65000153,24.086000442504883,4574.790039,60363.79297,0.08,1.48,276.528,4.5
10/27/2021,1797.9000244140625,93.79799652,82.66000366210938,24.18899917602539,4551.680176,58482.38672,0.08,1.48,276.528,4.5
10/28/2021,1801.5999755859375,93.32599639892578,82.80999755859375,24.117000579833984,4596.419922,60622.13672,0.08,1.48,276.528,4.5
10/29/2021,1783,94.12100219726562,83.56999969482422,23.94499969482422,4605.379883,62227.96484,0.08,1.48,276.528,4.5
11/1/2021,1795.0999755859375,93.87899780273438,84.05000305175781,24.06399917602539,4613.669922,61004.40625,0.08,1.58,278.824,4.2
11/2/2021,1788.699951171875,94.07900238,83.91000366210938,23.5,4630.649902,63226.40234,0.08,1.58,278.824,4.2
11/3/2021,1763.5999755859375,93.85299682617188,80.86000061035156,23.22599983215332,4660.569824,62970.04688,0.08,1.58,278.824,4.2
11/4/2021,1793,94.34100341796875,78.80999755859375,23.90600014,4680.060059,61452.23047,0.08,1.58,278.824,4.2
11/5/2021,1816.4000244140625,94.31700134277344,81.26999664,24.152000427246094,4697.529785,61125.67578,0.08,1.58,278.824,4.2
11/8/2021,1827.4000244140625,94.04199981689453,81.93000030517578,24.53700065612793,4701.700195,67566.82813,0.08,1.58,278.824,4.2
11/9/2021,1830.199951171875,93.95600128173828,84.15000153,24.312999725341797,4685.25,66971.82813,0.08,1.58,278.824,4.2
11/10/2021,1847.5999755859375,94.83799743652344,81.33999633789062,24.767000198364258,4646.709961,64995.23047,0.08,1.58,278.824,4.2
11/11/2021,1863.199951171875,95.17500305175781,81.58999633789062,25.301000595092773,4649.27002,64949.96094,0.08,1.58,278.824,4.2
11/12/2021,1867.9000244140625,95.12799835205078,80.79000091552734,25.34399986,4682.850098,64155.94141,0.08,1.58,278.824,4.2
11/15/2021,1866.0999755859375,95.40499877929688,80.87999725341797,25.10700035095215,4682.799805,63557.87109,0.08,1.58,278.824,4.2
11/16/2021,1853.5999755859375,95.91100311279297,80.76000213623047,24.944000244140625,4700.899902,60161.24609,0.08,1.58,278.824,4.2
11/17/2021,1869.699951171875,95.82900238,78.36000061035156,25.16699981689453,4688.669922,60368.01172,0.08,1.58,278.824,4.2
11/18/2021,1861,95.54199981689453,79.01000213623047,24.900999069213867,4704.540039,56942.13672,0.08,1.58,278.824,4.2
11/19/2021,1851.199951171875,96.02799987792969,76.09999847,24.780000686645508,4697.959961,58119.57813,0.08,1.58,278.824,4.2
11/22/2021,1806,96.54399871826172,76.75,24.297000885009766,4682.939941,56289.28906,0.08,1.58,278.824,4.2
11/23/2021,1783.5,96.49400329589844,78.5,23.434999465942383,4690.700195,57569.07422,0.08,1.58,278.824,4.2
11/24/2021,1784.0999755859375,96.87200164794922,78.38999938964844,23.496000289916992,4701.459961,56280.42578,0.08,1.58,278.824,4.2
11/26/2021,1785.300048828125,96.10399627685547,68.15000153,23.10700035095215,4594.620117,53569.76563,0.08,1.58,278.824,4.2
11/29/2021,1782.300048828125,96.33799743652344,69.94999694824219,22.798999786376953,4655.27002,57806.56641,0.08,1.58,278.824,4.2
11/30/2021,1773.5999755859375,96.00700378417969,66.18000030517578,22.764999389648438,4567,57005.42578,0.08,1.58,278.824,4.2
12/1/2021,1781.5999755859375,96.02400207519531,65.56999969482422,22.298999786376953,4513.040039,57229.82813,0.08,1.43,280.806,3.9
12/2/2021,1760.699951171875,96.15799713134766,66.5,22.280000686645508,4577.100098,56477.81641,0.08,1.43,280.806,3.9
12/3/2021,1782,96.11399841308594,66.26000213623047,22.44499969482422,4538.430176,53598.24609,0.08,1.43,280.806,3.9
12/6/2021,1777.5,96.33000183105469,69.48999786376953,22.22800064086914,4591.669922,50582.625,0.08,1.43,280.806,3.9
12/7/2021,1782.5999755859375,96.37000274658203,72.05000305175781,22.48699951171875,4686.75,50700.08594,0.08,1.43,280.806,3.9
12/8/2021,1783.4000244140625,95.88099670410156,72.36000061035156,22.389999389648438,4701.209961,50504.79688,0.08,1.43,280.806,3.9
12/9/2021,1774.5999755859375,96.25199890136719,70.94000244140625,21.974000930786133,4667.450195,47672.12109,0.08,1.43,280.806,3.9
12/10/2021,1782.9000244140625,96.09999847,71.66999816894531,22.15999984741211,4712.02002,47243.30469,0.08,1.43,280.806,3.9
12/13/2021,1786.300048828125,96.34500122070312,71.29000091552734,22.290000915527344,4668.970215,46737.48047,0.08,1.43,280.806,3.9
12/14/2021,1770.4000244140625,96.53800201416016,70.73000336,21.886999130249023,4634.089844,46612.63281,0.08,1.43,280.806,3.9
12/15/2021,1762.5999755859375,96.48200225830078,70.87000274658203,21.507999420166016,4709.850098,48896.72266,0.08,1.43,280.806,3.9
12/16/2021,1796.5999755859375,96.01499938964844,72.37999725341797,22.454999923706055,4668.669922,47665.42578,0.08,1.43,280.806,3.9
12/17/2021,1803.800048828125,96.54799652,70.86000061035156,22.506999969482422,4620.640137,46202.14453,0.08,1.43,280.806,3.9
12/20/2021,1793.699951171875,96.54499816894531,68.23000336,22.274999618530273,4568.02002,46880.27734,0.08,1.43,280.806,3.9
12/21/2021,1787.9000244140625,96.48899841308594,71.12000274658203,22.50200080871582,4649.22998,48936.61328,0.08,1.43,280.806,3.9
12/22/2021,1801.5999755859375,96.05899810791016,72.76000213623047,22.79199981689453,4696.560059,48628.51172,0.08,1.43,280.806,3.9
12/23/2021,1811.199951171875,95.98500061035156,73.79000091552734,22.930999755859375,4725.790039,50784.53906,0.08,1.43,280.806,3.9
12/27/2021,1808.0999755859375,96.08599853515625,75.56999969482422,22.979000091552734,4791.189941,50640.41797,0.08,1.43,280.806,3.9
12/28/2021,1810.199951171875,96.20300293,75.98000336,23.111000061035156,4786.350098,47588.85547,0.08,1.43,280.806,3.9
12/29/2021,1805.0999755859375,95.9260025,76.55999755859375,22.847999572753906,4793.060059,46444.71094,0.08,1.43,280.806,3.9
12/30/2021,1812.699951171875,95.96399688720703,76.98999786376953,23.027999877929688,4778.72998,47178.125,0.08,1.43,280.806,3.9
12/31/2021,1827.5,95.59300231933594,75.20999908447266,23.327999114990234,4766.180176,46306.44531,0.08,1.43,280.806,3.9
1/1/2022,1827.5,95.59300231933594,75.20999908447266,23.327999114990234,4766.180176,46306.44531,0.08,1.43,282.542,4
1/3/2022,1799.4000244140625,96.21099853515625,76.08000183105469,22.790000915527344,4796.560059,46458.11719,0.08,1.43,282.542,4
1/4/2022,1814,96.27400207519531,76.98999786376953,23.038000106811523,4793.540039,45897.57422,0.08,1.43,282.542,4
1/5/2022,1824.5999755859375,96.18199920654297,77.84999847,23.149999618530273,4700.580078,43569.00391,0.08,1.43,282.542,4
1/6/2022,1788.699951171875,96.32599639892578,79.45999908447266,22.173999786376953,4696.049805,43160.92969,0.08,1.43,282.542,4
1/7/2022,1797,95.72200012207031,78.90000153,22.393999099731445,4677.029785,41557.90234,0.08,1.43,282.542,4
1/10/2022,1798.4000244140625,95.98999786376953,78.23000336,22.445999145507812,4670.290039,41821.26172,0.08,1.43,282.542,4
1/11/2022,1818.5999755859375,95.625,81.22000122070312,22.805999755859375,4713.069824,42735.85547,0.08,1.43,282.542,4
1/12/2022,1827.199951171875,94.90100098,82.63999938964844,23.200000762939453,4726.350098,43949.10156,0.08,1.43,282.542,4
1/13/2022,1821.199951171875,94.77500153,82.12000274658203,23.155000686645508,4659.029785,42591.57031,0.08,1.43,282.542,4
1/14/2022,1816.5,95.16100311279297,83.81999969482422,22.910999298095703,4662.850098,43099.69922,0.08,1.43,282.542,4
1/18/2022,1812.300048828125,95.72299957,85.43000030517578,23.48699951171875,4577.109863,42375.63281,0.08,1.43,282.542,4
1/19/2022,1843.0999755859375,95.5,86.95999908447266,24.22599983215332,4532.759766,41744.32813,0.08,1.43,282.542,4
1/20/2022,1842.5,95.72499847,86.90000153,24.711000442504883,4482.72998,40680.41797,0.08,1.43,282.542,4
1/21/2022,1831.800048828125,95.63600158691406,85.13999938964844,24.31399917602539,4397.939941,36457.31641,0.08,1.43,282.542,4
1/24/2022,1841.699951171875,95.90100098,83.30999755859375,23.795000076293945,4410.129883,36654.32813,0.08,1.43,282.542,4
1/25/2022,1852.699951171875,95.9280014,85.59999847,23.895999908447266,4356.450195,36954.00391,0.08,1.43,282.542,4
1/26/2022,1829.9000244140625,96.40000153,87.34999847,23.80699920654297,4349.930176,36852.12109,0.08,1.43,282.542,4
1/27/2022,1793.300048828125,97.24199676513672,86.61000061035156,22.67300033569336,4326.509766,37138.23438,0.08,1.43,282.542,4
1/28/2022,1784.9000244140625,97.26599884033203,86.81999969482422,22.302000045776367,4431.850098,37784.33203,0.08,1.43,282.542,4
1/31/2022,1795,96.53700256347656,88.15000153,22.395000457763672,4515.549805,38483.125,0.08,1.43,282.542,4
2/1/2022,1800.300048828125,96.375,88.19999694824219,22.59600067138672,4546.540039,38743.27344,0.08,1.81,284.525,3.8
2/2/2022,1809.199951171875,95.93499755859375,88.26000213623047,22.711000442504883,4589.379883,36952.98438,0.08,1.81,284.525,3.8
2/3/2022,1803,95.37899780273438,90.26999664,22.375,4477.439941,37154.60156,0.08,1.81,284.525,3.8
2/4/2022,1806.5999755859375,95.48000336,92.30999755859375,22.475000381469727,4500.529785,41500.875,0.08,1.81,284.525,3.8
2/7/2022,1820.5999755859375,95.39199829101562,91.31999969482422,23.076000213623047,4483.870117,43840.28516,0.08,1.81,284.525,3.8
2/8/2022,1826.5999755859375,95.64099884033203,89.36000061035156,23.19499969482422,4521.540039,44118.44531,0.08,1.81,284.525,3.8
2/9/2022,1835.199951171875,95.49400329589844,89.66000366210938,23.336000442504883,4587.180176,44338.79688,0.08,1.81,284.525,3.8
2/10/2022,1836.199951171875,95.54799652,89.87999725341797,23.518999099731445,4504.080078,43565.11328,0.08,1.81,284.525,3.8
2/11/2022,1840.800048828125,96.07299805,93.09999847,23.365999221801758,4418.640137,42407.9375,0.08,1.81,284.525,3.8
2/14/2022,1868,96.35600280761719,95.45999908447266,23.844999313354492,4401.669922,42586.91797,0.08,1.81,284.525,3.8
2/15/2022,1854.800048828125,95.99299621582031,92.06999969482422,23.33799934387207,4471.069824,44575.20313,0.08,1.81,284.525,3.8
2/16/2022,1870.199951171875,95.6969986,93.66000366210938,23.60099983215332,4475.009766,43961.85938,0.08,1.81,284.525,3.8
2/17/2022,1900.699951171875,95.8030014,91.76000213623047,23.874000549316406,4380.259766,40538.01172,0.08,1.81,284.525,3.8
2/18/2022,1898.5999755859375,96.02200317382812,91.06999969482422,23.990999221801758,4348.870117,40030.97656,0.08,1.81,284.525,3.8
2/22/2022,1906.0999755859375,96.01100158691406,92.34999847,24.31100082397461,4304.759766,38286.02734,0.08,1.81,284.525,3.8
2/23/2022,1909.199951171875,96.18800354003906,92.09999847,24.55500030517578,4225.5,37296.57031,0.08,1.81,284.525,3.8
2/24/2022,1925.0999755859375,97.11799621582031,92.80999755859375,24.68600082397461,4288.700195,38332.60938,0.08,1.81,284.525,3.8
2/25/2022,1886.5,96.61900329589844,91.58999633789062,23.996999740600586,4384.649902,39214.21875,0.08,1.81,284.525,3.8
2/28/2022,1899.4000244140625,96.69400024414062,95.72000122070312,24.361000061035156,4373.939941,43193.23438,0.08,1.81,284.525,3.8
3/1/2022,1942.4000244140625,97.40599822998047,103.41000366210938,25.534000396728516,4306.259766,44354.63672,0.2,1.72,287.467,3.7
3/2/2022,1920.9000244140625,97.41400146484375,110.5999984741211,25.183000564575195,4386.540039,43924.11719,0.2,1.72,287.467,3.7
3/3/2022,1934.4000244140625,97.79100036621094,107.66999816894531,25.204999923706055,4363.490234,42451.78906,0.2,1.72,287.467,3.7
3/4/2022,1965.0999755859375,98.67099762,115.68000030517578,25.781999588012695,4328.870117,39137.60547,0.2,1.72,287.467,3.7
3/7/2022,1993.9000244140625,99.29499816894531,119.4000015258789,25.71299934387207,4201.089844,38062.03906,0.2,1.72,287.467,3.7
3/8/2022,2040.0999755859375,99.08000183105469,123.69999694824219,26.88800048828125,4170.700195,38737.26953,0.2,1.72,287.467,3.7
3/9/2022,1985.9000244140625,97.95300293,108.69999694824219,25.756999969482422,4277.879883,41982.92578,0.2,1.72,287.467,3.7
3/10/2022,1998.0999755859375,98.50399780273438,106.0199966430664,26.20199966430664,4259.52002,39437.46094,0.2,1.72,287.467,3.7
3/11/2022,1982.699951171875,99.12999725341797,109.33000183105469,26.106000900268555,4204.310059,38794.97266,0.2,1.72,287.467,3.7
3/14/2022,1959.5999755859375,98.87899780273438,103.01000213623047,25.243999481201172,4173.109863,39666.75391,0.2,1.72,287.467,3.7
3/15/2022,1928.5,99.06400299072266,96.44000244140625,25.12299919128418,4262.450195,39338.78516,0.2,1.72,287.467,3.7
3/16/2022,1908,98.62100219726562,95.04000091552734,24.670000076293945,4357.859863,41143.92969,0.2,1.72,287.467,3.7
3/17/2022,1942.0999755859375,97.97499847,102.9800033569336,25.583999633789062,4411.669922,40951.37891,0.2,1.72,287.467,3.7
3/18/2022,1928.199951171875,98.22699737548828,104.69999694824219,25.05500030517578,4463.120117,41801.15625,0.2,1.72,287.467,3.7
3/21/2022,1928.5999755859375,98.49900055,112.12000274658203,25.281999588012695,4461.180176,41077.99609,0.2,1.72,287.467,3.7
3/22/2022,1920.699951171875,98.52300262451172,111.76000213623047,24.885000228881836,4511.609863,42358.80859,0.2,1.72,287.467,3.7
3/23/2022,1936.5999755859375,98.61499786376953,114.93000030517578,25.170000076293945,4456.240234,42892.95703,0.2,1.72,287.467,3.7
3/24/2022,1961.5999755859375,98.80000305175781,112.33999633789062,25.899999618530273,4520.160156,43960.93359,0.2,1.72,287.467,3.7
3/25/2022,1953.800048828125,98.8219986,113.9000015258789,25.594999313354492,4543.060059,44348.73047,0.2,1.72,287.467,3.7
3/28/2022,1939.5999755859375,99.05500030517578,105.95999908447266,25.176000595092773,4575.52002,47128.00391,0.2,1.72,287.467,3.7
3/29/2022,1912,98.44100189208984,104.23999786376953,24.715999603271484,4631.600098,47465.73047,0.2,1.72,287.467,3.7
3/30/2022,1933.5,97.875,107.81999969482422,25.10300064086914,4602.450195,47062.66406,0.2,1.72,287.467,3.7
3/31/2022,1949.199951171875,98.36000061035156,100.27999877929688,25.121000289916992,4530.410156,45538.67578,0.2,1.72,287.467,3.7
4/1/2022,1919.0999755859375,98.62699890136719,99.26999664,24.642000198364258,4545.859863,46281.64453,0.33,2.39,288.582,3.7
4/4/2022,1929.199951171875,98.97399902,103.27999877929688,24.583999633789062,4582.640137,46622.67578,0.33,2.39,288.582,3.7
4/5/2022,1922.9000244140625,99.4280014,101.95999908447266,24.527999877929688,4525.120117,45555.99219,0.33,2.39,288.582,3.7
4/6/2022,1918.4000244140625,99.61499786376953,96.23000336,24.454999923706055,4481.149902,43206.73828,0.33,2.39,288.582,3.7
4/7/2022,1933.800048828125,99.76000213623047,96.02999877929688,24.732999801635742,4500.209961,43503.84766,0.33,2.39,288.582,3.7
4/8/2022,1941.5999755859375,99.75299835205078,98.26000213623047,24.819000244140625,4488.279785,42287.66406,0.33,2.39,288.582,3.7
4/11/2022,1944.300048828125,99.92400360107422,94.29000091552734,24.97800064086914,4412.529785,39521.90234,0.33,2.39,288.582,3.7
4/12/2022,1972.0999755859375,100.29199981689453,100.5999984741211,25.725000381469727,4397.450195,40127.18359,0.33,2.39,288.582,3.7
4/13/2022,1981,99.91300201416016,104.25,26.020000457763672,4446.589844,41166.73047,0.33,2.39,288.582,3.7
4/14/2022,1970.9000244140625,100.32599639892578,106.94999694824219,25.690000534057617,4392.589844,39935.51563,0.33,2.39,288.582,3.7
4/18/2022,1982.9000244140625,100.76599884033203,108.20999908447266,26.139999389648438,4391.689941,40826.21484,0.33,2.39,288.582,3.7
4/19/2022,1955.699951171875,100.96399688720703,102.55999755859375,25.391000747680664,4462.209961,41502.75,0.33,2.39,288.582,3.7
4/20/2022,1952.300048828125,100.41699981689453,102.75,25.270000457763672,4459.450195,41374.37891,0.33,2.39,288.582,3.7
4/21/2022,1944.9000244140625,100.61399841308594,103.79000091552734,24.621000289916992,4393.660156,40527.36328,0.33,2.39,288.582,3.7
4/22/2022,1931,101.21299743652344,102.06999969482422,24.256999969482422,4271.779785,39740.32031,0.33,2.39,288.582,3.7
4/25/2022,1893.199951171875,101.76899719238281,98.54000091552734,23.667999267578125,4296.120117,40458.30859,0.33,2.39,288.582,3.7
4/26/2022,1901.4000244140625,102.31800079345703,101.69999694824219,23.54199981689453,4175.200195,38117.46094,0.33,2.39,288.582,3.7
4/27/2022,1885.9000244140625,102.96299743652344,102.0199966430664,23.45800018310547,4183.959961,39241.12109,0.33,2.39,288.582,3.7
4/28/2022,1888.699951171875,103.65899658203125,105.36000061035156,23.128999710083008,4287.5,39773.82813,0.33,2.39,288.582,3.7
4/29/2022,1909.300048828125,102.96299743652344,104.69000244140625,23.040000915527344,4131.930176,38609.82422,0.33,2.39,288.582,3.7
5/1/2022,1909.300048828125,102.96299743652344,104.69000244140625,23.040000915527344,4131.930176,38609.82422,0.77,2.39,291.299,3.6
5/2/2022,1861.800048828125,103.76599884033203,105.16999816894531,22.54400062561035,4155.379883,38529.32813,0.77,2.39,291.299,3.6
5/3/2022,1868.800048828125,103.49600219726562,102.41000366210938,22.621000289916992,4175.47998,37750.45313,0.77,2.39,291.299,3.6
5/4/2022,1867,102.59400177001953,107.80999755859375,22.36199951171875,4300.169922,39698.37109,0.77,2.39,291.299,3.6
5/5/2022,1874,103.802002,108.26000213623047,22.399999618530273,4146.870117,36575.14063,0.77,2.39,291.299,3.6
5/6/2022,1881.199951171875,103.69400024414062,109.7699966430664,22.325000762939453,4123.339844,36040.92188,0.77,2.39,291.299,3.6
5/9/2022,1857.0999755859375,103.68900299072266,103.08999633789062,21.781999588012695,3991.239990234375,30296.95313,0.77,2.39,291.299,3.6
5/10/2022,1839.9000244140625,103.94300079345703,99.76000213623047,21.389999389648438,4001.050048828125,31022.90625,0.77,2.39,291.299,3.6
5/11/2022,1852.5999755859375,103.8740005493164,105.70999908447266,21.549999237060547,3935.179931640625,28936.35547,0.77,2.39,291.299,3.6
5/12/2022,1823.800048828125,104.89700317382812,106.12999725341797,20.756999969482422,3930.080078,29047.75195,0.77,2.39,291.299,3.6
5/13/2022,1807.4000244140625,104.62100219726562,110.48999786376953,20.983999252319336,4023.889892578125,29283.10352,0.77,2.39,291.299,3.6
5/16/2022,1813.5,104.19999694824219,114.19999694824219,21.53499984741211,4008.010009765625,29862.91797,0.77,2.39,291.299,3.6
5/17/2022,1818.199951171875,103.40699768066406,112.4000015258789,21.73699951171875,4088.850098,30425.85742,0.77,2.39,291.299,3.6
5/18/2022,1815.9000244140625,103.86199951171875,109.58999633789062,21.533000946044922,3923.679931640625,28720.27148,0.77,2.39,291.299,3.6
5/19/2022,1841.199951171875,102.7509994506836,112.20999908447266,21.898000717163086,3900.790039,30314.33398,0.77,2.39,291.299,3.6
5/20/2022,1841.800048828125,103.1729965209961,113.2300033569336,21.66900062561035,3901.360107421875,29200.74023,0.77,2.39,291.299,3.6
5/23/2022,1847.800048828125,102.09700012207031,110.29000091552734,21.722999572753906,3973.75,29098.91016,0.77,2.39,291.299,3.6
5/24/2022,1865.0999755859375,101.87000274658203,109.7699966430664,22.062999725341797,3941.47998,29655.58594,0.77,2.39,291.299,3.6
5/25/2022,1846.199951171875,102.0770034790039,110.33000183105469,21.860000610351562,3978.72998,29562.36133,0.77,2.39,291.299,3.6
5/26/2022,1847.4000244140625,101.85800170898438,114.08999633789062,21.94099998474121,4057.840087890625,29267.22461,0.77,2.39,291.299,3.6
5/27/2022,1851.300048828125,101.697998,115.06999969482422,22.059999465942383,4158.240234,28627.57422,0.77,2.39,291.299,3.6
5/31/2022,1842.699951171875,101.76599884033203,114.66999816894531,21.650999069213867,4132.149902,31792.31055,0.77,2.39,291.299,3.6
6/1/2022,1843.300048828125,102.52899932861328,115.26000213623047,21.884000778198242,4101.22998,29799.08008,1.21,2.94,295.072,3.6
6/2/2022,1866.5,101.83200073242188,116.87000274658203,22.253999710083008,4176.819824,30467.48828,1.21,2.94,295.072,3.6
6/3/2022,1845.4000244140625,102.16000366210938,118.87000274658203,21.889999389648438,4108.540039,29704.39063,1.21,2.94,295.072,3.6
6/6/2022,1839.199951171875,102.4469985961914,118.5,22.073999404907227,4121.430176,31370.67188,1.21,2.94,295.072,3.6
6/7/2022,1847.5,102.32499694824219,119.41000366210938,22.159000396728516,4160.680176,31155.47852,1.21,2.94,295.072,3.6
6/8/2022,1851.9000244140625,102.5459976196289,122.11000061035156,22.073999404907227,4115.77002,30214.35547,1.21,2.94,295.072,3.6
6/9/2022,1848.800048828125,103.21800231933594,121.51000213623047,21.797000885009766,4017.820068359375,30111.99805,1.21,2.94,295.072,3.6
6/10/2022,1871.5,104.1510009765625,120.66999816894531,21.913000106811523,3900.860107421875,29083.80469,1.21,2.94,295.072,3.6
6/13/2022,1828,104.9469985961914,120.93000030517578,21.236000061035156,3749.629883,22487.38867,1.21,2.94,295.072,3.6
6/14/2022,1809.5,105.34200286865234,118.93000030517578,20.93600082397461,3735.47998,22206.79297,1.21,2.94,295.072,3.6
6/15/2022,1815.300048828125,104.93499755859375,115.30999755859375,21.402000427246094,3789.989990234375,22572.83984,1.21,2.94,295.072,3.6
6/16/2022,1845.699951171875,103.41699981689453,117.58999633789062,21.867000579833984,3666.77002,20381.65039,1.21,2.94,295.072,3.6
6/17/2022,1835.5999755859375,104.48799896240234,109.55999755859375,21.572999954223633,3674.840087890625,20471.48242,1.21,2.94,295.072,3.6
6/21/2022,1834.5999755859375,104.21099853515625,110.6500015258789,21.753999710083008,3764.790039,20710.59766,1.21,2.94,295.072,3.6
6/22/2022,1834.300048828125,103.98100280761719,106.19000244140625,21.406999588012695,3759.889892578125,19987.0293,1.21,2.94,295.072,3.6
6/23/2022,1825.699951171875,104.19200134277344,104.2699966430664,21.031999588012695,3795.72998,21085.87695,1.21,2.94,295.072,3.6
6/24/2022,1826.5,103.95899963378906,107.62000274658203,21.115999221801758,3911.739990234375,21231.65625,1.21,2.94,295.072,3.6
6/27/2022,1820.9000244140625,103.6780014038086,109.56999969482422,21.159000396728516,3900.110107421875,20735.47852,1.21,2.94,295.072,3.6
6/28/2022,1817.5,104.26100158691406,111.76000213623047,20.797000885009766,3821.550048828125,20280.63477,1.21,2.94,295.072,3.6
6/29/2022,1813.699951171875,104.8489990234375,109.77999877929688,20.667999267578125,3818.830078,20104.02344,1.21,2.94,295.072,3.6
6/30/2022,1804.0999755859375,104.46399688720703,105.76000213623047,20.281999588012695,3785.379883,19784.72656,1.21,2.94,295.072,3.6
7/1/2022,1798.9000244140625,104.90899658203125,108.43000030517578,19.597000122070312,3825.330078,19269.36719,1.68,2.88,294.94,3.5
7/5/2022,1761.800048828125,106.31999969482422,99.5,19.052000045776367,3831.389892578125,20190.11523,1.68,2.88,294.94,3.5
7/6/2022,1734.9000244140625,106.89800262451172,98.52999877929688,19.084999084472656,3845.080078,20548.24609,1.68,2.88,294.94,3.5
7/7/2022,1737.9000244140625,106.95899963378906,102.7300033569336,19.121999740600586,3902.620117,21637.58789,1.68,2.88,294.94,3.5
7/8/2022,1740.5999755859375,106.82099914550781,104.79000091552734,19.16699981689453,3899.379883,21731.11719,1.68,2.88,294.94,3.5
7/11/2022,1730,107.8290023803711,104.08999633789062,19.066999435424805,3854.429931640625,19970.55664,1.68,2.88,294.94,3.5
7/12/2022,1723.300048828125,107.91200256347656,95.83999633789062,18.89900016784668,3818.800048828125,19323.91406,1.68,2.88,294.94,3.5
7/13/2022,1734.199951171875,107.75599670410156,96.30000305175781,19.13800048828125,3801.780029296875,20212.07422,1.68,2.88,294.94,3.5
7/14/2022,1704.5,108.40699768066406,95.77999877929688,18.16900062561035,3790.379883,20569.91992,1.68,2.88,294.94,3.5
7/15/2022,1702.4000244140625,107.91100311279297,97.58999633789062,18.54800033569336,3863.159912109375,20836.32813,1.68,2.88,294.94,3.5
7/18/2022,1709.199951171875,107.23100280761719,102.5999984741211,18.791000366210938,3830.850098,22485.68945,1.68,2.88,294.94,3.5
7/19/2022,1710,106.55000305175781,104.22000122070312,18.670000076293945,3936.689941,23389.43359,1.68,2.88,294.94,3.5
7/20/2022,1699.5,106.9530029296875,102.26000213623047,18.638999938964844,3959.899902,23231.73242,1.68,2.88,294.94,3.5
7/21/2022,1712.699951171875,106.80400085449219,96.34999847,18.687000274658203,3998.949951171875,23164.62891,1.68,2.88,294.94,3.5
7/22/2022,1727.0999755859375,106.62100219726562,94.69999694824219,18.584999084472656,3961.629883,22714.97852,1.68,2.88,294.94,3.5
7/25/2022,1719,106.3550033569336,96.69999694824219,18.29400062561035,3966.840087890625,21361.70117,1.68,2.88,294.94,3.5
7/26/2022,1717.699951171875,107.04399871826172,94.98000336,18.48699951171875,3921.050048828125,21239.75391,1.68,2.88,294.94,3.5
7/27/2022,1719.0999755859375,106.33100128173828,97.26000213623047,18.55299949645996,4023.610107421875,22930.54883,1.68,2.88,294.94,3.5
7/28/2022,1750.300048828125,106.23600006103516,96.41999816894531,19.82699966430664,4072.429931640625,23843.88672,1.68,2.88,294.94,3.5
7/29/2022,1762.9000244140625,105.77899932861328,98.62000274658203,20.15600014,4130.290039,23804.63281,1.68,2.88,294.94,3.5
8/1/2022,1769,105.33599853515625,93.88999938964844,20.32200050354004,4118.629883,23314.19922,2.33,2.6,295.162,3.6
8/2/2022,1771.0999755859375,106.10399627685547,94.41999816894531,20.104999542236328,4091.189941,22978.11719,2.33,2.6,295.162,3.6
8/3/2022,1758,106.37699890136719,90.66000366210938,19.864999771118164,4155.169922,22846.50781,2.33,2.6,295.162,3.6
8/4/2022,1788.5,105.56600189208984,88.54000091552734,20.099000930786133,4151.939941,22630.95703,2.33,2.6,295.162,3.6
8/5/2022,1772.9000244140625,106.48999786376953,89.01000213623047,19.819000244140625,4145.189941,23289.31445,2.33,2.6,295.162,3.6
8/8/2022,1786.800048828125,106.322998,90.76000213623047,20.591999053955078,4140.060059,23809.48633,2.33,2.6,295.162,3.6
8/9/2022,1794,106.25199890136719,90.5,20.45800018310547,4122.470215,23164.31836,2.33,2.6,295.162,3.6
8/10/2022,1795.5999755859375,105.08000183105469,91.93000030517578,20.718000411987305,4210.240234,23947.64258,2.33,2.6,295.162,3.6
8/11/2022,1789.699951171875,104.99400329589844,94.33999633789062,20.326000213623047,4207.27002,23957.5293,2.33,2.6,295.162,3.6
8/12/2022,1798.5999755859375,105.51000213623047,92.08999633789062,20.677000045776367,4280.149902,24402.81836,2.33,2.6,295.162,3.6
8/15/2022,1781.4000244140625,106.43299865722656,89.41000366210938,20.250999450683594,4297.140137,24136.97266,2.33,2.6,295.162,3.6
8/16/2022,1773.199951171875,106.38800048828125,86.52999877929688,20.065000534057617,4305.200195,23883.29102,2.33,2.6,295.162,3.6
8/17/2022,1760.300048828125,106.48600006103516,88.11000061035156,19.711000442504883,4274.040039,23335.99805,2.33,2.6,295.162,3.6
8/18/2022,1755.300048828125,107.41500091552734,90.5,19.447999954223633,4283.740234,23212.73828,2.33,2.6,295.162,3.6
8/19/2022,1747.5999755859375,108.0979995727539,90.76999664,19.058000564575195,4228.47998,20877.55273,2.33,2.6,295.162,3.6
8/22/2022,1734,108.98100280761719,90.23000336,18.87299919128418,4137.990234,21398.9082,2.33,2.6,295.162,3.6
8/23/2022,1746.800048828125,108.55400085449219,93.73999786376953,19.011999130249023,4128.72998,21528.08789,2.33,2.6,295.162,3.6
8/24/2022,1747.800048828125,108.61599731445312,94.88999938964844,18.895000457763672,4140.77002,21395.01953,2.33,2.6,295.162,3.6
8/25/2022,1757.699951171875,108.43299865722656,92.51999664,19.111000061035156,4199.120117,21600.9043,2.33,2.6,295.162,3.6
8/26/2022,1736.0999755859375,108.7509994506836,93.05999755859375,18.739999771118164,4057.659912109375,20260.01953,2.33,2.6,295.162,3.6
8/29/2022,1736.5999755859375,108.79000091552734,97.01000213623047,18.55500030517578,4030.610107421875,20297.99414,2.33,2.6,295.162,3.6
8/30/2022,1723.199951171875,108.7490005493164,91.63999938964844,18.159000396728516,3986.159912109375,19796.80859,2.33,2.6,295.162,3.6
8/31/2022,1712.800048828125,108.66500091552734,89.55000305175781,17.761999130249023,3955,20049.76367,2.33,2.6,295.162,3.6
9/1/2022,1696.5999755859375,109.6780014038086,86.61000061035156,17.551000595092773,3966.850098,20127.14063,2.56,3.26,296.421,3.5
9/2/2022,1709.800048828125,109.51000213623047,86.87000274658203,17.775999069213867,3924.260009765625,19969.77148,2.56,3.26,296.421,3.5
9/6/2022,1700.4000244140625,110.2040023803711,86.87999725341797,17.795000076293945,3908.189941,18837.66797,2.56,3.26,296.421,3.5
9/7/2022,1715.300048828125,109.83200073242188,81.94000244140625,18.136999130249023,3979.870117,19290.32422,2.56,3.26,296.421,3.5
9/8/2022,1708,109.71299743652344,83.54000091552734,18.329999923706055,4006.179931640625,19329.83398,2.56,3.26,296.421,3.5
9/9/2022,1716.199951171875,108.99700164794922,86.79000091552734,18.658000946044922,4067.360107421875,21381.15234,2.56,3.26,296.421,3.5
9/12/2022,1728.0999755859375,108.31600189208984,87.77999877929688,19.75499916,4110.410156,22370.44922,2.56,3.26,296.421,3.5
9/13/2022,1705,109.80899810791016,87.30999755859375,19.389999389648438,3932.689941,20296.70703,2.56,3.26,296.421,3.5
9/14/2022,1696.5,109.63099670410156,88.48000336,19.47100067138672,3946.010009765625,20241.08984,2.56,3.26,296.421,3.5
9/15/2022,1665.4000244140625,109.71099853515625,85.09999847,19.174999237060547,3901.350098,19701.21094,2.56,3.26,296.421,3.5
9/16/2022,1671.699951171875,109.73600006103516,85.11000061035156,19.29599952697754,3873.330078,19772.58398,2.56,3.26,296.421,3.5
9/19/2022,1666.199951171875,109.98200225830078,85.73000336,19.273000717163086,3899.889892578125,19544.12891,2.56,3.26,296.421,3.5
9/20/2022,1659.699951171875,109.94200134277344,84.44999694824219,19.101999282836914,3855.929931640625,18890.78906,2.56,3.26,296.421,3.5
9/21/2022,1664.5999755859375,110.34600067138672,82.94000244140625,19.410999298095703,3789.929931640625,18547.40039,2.56,3.26,296.421,3.5
9/22/2022,1670.800048828125,111.1050033569336,83.48999786376953,19.54800033569336,3757.989990234375,19413.55078,2.56,3.26,296.421,3.5
9/23/2022,1645.300048828125,112.96199798583984,78.73999786376953,18.840999603271484,3693.22998,19297.63867,2.56,3.26,296.421,3.5
9/26/2022,1623.300048828125,114.0199966430664,76.70999908447266,18.40600014,3655.040039,19222.67188,2.56,3.26,296.421,3.5
9/27/2022,1626.699951171875,114.0469970703125,78.5,18.256999969482422,3647.290039,19110.54688,2.56,3.26,296.421,3.5
9/28/2022,1660.4000244140625,112.50800323486328,82.15000153,18.79599952697754,3719.040039,19426.7207,2.56,3.26,296.421,3.5
9/29/2022,1658.5,112.2020034790039,81.23000336,18.611000061035156,3640.469970703125,19573.05078,2.56,3.26,296.421,3.5
9/30/2022,1662.4000244140625,112.08399963378906,79.48999786376953,18.959999084472656,3585.620117,19431.78906,2.56,3.26,296.421,3.5
10/1/2022,1662.4000244140625,112.08399963378906,79.48999786376953,18.959999084472656,3585.620117,19431.78906,3.08,3.26,297.979,3.6
10/3/2022,1692.9000244140625,111.65599822998047,83.62999725341797,20.518999099731445,3678.429931640625,19623.58008,3.08,3.26,297.979,3.6
10/4/2022,1721.0999755859375,109.98100280761719,86.51999664,21.03700065612793,3790.929931640625,20336.84375,3.08,3.26,297.979,3.6
10/5/2022,1711.4000244140625,111.01100158691406,87.76000213623047,20.479000091552734,3783.280029296875,20160.7168,3.08,3.26,297.979,3.6
10/6/2022,1711.699951171875,112.18299865722656,88.44999694824219,20.594999313354492,3744.52002,19955.44336,3.08,3.26,297.979,3.6
10/7/2022,1700.5,112.68299865722656,92.63999938964844,20.191999435424805,3639.659912109375,19546.84961,3.08,3.26,297.979,3.6
10/10/2022,1667.300048828125,113.07099914550781,91.12999725341797,19.555999755859375,3612.389892578125,19141.48438,3.08,3.26,297.979,3.6
10/11/2022,1678.699951171875,113.12799835205078,89.34999847,19.427000045776367,3588.840087890625,19051.41797,3.08,3.26,297.979,3.6
10/12/2022,1670.300048828125,113.2239990234375,87.26999664,18.878000259399414,3577.030029296875,19157.44531,3.08,3.26,297.979,3.6
10/13/2022,1670,112.25299835205078,89.11000061035156,18.857999801635742,3669.909912109375,19382.9043,3.08,3.26,297.979,3.6
10/14/2022,1641.699951171875,113.2020034790039,85.61000061035156,18.014999389648438,3583.070068359375,19185.65625,3.08,3.26,297.979,3.6
10/17/2022,1657,111.90799713134766,85.45999908447266,18.673999786376953,3677.949951171875,19550.75781,3.08,3.26,297.979,3.6
10/18/2022,1649,111.99400329589844,82.81999969482422,18.570999145507812,3719.97998,19334.41602,3.08,3.26,297.979,3.6
10/19/2022,1627.5,112.87899780273438,85.55000305175781,18.336000442504883,3695.159912109375,19139.53516,3.08,3.26,297.979,3.6
10/20/2022,1630.800048828125,112.81800079345703,85.98000336,18.666000366210938,3665.780029296875,19053.74023,3.08,3.26,297.979,3.6
10/21/2022,1651,111.9800033569336,85.05000305175781,19.042999267578125,3752.75,19172.46875,3.08,3.26,297.979,3.6
10/24/2022,1648.699951171875,111.90899658203125,84.58000183105469,19.173999786376953,3797.340087890625,19345.57227,3.08,3.26,297.979,3.6
10/25/2022,1652.800048828125,110.83000183105469,85.31999969482422,19.339000701904297,3859.110107421875,20095.85742,3.08,3.26,297.979,3.6
10/26/2022,1664,109.552002,87.91000366210938,19.479999542236328,3830.600098,20770.44141,3.08,3.26,297.979,3.6
10/27/2022,1660.699951171875,110.4530029296875,89.08000183105469,19.47800064086914,3807.300048828125,20285.83594,3.08,3.26,297.979,3.6
10/28/2022,1639.5999755859375,110.60600280761719,87.90000153,19.14699935913086,3901.060059,20595.35156,3.08,3.26,297.979,3.6
10/31/2022,1635.9000244140625,111.41999816894531,86.52999877929688,19.125,3871.97998,20495.77344,3.08,3.26,297.979,3.6
11/1/2022,1645,111.35900115966797,88.37000274658203,19.67300033569336,3856.100098,20485.27344,3.78,4.07,298.708,3.6
11/2/2022,1645.699951171875,111.22599792480469,90,19.600000381469727,3759.689941,20159.50391,3.78,4.07,298.708,3.6
11/3/2022,1627.300048828125,112.80400085449219,88.16999816894531,19.43600082397461,3719.889892578125,20209.98828,3.78,4.07,298.708,3.6
11/4/2022,1672.5,110.77400207519531,92.61000061035156,20.790000915527344,3770.550048828125,21147.23047,3.78,4.07,298.708,3.6
11/7/2022,1676.5,109.99299621582031,91.79000091552734,20.898000717163086,3806.800048828125,20602.81641,3.78,4.07,298.708,3.6
11/8/2022,1712.0999755859375,109.54199981689453,88.91000366210938,21.476999282836914,3828.110107421875,18541.27148,3.78,4.07,298.708,3.6
11/9/2022,1710.0999755859375,110.45999908447266,85.83000183105469,21.29800033569336,3748.570068359375,15880.78027,3.78,4.07,298.708,3.6
11/10/2022,1750.300048828125,108.09200286865234,86.47000122070312,21.677000045776367,3956.370117,17586.77148,3.78,4.07,298.708,3.6
11/11/2022,1766,106.16400146484375,88.95999908447266,21.645999908447266,3992.929931640625,17034.29297,3.78,4.07,298.708,3.6
11/14/2022,1773.5999755859375,106.53099822998047,85.87000274658203,22.091999053955078,3957.25,16618.19922,3.78,4.07,298.708,3.6
11/15/2022,1773.800048828125,106.29499816894531,86.91999816894531,21.499000549316406,3991.72998,16884.61328,3.78,4.07,298.708,3.6
11/16/2022,1773,106.1520004272461,85.58999633789062,21.503999710083008,3958.790039,16669.43945,3.78,4.07,298.708,3.6
11/17/2022,1760.800048828125,106.59200286865234,81.63999938964844,20.954999923706055,3946.560059,16687.51758,3.78,4.07,298.708,3.6
11/18/2022,1751.9000244140625,106.82599639892578,80.08000183105469,20.97599983215332,3965.340087890625,16697.77734,3.78,4.07,298.708,3.6
11/21/2022,1737.4000244140625,107.73200225830078,79.73000336,20.849000930786133,3949.939941,15787.28418,3.78,4.07,298.708,3.6
11/22/2022,1738.300048828125,107.11499786376953,80.94999694824219,21.034000396728516,4003.580078,16189.76953,3.78,4.07,298.708,3.6
11/23/2022,1744.9000244140625,105.96700286865234,77.94000244140625,21.35700035095215,4027.260009765625,16610.70703,3.78,4.07,298.708,3.6
11/25/2022,1753.300048828125,105.91699981689453,76.27999877929688,21.424999237060547,4026.120117,16521.8418,3.78,4.07,298.708,3.6
11/28/2022,1740.0999755859375,106.63200378417969,77.23999786376953,20.90999984741211,3963.939941,16217.32227,3.78,4.07,298.708,3.6
11/29/2022,1748.4000244140625,106.76799774169922,78.19999694824219,21.20400047302246,3957.629883,16444.98242,3.78,4.07,298.708,3.6
11/30/2022,1746,105.89700317382812,80.55000305175781,21.549999237060547,4080.110107421875,17168.56641,3.78,4.07,298.708,3.6
12/1/2022,1801.0999755859375,104.68900299072266,81.22000122070312,22.636999130249023,4076.570068359375,16967.13281,4.1,3.53,298.808,3.5
12/2/2022,1795.9000244140625,104.5,79.98000336,23.038000106811523,4071.699951171875,17088.66016,4.1,3.53,298.808,3.5
12/5/2022,1767.4000244140625,105.23899841308594,76.93000030517578,22.198999404907227,3998.840087890625,16974.82617,4.1,3.53,298.808,3.5
12/6/2022,1769.300048828125,105.54199981689453,74.25,22.12299919128418,3941.260009765625,17089.50391,4.1,3.53,298.808,3.5
12/7/2022,1785.5,105.05599975585938,72.01000213623047,22.709999084472656,3933.919922,16848.12695,4.1,3.53,298.808,3.5
12/8/2022,1788.699951171875,104.75599670410156,71.45999908447266,23.062999725341797,3963.510009765625,17233.47461,4.1,3.53,298.808,3.5
12/9/2022,1798.0999755859375,104.79900360107422,71.01999664,23.53499984741211,3934.379883,17133.15234,4.1,3.53,298.808,3.5
12/12/2022,1780.5,105.10399627685547,73.16999816894531,23.219999313354492,3990.560059,17206.4375,4.1,3.53,298.808,3.5
12/13/2022,1813.9000244140625,103.94300079345703,75.38999938964844,23.801000595092773,4019.649902,17781.31836,4.1,3.53,298.808,3.5
12/14/2022,1807.5,103.73899841308594,77.27999877929688,23.945999145507812,3995.320068359375,17815.65039,4.1,3.53,298.808,3.5
12/15/2022,1777.199951171875,104.53199768066406,76.11000061035156,23.128000259399414,3895.75,17364.86523,4.1,3.53,298.808,3.5
12/16/2022,1790,104.66100311279297,74.29000091552734,23.150999069213867,3852.360107421875,16647.48438,4.1,3.53,298.808,3.5
12/19/2022,1787.699951171875,104.59500122070312,75.19000244140625,23.02899932861328,3817.659912109375,16439.67969,4.1,3.53,298.808,3.5
12/20/2022,1815.9000244140625,103.60600280761719,76.08999633789062,24.09399986,3821.620117,16906.30469,4.1,3.53,298.808,3.5
12/21/2022,1815.9000244140625,103.84700012207031,78.29000091552734,24.03499984741211,3878.439941,16817.53516,4.1,3.53,298.808,3.5
12/22/2022,1787,104.12699890136719,77.48999786376953,23.47599983215332,3822.389892578125,16830.3418,4.1,3.53,298.808,3.5
12/23/2022,1795.9000244140625,104.01000213623047,79.55999755859375,23.763999938964844,3844.820068359375,16796.95313,4.1,3.53,298.808,3.5
12/27/2022,1814.800048828125,103.89299774169922,79.52999877929688,24.040000915527344,3829.25,16717.17383,4.1,3.53,298.808,3.5
12/28/2022,1807.9000244140625,104.18199920654297,78.95999908447266,23.663000106811523,3783.219970703125,16552.57227,4.1,3.53,298.808,3.5
12/29/2022,1819.5,103.58599853515625,78.40000153,24.077999114990234,3849.280029296875,16642.3418,4.1,3.53,298.808,3.5
12/30/2022,1819.699951171875,103.26899719238281,80.26000213623047,23.86199951171875,3839.5,16602.58594,4.1,3.53,298.808,3.5
1/1/2023,1819.699951171875,103.26899719238281,80.26000213623047,23.86199951171875,3839.5,16602.58594,4.33,3.53,300.456,3.5
1/3/2023,1839.699951171875,104.31199645996094,76.93000030517578,24.05900001525879,3824.139892578125,16679.85742,4.33,3.53,300.456,3.5
1/4/2023,1852.800048828125,104.02100372314453,72.83999633789062,23.79199981689453,3852.969970703125,16863.23828,4.33,3.53,300.456,3.5
1/5/2023,1834.800048828125,104.8280029296875,73.66999816894531,23.257999420166016,3808.100098,16836.73633,4.33,3.53,300.456,3.5
1/6/2023,1864.199951171875,103.64600372314453,73.76999664,23.82200050354004,3895.080078,16951.96875,4.33,3.53,300.456,3.5
1/9/2023,1872.699951171875,102.74299621582031,74.62999725341797,23.711999893188477,3892.090087890625,17196.55469,4.33,3.53,300.456,3.5
1/10/2023,1871.5999755859375,102.9800033569336,75.12000274658203,23.506999969482422,3919.25,17446.29297,4.33,3.53,300.456,3.5
1/11/2023,1874.5999755859375,102.9280014038086,77.41000366210938,23.32699966430664,3969.610107421875,17934.89648,4.33,3.53,300.456,3.5
1/12/2023,1895.5,101.99500274658203,78.38999938964844,23.863000869750977,3983.169922,18869.58789,4.33,3.53,300.456,3.5
1/13/2023,1918.4000244140625,101.94599914550781,79.86000061035156,24.231000900268555,3999.090087890625,19909.57422,4.33,3.53,300.456,3.5
1/17/2023,1907.199951171875,102.14099884033203,80.18000030517578,23.944000244140625,3990.969970703125,21161.51953,4.33,3.53,300.456,3.5
1/18/2023,1904.4000244140625,102.10700225830078,79.48000336,23.530000686645508,3928.860107421875,20688.78125,4.33,3.53,300.456,3.5
1/19/2023,1922.0999755859375,101.83100128173828,80.33000183105469,23.753999710083008,3898.850098,21086.79297,4.33,3.53,300.456,3.5
1/20/2023,1926.4000244140625,101.78099822998047,81.30999755859375,23.829999923706055,3972.610107421875,22676.55273,4.33,3.53,300.456,3.5
1/23/2023,1927.0999755859375,101.91600036621094,81.62000274658203,23.45199966430664,4019.810059,22934.43164,4.33,3.53,300.456,3.5
1/24/2023,1933.9000244140625,101.67500305175781,80.12999725341797,23.64900016784668,4016.949951171875,22636.46875,4.33,3.53,300.456,3.5
1/25/2023,1941.199951171875,101.41600036621094,80.15000153,23.839000701904297,4016.219970703125,23117.85938,4.33,3.53,300.456,3.5
1/26/2023,1929.0999755859375,101.63800048828125,81.01000213623047,23.93000030517578,4060.429931640625,23032.77734,4.33,3.53,300.456,3.5
1/27/2023,1928.5999755859375,101.72100067138672,79.68000030517578,23.527000427246094,4070.560059,23078.72852,4.33,3.53,300.456,3.5
1/30/2023,1922.9000244140625,102.08599853515625,77.90000153,23.645000457763672,4017.77002,22840.13867,4.33,3.53,300.456,3.5
1/31/2023,1929.5,101.91500091552734,78.87000274658203,23.74799919128418,4076.600098,23139.2832,4.33,3.53,300.456,3.5
2/1/2023,1927.800048828125,101.02799987792969,76.41000366210938,23.520999908447266,4119.209961,23723.76953,4.57,3.39,301.476,3.6
2/2/2023,1916.300048828125,101.57499694824219,75.87999725341797,23.534000396728516,4179.759766,23471.87109,4.57,3.39,301.476,3.6
2/3/2023,1862.9000244140625,102.75499725341797,73.38999938964844,22.333999633789062,4136.47998,23449.32227,4.57,3.39,301.476,3.6
2/6/2023,1866.199951171875,103.49800109863281,74.11000061035156,22.177000045776367,4111.080078,22760.10938,4.57,3.39,301.476,3.6
2/7/2023,1871.699951171875,103.2979965209961,77.13999938964844,22.117000579833984,4164,23264.29102,4.57,3.39,301.476,3.6
2/8/2023,1877.4000244140625,103.27200317382812,78.47000122070312,22.367000579833984,4117.859863,22939.39844,4.57,3.39,301.476,3.6
2/9/2023,1866.199951171875,103.10600280761719,78.05999755859375,22.097000122070312,4081.5,21819.03906,4.57,3.39,301.476,3.6
2/10/2023,1862.800048828125,103.53500366210938,79.72000122070312,22.034000396728516,4090.459961,21651.18359,4.57,3.39,301.476,3.6
2/13/2023,1851.9000244140625,103.24800109863281,80.13999938964844,21.81800079345703,4137.290039,21808.10156,4.57,3.39,301.476,3.6
2/14/2023,1854,103.12300109863281,79.05999755859375,21.841999053955078,4136.129883,22220.80469,4.57,3.39,301.476,3.6
2/15/2023,1834.199951171875,103.83899688720703,78.58999633789062,21.54599952697754,4147.600098,24307.8418,4.57,3.39,301.476,3.6
2/16/2023,1842,103.79100036621094,78.48999786376953,21.68400001525879,4090.409912109375,23623.47461,4.57,3.39,301.476,3.6
2/17/2023,1840.4000244140625,103.77999877929688,76.33999633789062,21.694000244140625,4079.090087890625,24565.60156,4.57,3.39,301.476,3.6
2/21/2023,1833,104.11199951171875,76.16000366210938,21.868999481201172,3997.340087890625,24436.35352,4.57,3.39,301.476,3.6
2/22/2023,1832,104.52300262451172,73.94999694824219,21.660999298095703,3991.050048828125,24188.84375,4.57,3.39,301.476,3.6
2/23/2023,1818,104.53900146484375,75.38999938964844,21.298999786376953,4012.320068359375,23947.49219,4.57,3.39,301.476,3.6
2/24/2023,1808.800048828125,105.15799713134766,76.31999969482422,20.805999755859375,3970.040039,23198.12695,4.57,3.39,301.476,3.6
2/27/2023,1817,104.6240005493164,75.68000030517578,20.670000076293945,3982.239990234375,23522.87109,4.57,3.39,301.476,3.6
2/28/2023,1828.9000244140625,104.82499694824219,77.05000305175781,20.961000442504883,3970.149902,23147.35352,4.57,3.39,301.476,3.6
3/1/2023,1837.699951171875,104.43199920654297,77.69000244140625,20.958999633789062,3951.389892578125,23646.55078,4.65,4.01,301.643,3.5
3/2/2023,1833.5,104.99500274658203,78.16000366210938,20.766000747680664,3981.350098,23475.4668,4.65,4.01,301.643,3.5
3/3/2023,1847.699951171875,104.48799896240234,79.68000030517578,21.093000411987305,4045.639892578125,22362.67969,4.65,4.01,301.643,3.5
3/6/2023,1847.9000244140625,104.32499694824219,80.45999908447266,20.983999252319336,4048.419922,22429.75781,4.65,4.01,301.643,3.5
3/7/2023,1813.9000244140625,105.59200286865234,77.58000183105469,20.054000854492188,3986.370117,22219.76953,4.65,4.01,301.643,3.5
3/8/2023,1812.699951171875,105.63400268554688,76.66000366210938,20.00499916,3992.010009765625,21718.08008,4.65,4.01,301.643,3.5
3/9/2023,1829.300048828125,105.30500030517578,75.72000122070312,20.024999618530273,3918.320068359375,20363.02148,4.65,4.01,301.643,3.5
3/10/2023,1862,104.552002,76.68000030517578,20.375,3861.590087890625,20187.24414,4.65,4.01,301.643,3.5
3/13/2023,1911.699951171875,103.71299743652344,74.80000305175781,21.792999267578125,3855.760009765625,24197.5332,4.65,4.01,301.643,3.5
3/14/2023,1906.199951171875,103.21499633789062,71.33000183105469,21.929000854492188,3919.290039,24746.07422,4.65,4.01,301.643,3.5
3/15/2023,1926.5999755859375,104.2760009765625,67.61000061035156,21.77400016784668,3891.929931640625,24375.96094,4.65,4.01,301.643,3.5
3/16/2023,1919,104.09200286865234,68.34999847,21.58799934387207,3960.280029296875,25052.78906,4.65,4.01,301.643,3.5
3/17/2023,1969.800048828125,103.36000061035156,66.73999786376953,22.35099983215332,3916.639892578125,27423.92969,4.65,4.01,301.643,3.5
3/20/2023,1979.199951171875,102.93299865722656,67.63999938964844,22.533000946044922,3951.570068359375,27767.23633,4.65,4.01,301.643,3.5
3/21/2023,1938,102.89700317382812,69.33000183105469,22.323999404907227,4002.870117,28175.81641,4.65,4.01,301.643,3.5
3/22/2023,1946.800048828125,101.97200012207031,70.90000153,22.674999237060547,3936.969970703125,27307.4375,4.65,4.01,301.643,3.5
3/23/2023,1993.800048828125,102.20700073242188,69.95999908447266,23.143999099731445,3948.719970703125,28333.97266,4.65,4.01,301.643,3.5
3/24/2023,1982.0999755859375,102.76399993896484,69.26000213623047,23.246999740600586,3970.989990234375,27493.28516,4.65,4.01,301.643,3.5
3/27/2023,1952.4000244140625,102.51799774169922,72.80999755859375,23.054000854492188,3977.530029296875,27139.88867,4.65,4.01,301.643,3.5
3/28/2023,1972.4000244140625,102.10600280761719,73.19999694824219,23.323999404907227,3971.27002,27268.13086,4.65,4.01,301.643,3.5
3/29/2023,1966.0999755859375,102.2979965209961,72.97000122070312,23.375999450683594,4027.810059,28348.44141,4.65,4.01,301.643,3.5
3/30/2023,1980.300048828125,101.82099914550781,74.37000274658203,23.902000427246094,4050.830078,28033.5625,4.65,4.01,301.643,3.5
3/31/2023,1969,102.18599700927734,75.66999816894531,24.076000213623047,4109.310059,28478.48438,4.65,4.01,301.643,3.5
4/1/2023,1969,102.18599700927734,75.66999816894531,24.076000213623047,4109.310059,28478.48438,4.83,4.01,302.858,3.4
4/3/2023,1983.9000244140625,101.78700256347656,80.41999816894531,23.94099998474121,4124.509766,27790.2207,4.83,4.01,302.858,3.4
4/4/2023,2022.199951171875,101.26699829101562,80.70999908447266,25.02199935913086,4100.600098,28168.08984,4.83,4.01,302.858,3.4
4/5/2023,2020.9000244140625,101.54499816894531,80.61000061035156,24.96299934387207,4090.379883,28177.98438,4.83,4.01,302.858,3.4
4/6/2023,2011.9000244140625,101.51899719238281,80.69999694824219,25.024999618530273,4105.02002,28044.14063,4.83,4.01,302.858,3.4
4/10/2023,1989.0999755859375,101.7300033569336,79.73999786376953,24.84600067138672,4109.109863,29652.98047,4.83,4.01,302.858,3.4
4/11/2023,2004.800048828125,101.88400268554688,81.52999877929688,25.131000518798828,4108.939941,30235.05859,4.83,4.01,302.858,3.4
4/12/2023,2010.9000244140625,101.1709976196289,83.26000213623047,25.40399932861328,4091.949951171875,30139.05273,4.83,4.01,302.858,3.4
4/13/2023,2041.300048828125,100.69999694824219,82.16000366210938,25.874000549316406,4146.220215,30399.06641,4.83,4.01,302.858,3.4
4/14/2023,2002.199951171875,101.24500274658203,82.51999664,25.423999786376953,4137.640137,30485.69922,4.83,4.01,302.858,3.4
4/17/2023,1994.199951171875,101.7959976196289,80.83000183105469,25.05299949645996,4151.319824,29445.04492,4.83,4.01,302.858,3.4
4/18/2023,2007.4000244140625,101.447998,80.86000061035156,25.24799919128418,4154.870117,30397.55273,4.83,4.01,302.858,3.4
4/19/2023,1995.199951171875,101.66799926757812,79.16000366210938,25.365999221801758,4154.52002,28822.67969,4.83,4.01,302.858,3.4
4/20/2023,2007.5999755859375,101.56600189208984,77.29000091552734,25.368000030517578,4129.790039,28245.98828,4.83,4.01,302.858,3.4
4/21/2023,1979.5,101.552002,77.87000274658203,25.05299949645996,4133.52002,27276.91016,4.83,4.01,302.858,3.4
4/24/2023,1989.0999755859375,101.072998,78.76000213623047,25.305999755859375,4137.040039,27525.33984,4.83,4.01,302.858,3.4
4/25/2023,1994,101.59200286865234,77.06999969482422,24.87700080871582,4071.629883,28307.59766,4.83,4.01,302.858,3.4
4/26/2023,1985.699951171875,101.20500183105469,74.30000305175781,24.871000289916992,4055.989990234375,28422.70117,4.83,4.01,302.858,3.4
4/27/2023,1989.9000244140625,101.25199890136719,74.76000213623047,24.982999801635742,4135.350098,29473.78711,4.83,4.01,302.858,3.4
4/28/2023,1990.0999755859375,101.40299987792969,76.77999877929688,24.999000549316406,4169.47998,29340.26172,4.83,4.01,302.858,3.4
5/1/2023,1983.4000244140625,101.91999816894531,75.66000366210938,25.009000778198242,4167.870117,28091.56836,5.06,3.59,303.316,3.6
5/2/2023,2014.300048828125,101.7249984741211,71.66000366210938,25.40399932861328,4119.580078,28680.53711,5.06,3.59,303.316,3.6
5/3/2023,2028.5999755859375,101.11499786376953,68.59999847,25.47599983215332,4090.75,29006.30859,5.06,3.59,303.316,3.6
5/4/2023,2048,101.18399810791016,68.55999755859375,26.03499984741211,4061.219970703125,28847.71094,5.06,3.59,303.316,3.6
5/5/2023,2017.4000244140625,100.9990005493164,71.33999633789062,25.743000030517578,4136.25,29534.38477,5.06,3.59,303.316,3.6
5/8/2023,2026.300048828125,101.15499877929688,73.16000366210938,25.63599967956543,4138.120117,27694.27344,5.06,3.59,303.316,3.6
5/9/2023,2036.199951171875,101.39900207519531,73.70999908447266,25.697999954223633,4119.169922,27658.77539,5.06,3.59,303.316,3.6
5/10/2023,2030.5,101.26899719238281,72.55999755859375,25.461000442504883,4137.640137,27621.75586,5.06,3.59,303.316,3.6
5/11/2023,2014.699951171875,101.87300109863281,70.87000274658203,24.25499916,4130.620117,27000.78906,5.06,3.59,303.316,3.6
5/12/2023,2014.5,102.50900268554688,70.04000091552734,23.992000579833984,4124.080078,26804.99023,5.06,3.59,303.316,3.6
5/15/2023,2018,102.27100372314453,71.11000061035156,24.12700080871582,4136.279785,27192.69336,5.06,3.59,303.316,3.6
5/16/2023,1988.4000244140625,102.40399932861328,70.86000061035156,23.73699951171875,4109.899902,27036.65039,5.06,3.59,303.316,3.6
5/17/2023,1980.699951171875,102.72599792480469,72.83000183105469,23.75200080871582,4158.77002,27398.80273,5.06,3.59,303.316,3.6
5/18/2023,1956.5,103.45500183105469,71.86000061035156,23.49500084,4198.049805,26832.20898,5.06,3.59,303.316,3.6
5/19/2023,1978.699951171875,103.0790023803711,71.55000305175781,23.920000076293945,4191.97998,26890.12891,5.06,3.59,303.316,3.6
5/22/2023,1974.800048828125,103.0790023803711,71.98999786376953,23.71500015258789,4192.629883,26851.27734,5.06,3.59,303.316,3.6
5/23/2023,1972.4000244140625,103.38500213623047,72.91000366210938,23.474000930786133,4145.580078,27225.72656,5.06,3.59,303.316,3.6
5/24/2023,1962.800048828125,103.79900360107422,74.33999633789062,23.114999771118164,4115.240234,26334.81836,5.06,3.59,303.316,3.6
5/25/2023,1943.0999755859375,104.17500305175781,71.83000183105469,22.785999298095703,4151.279785,26476.20703,5.06,3.59,303.316,3.6
5/26/2023,1944.0999755859375,104.13600158691406,72.66999816894531,23.239999771118164,4205.450195,26719.29102,5.06,3.59,303.316,3.6
5/30/2023,1958,104.0780029296875,69.45999908447266,23.125,4205.52002,27702.34961,5.06,3.59,303.316,3.6
5/31/2023,1963.9000244140625,104.24500274658203,68.08999633789062,23.474000930786133,4179.830078,27219.6582,5.06,3.59,303.316,3.6
6/1/2023,1978,103.50199890136719,70.09999847,23.875,4221.02002,26819.97266,5.08,3.61,304.099,3.6
6/2/2023,1952.4000244140625,103.9520034790039,71.73999786376953,23.64299964904785,4282.370117,27249.58984,5.08,3.61,304.099,3.6
6/5/2023,1958,103.93599700927734,72.15000153,23.534000396728516,4273.790039,25760.09766,5.08,3.61,304.099,3.6
6/6/2023,1965.5,104.0739974975586,71.73999786376953,23.573999404907227,4283.850098,27238.7832,5.08,3.61,304.099,3.6
6/7/2023,1942.699951171875,104.05500030517578,72.52999877929688,23.43899917602539,4267.52002,26345.99805,5.08,3.61,304.099,3.6
6/8/2023,1963.5999755859375,103.31600189208984,71.29000091552734,24.263999938964844,4293.930176,26508.2168,5.08,3.61,304.099,3.6
6/9/2023,1962.199951171875,103.53299713134766,70.16999816894531,24.333999633789062,4298.859863,26480.375,5.08,3.61,304.099,3.6
6/12/2023,1955.300048828125,103.63099670410156,67.12000274658203,23.985000610351562,4338.930176,25902.5,5.08,3.61,304.099,3.6
6/13/2023,1944.5999755859375,103.31800079345703,69.41999816894531,23.756000518798828,4369.009766,25918.72852,5.08,3.61,304.099,3.6
6/14/2023,1955.300048828125,102.91600036621094,68.26999664,24.04400062561035,4372.589844,25124.67578,5.08,3.61,304.099,3.6
6/15/2023,1957.800048828125,102.10800170898438,70.62000274658203,23.891000747680664,4425.839844,25576.39453,5.08,3.61,304.099,3.6
6/16/2023,1958.4000244140625,102.25800323486328,71.77999877929688,24.076000213623047,4409.589844,26327.46289,5.08,3.61,304.099,3.6
6/20/2023,1935.5,102.125,70.5,23.19300079345703,4388.709961,28327.48828,5.08,3.61,304.099,3.6
6/21/2023,1933.300048828125,101.6760025024414,72.52999877929688,22.77400016784668,4365.689941,30027.29688,5.08,3.61,304.099,3.6
6/22/2023,1912.699951171875,101.99400329589844,69.51000213623047,22.43600082397461,4381.890137,29912.28125,5.08,3.61,304.099,3.6
6/23/2023,1919.0999755859375,102.54199981689453,69.16000366210938,22.327999114990234,4348.330078,30695.46875,5.08,3.61,304.099,3.6
6/26/2023,1923.699951171875,102.33399963378906,69.37000274658203,22.80500030517578,4328.819824,30271.13086,5.08,3.61,304.099,3.6
6/27/2023,1914,102.12699890136719,67.69999694824219,22.93899917602539,4378.410156,30688.16406,5.08,3.61,304.099,3.6
6/28/2023,1912.300048828125,102.5479965209961,69.55999755859375,22.868000030517578,4376.859863,30086.24609,5.08,3.61,304.099,3.6
6/29/2023,1909.199951171875,103.00800323486328,69.86000061035156,22.590999603271484,4396.439941,30445.35156,5.08,3.61,304.099,3.6
6/30/2023,1921.0999755859375,102.58699798583984,70.63999938964844,22.809999465942383,4450.379883,30477.25195,5.08,3.61,304.099,3.6
7/1/2023,1921.0999755859375,102.58699798583984,70.63999938964844,22.809999465942383,4450.379883,30477.25195,5.12,3.61,304.615,3.5
7/3/2023,1921.699951171875,102.65399932861328,69.79000091552734,22.895999908447266,4455.589844,31156.43945,5.12,3.61,304.615,3.5
7/5/2023,1919.5999755859375,103.03500366210938,71.79000091552734,23.19700050354004,4446.819824,30514.16602,5.12,3.61,304.615,3.5
7/6/2023,1908.699951171875,102.86699676513672,71.80000305175781,22.68600082397461,4411.589844,29909.33789,5.12,3.61,304.615,3.5
7/7/2023,1926.199951171875,101.94999694824219,73.86000061035156,23.091999053955078,4398.950195,30342.26563,5.12,3.61,304.615,3.5
7/10/2023,1925,101.64199829101562,72.98999786376953,23.150999069213867,4409.529785,30414.4707,5.12,3.61,304.615,3.5
7/11/2023,1931.300048828125,101.40299987792969,74.83000183105469,23.086000442504883,4439.259766,30620.95117,5.12,3.61,304.615,3.5
7/12/2023,1956.199951171875,100.19300079345703,75.75,24.118999481201172,4472.160156,30391.64648,5.12,3.61,304.615,3.5
7/13/2023,1959.199951171875,99.45600128173828,76.88999938964844,24.76799964904785,4510.040039,31476.04883,5.12,3.61,304.615,3.5
7/14/2023,1960.0999755859375,99.60500336,75.41999816894531,25.013999938964844,4505.419922,30334.06836,5.12,3.61,304.615,3.5
7/17/2023,1952.4000244140625,99.52899932861328,74.15000153,24.84399986,4522.790039,30145.88867,5.12,3.61,304.615,3.5
7/18/2023,1977.199951171875,99.625,75.75,25.083999633789062,4554.97998,29856.5625,5.12,3.61,304.615,3.5
7/19/2023,1977.5,99.98799896240234,75.34999847,25.21899986,4565.720215,29913.92383,5.12,3.61,304.615,3.5
7/20/2023,1968.300048828125,100.59700012207031,75.62999725341797,24.80500030517578,4534.870117,29792.01563,5.12,3.61,304.615,3.5
7/21/2023,1964.300048828125,100.7979965209961,77.06999969482422,24.697999954223633,4536.339844,29908.74414,5.12,3.61,304.615,3.5
7/24/2023,1960.300048828125,101.08300018310547,78.73999786376953,24.43600082397461,4554.640137,29176.91602,5.12,3.61,304.615,3.5
7/25/2023,1962.0999755859375,101.09600067138672,79.62999725341797,24.68000030517578,4567.459961,29227.39063,5.12,3.61,304.615,3.5
7/26/2023,1968.9000244140625,100.63600158691406,78.77999877929688,24.825000762939453,4566.75,29354.97266,5.12,3.61,304.615,3.5
7/27/2023,1945.4000244140625,101.54399871826172,80.08999633789062,24.236000061035156,4537.410156,29210.68945,5.12,3.61,304.615,3.5
7/28/2023,1960.4000244140625,101.39900207519531,80.58000183105469,24.37000084,4582.22998,29319.24609,5.12,3.61,304.615,3.5
7/31/2023,1970.5,101.6259994506836,81.80000305175781,24.854000091552734,4588.959961,29230.11133,5.12,3.61,304.615,3.5
8/1/2023,1940.699951171875,102.08499908447266,81.37000274658203,24.20800018310547,4576.72998,29675.73242,5.33,4.05,306.138,3.7
8/2/2023,1937.4000244140625,102.38899993896484,79.48999786376953,23.753999710083008,4513.390137,29151.95898,5.33,4.05,306.138,3.7
8/3/2023,1932,102.3499984741211,81.55000305175781,23.586000442504883,4501.890137,29178.67969,5.33,4.05,306.138,3.7
8/4/2023,1939.5999755859375,101.83599853515625,82.81999969482422,23.617000579833984,4478.029785,29074.0918,5.33,4.05,306.138,3.7
8/7/2023,1933.5,101.86100006103516,81.94000244140625,23.142000198364258,4518.439941,29180.57813,5.33,4.05,306.138,3.7
8/8/2023,1924.0999755859375,102.33999633789062,82.91999816894531,22.716999053955078,4499.379883,29765.49219,5.33,4.05,306.138,3.7
8/9/2023,1915.4000244140625,102.31199645996094,84.40000153,22.649999618530273,4467.709961,29561.49414,5.33,4.05,306.138,3.7
8/10/2023,1914.4000244140625,102.36699676513672,82.81999969482422,22.746000289916992,4468.830078,29429.5918,5.33,4.05,306.138,3.7
8/11/2023,1912.9000244140625,102.68900299072266,83.19000244140625,22.673999786376953,4464.049805,29397.71484,5.33,4.05,306.138,3.7
8/14/2023,1910.5999755859375,103.05799865722656,82.51000213623047,22.643999099731445,4489.720215,29408.44336,5.33,4.05,306.138,3.7
8/15/2023,1902.5,103.09500122070312,80.98999786376953,22.594999313354492,4437.859863,29170.34766,5.33,4.05,306.138,3.7
8/16/2023,1896.0999755859375,103.31900024414062,79.37999725341797,22.479999542236328,4404.330078,28701.7793,5.33,4.05,306.138,3.7
8/17/2023,1884.0999755859375,103.47000122070312,80.38999938964844,22.670000076293945,4370.359863,26664.55078,5.33,4.05,306.138,3.7
8/18/2023,1886.0999755859375,103.2760009765625,81.25,22.69499969482422,4369.709961,26049.55664,5.33,4.05,306.138,3.7
8/21/2023,1893.300048828125,103.20600128173828,80.72000122070312,23.304000854492188,4399.77002,26124.14063,5.33,4.05,306.138,3.7
8/22/2023,1896.4000244140625,103.4729995727539,80.34999847,23.420000076293945,4387.549805,26031.65625,5.33,4.05,306.138,3.7
8/23/2023,1918.5,103.33300018310547,78.88999938964844,24.363000869750977,4436.009766,26431.64063,5.33,4.05,306.138,3.7
8/24/2023,1918.199951171875,103.91899871826172,79.05000305175781,24.211000442504883,4376.310059,26162.37305,5.33,4.05,306.138,3.7
8/25/2023,1911.0999755859375,104.01300048828125,79.83000183105469,24.219999313354492,4405.709961,26047.66797,5.33,4.05,306.138,3.7
8/28/2023,1917.9000244140625,103.99199676513672,80.09999847,24.238000869750977,4433.310059,26106.15039,5.33,4.05,306.138,3.7
8/29/2023,1936.5,103.47100067138672,81.16000366210938,24.777000427246094,4497.629883,27727.39258,5.33,4.05,306.138,3.7
8/30/2023,1944.300048828125,103.09300231933594,81.62999725341797,24.733999252319336,4514.870117,27297.26563,5.33,4.05,306.138,3.7
8/31/2023,1938.199951171875,103.58699798583984,83.62999725341797,24.472000122070312,4507.660156,25931.47266,5.33,4.05,306.138,3.7
9/1/2023,1939.800048828125,104.19100189208984,85.55000305175781,24.23200035095215,4515.77002,25800.72461,5.33,4.18,307.374,3.8
9/5/2023,1926.199951171875,104.76300048828125,86.69000244140625,23.558000564575195,4496.830078,25779.98242,5.33,4.18,307.374,3.8
9/6/2023,1918.0999755859375,104.82099914550781,87.54000091552734,23.20599937438965,4465.47998,25753.23633,5.33,4.18,307.374,3.8
9/7/2023,1917.5,105.02799987792969,86.87000274658203,22.950000762939453,4451.140137,26240.19531,5.33,4.18,307.374,3.8
9/8/2023,1918.4000244140625,105.06600189208984,87.51000213623047,22.892000198364258,4457.490234,25905.6543,5.33,4.18,307.374,3.8
9/11/2023,1923.300048828125,104.53900146484375,87.29000091552734,23.10300064086914,4487.459961,25162.6543,5.33,4.18,307.374,3.8
9/12/2023,1911.300048828125,104.69000244140625,88.83999633789062,23.12700080871582,4461.899902,25833.34375,5.33,4.18,307.374,3.8
9/13/2023,1909.0999755859375,104.7490005493164,88.51999664,22.91200065612793,4467.439941,26228.32422,5.33,4.18,307.374,3.8
9/14/2023,1910,105.3949966430664,90.16000366210938,22.74799919128418,4505.100098,26539.67383,5.33,4.18,307.374,3.8
9/15/2023,1923.699951171875,105.32499694824219,90.76999664,23.125999450683594,4450.319824,26608.69336,5.33,4.18,307.374,3.8
9/18/2023,1931.5,105.29199981689453,91.48000336,23.23200035095215,4453.529785,26754.28125,5.33,4.18,307.374,3.8
9/19/2023,1932,104.83200073242188,91.19999694824219,23.194000244140625,4443.950195,27211.11719,5.33,4.18,307.374,3.8
9/20/2023,1945.5999755859375,104.78800201416016,90.27999877929688,23.57900047302246,4402.200195,27132.00781,5.33,4.18,307.374,3.8
9/21/2023,1919.199951171875,105.04399871826172,89.62999725341797,23.444000244140625,4330,26567.63281,5.33,4.18,307.374,3.8
9/22/2023,1925.4000244140625,105.26000213623047,90.02999877929688,23.59600067138672,4320.060059,26579.56836,5.33,4.18,307.374,3.8
9/25/2023,1916.5999755859375,105.69000244140625,89.68000030517578,23.145000457763672,4337.439941,26298.48047,5.33,4.18,307.374,3.8
9/26/2023,1900.4000244140625,105.93000030517578,90.38999938964844,22.950000762939453,4273.529785,26217.25,5.33,4.18,307.374,3.8
9/27/2023,1871.5999755859375,106.36599731445312,93.68000030517578,22.476999282836914,4274.509766,26352.7168,5.33,4.18,307.374,3.8
9/28/2023,1860.4000244140625,105.93299865722656,91.70999908447266,22.514999389648438,4299.700195,27021.54688,5.33,4.18,307.374,3.8
9/29/2023,1848.0999755859375,105.81500244140625,90.79000091552734,22.236000061035156,4288.049805,26911.7207,5.33,4.18,307.374,3.8
10/1/2023,1848.0999755859375,105.81500244140625,90.79000091552734,22.236000061035156,4288.049805,26911.7207,5.33,4.18,307.653,3.9
10/2/2023,1830,106.60600280761719,88.81999969482422,21.218000411987305,4288.390137,27530.78516,5.33,4.18,307.653,3.9
10/3/2023,1824.5999755859375,106.71900177001953,89.23000336,21.17799949645996,4229.450195,27429.97852,5.33,4.18,307.653,3.9
10/4/2023,1818.5,106.52999877929688,84.22000122070312,20.95599937438965,4263.75,27799.39453,5.33,4.18,307.653,3.9
10/5/2023,1816.5999755859375,106.06500244140625,82.30999755859375,20.847999572753906,4258.189941,27415.91211,5.33,4.18,307.653,3.9
10/6/2023,1830.199951171875,105.78399658203125,82.79000091552734,21.540000915527344,4308.5,27946.59766,5.33,4.18,307.653,3.9
10/9/2023,1849.5,105.81099700927734,86.37999725341797,21.740999221801758,4335.660156,27583.67773,5.33,4.18,307.653,3.9
10/10/2023,1861,105.55699920654297,85.97000122070312,21.775999069213867,4358.240234,27391.01953,5.33,4.18,307.653,3.9
10/11/2023,1872.800048828125,105.56900024414062,83.48999786376953,21.957000732421875,4376.950195,26873.32031,5.33,4.18,307.653,3.9
10/12/2023,1869.300048828125,106.36699676513672,82.91000366210938,21.79199981689453,4349.609863,26756.79883,5.33,4.18,307.653,3.9
10/13/2023,1927.4000244140625,106.43399810791016,87.69000244140625,22.726999282836914,4327.779785,26862.375,5.33,4.18,307.653,3.9
10/16/2023,1921.0999755859375,106.03399658203125,86.66000366210938,22.610000610351562,4373.629883,28519.4668,5.33,4.18,307.653,3.9
10/17/2023,1922.699951171875,106.0459976196289,86.66000366210938,22.863000869750977,4373.200195,28415.74805,5.33,4.18,307.653,3.9
10/18/2023,1955.300048828125,106.35399627685547,88.31999969482422,22.944000244140625,4314.600098,28328.3418,5.33,4.18,307.653,3.9
10/19/2023,1968.4000244140625,106.0459976196289,89.37000274658203,22.886999130249023,4278,28719.80664,5.33,4.18,307.653,3.9
10/20/2023,1982.5,105.98799896240234,88.75,23.35099983215332,4224.160156,29682.94922,5.33,4.18,307.653,3.9
10/23/2023,1976.300048828125,105.33399963378906,85.48999786376953,23.07200050354004,4217.040039,33086.23438,5.33,4.18,307.653,3.9
10/24/2023,1975,106.08000183105469,83.73999786376953,22.979999542236328,4247.680176,33901.52734,5.33,4.18,307.653,3.9
10/25/2023,1984.0999755859375,106.35199737548828,85.38999938964844,22.87700080871582,4186.77002,34502.82031,5.33,4.18,307.653,3.9
10/26/2023,1987.199951171875,106.4219970703125,83.20999908447266,22.78700065612793,4137.22998,34156.64844,5.33,4.18,307.653,3.9
10/27/2023,1988.5999755859375,106.37999725341797,85.54000091552734,22.770000457763672,4117.370117,33909.80078,5.33,4.18,307.653,3.9
10/30/2023,1996.199951171875,105.93399810791016,82.30999755859375,23.281999588012695,4166.819824,34502.36328,5.33,4.18,307.653,3.9
10/31/2023,1985.199951171875,106.49400329589844,81.01999664,22.840999603271484,4193.799805,34667.78125,5.33,4.18,307.653,3.9
11/1/2023,1978.800048828125,106.71499633789062,80.44000244140625,22.684999465942383,4237.859863,35437.25391,5.33,4.77,308.087,3.7
11/2/2023,1985.5999755859375,105.97699737548828,82.45999908447266,22.750999450683594,4317.779785,34938.24219,5.33,4.77,308.087,3.7
11/3/2023,1991.5,104.85900115966797,80.51000213623047,23.201000213623047,4358.339844,34732.32422,5.33,4.77,308.087,3.7
11/6/2023,1981.5999755859375,105.0459976196289,80.81999969482422,23.14900016784668,4365.97998,35037.37109,5.33,4.77,308.087,3.7
11/7/2023,1966.800048828125,105.37300109863281,77.37000274658203,22.507999420166016,4378.379883,35443.5625,5.33,4.77,308.087,3.7
11/8/2023,1951.5,105.447998,75.33000183105469,22.64699935913086,4382.779785,35655.27734,5.33,4.77,308.087,3.7
11/9/2023,1964.199951171875,105.77999877929688,75.73999786376953,22.83099937438965,4347.350098,36693.125,5.33,4.77,308.087,3.7
11/10/2023,1932.5999755859375,105.7249984741211,77.16999816894531,22.21500015258789,4415.240234,37313.96875,5.33,4.77,308.087,3.7
11/13/2023,1945.5,105.50299835205078,78.26000213623047,22.298999786376953,4411.549805,36502.35547,5.33,4.77,308.087,3.7
11/14/2023,1961.800048828125,103.90699768066406,78.26000213623047,23.07900047302246,4495.700195,35537.64063,5.33,4.77,308.087,3.7
11/15/2023,1960.0999755859375,104.26499938964844,76.66000366210938,23.485000610351562,4502.879883,37880.58203,5.33,4.77,308.087,3.7
11/16/2023,1983.9000244140625,104.23300170898438,72.90000153,23.892000198364258,4508.240234,36154.76953,5.33,4.77,308.087,3.7
11/17/2023,1981.5999755859375,103.79499816894531,75.88999938964844,23.80900001525879,4514.02002,36596.68359,5.33,4.77,308.087,3.7
11/20/2023,1977.699951171875,103.31700134277344,77.59999847,23.57900047302246,4547.379883,37476.95703,5.33,4.77,308.087,3.7
11/21/2023,1999.300048828125,103.4489974975586,77.76999664,23.843000411987305,4538.189941,35813.8125,5.33,4.77,308.087,3.7
11/22/2023,1991.4000244140625,103.82499694824219,77.09999847,23.672000885009766,4556.620117,37432.33984,5.33,4.77,308.087,3.7
11/24/2023,2002.199951171875,103.30400085449219,75.54000091552734,24.32900047302246,4559.339844,37720.28125,5.33,4.77,308.087,3.7
11/27/2023,2011.800048828125,103.1050033569336,74.86000061035156,24.672000885009766,4550.430176,37254.16797,5.33,4.77,308.087,3.7
11/28/2023,2039.699951171875,102.64900207519531,76.41000366210938,24.93000030517578,4554.890137,37831.08594,5.33,4.77,308.087,3.7
11/29/2023,2047.0999755859375,102.6760025024414,77.86000061035156,25.07200050354004,4550.580078,37858.49219,5.33,4.77,308.087,3.7
11/30/2023,2038.0999755859375,103.4280014038086,75.95999908447266,25.292999267578125,4567.799805,37712.74609,5.33,4.77,308.087,3.7
12/1/2023,2071,103.19999694824219,74.06999969482422,25.499000549316406,4594.629883,38688.75,5.33,4.22,308.735,3.8
12/4/2023,2024.0999755859375,103.64700317382812,73.04000091552734,24.55500030517578,4569.779785,41980.09766,5.33,4.22,308.735,3.8
12/5/2023,2018.5,103.99500274658203,72.31999969482422,24.201000213623047,4567.180176,44080.64844,5.33,4.22,308.735,3.8
12/6/2023,2030.5,104.10800170898438,69.37999725341797,23.888999938964844,4549.339844,43746.44531,5.33,4.22,308.735,3.8
12/7/2023,2029.9000244140625,103.50399780273438,69.33999633789062,23.73200035095215,4585.589844,43292.66406,5.33,4.22,308.735,3.8
12/8/2023,1998.300048828125,103.98300170898438,71.23000336,22.97100067138672,4604.370117,44166.60156,5.33,4.22,308.735,3.8
12/11/2023,1978,104.06400299072266,71.31999969482422,22.773000717163086,4622.439941,41243.83203,5.33,4.22,308.735,3.8
12/12/2023,1977.800048828125,103.83899688720703,68.61000061035156,22.72800064086914,4643.700195,41450.22266,5.33,4.22,308.735,3.8
12/13/2023,1982.300048828125,102.8479995727539,69.47000122070312,22.638999938964844,4707.089844,42890.74219,5.33,4.22,308.735,3.8
12/14/2023,2030.199951171875,101.94000244140625,71.58000183105469,24.09600067138672,4719.549805,43023.97266,5.33,4.22,308.735,3.8
12/15/2023,2021.0999755859375,102.5479965209961,71.43000030517578,23.87000084,4719.189941,41929.75781,5.33,4.22,308.735,3.8
12/18/2023,2026.300048828125,102.53600311279297,72.47000122070312,23.83099937438965,4740.560059,42623.53906,5.33,4.22,308.735,3.8
12/19/2023,2038.4000244140625,101.7959976196289,73.44000244140625,24.040000915527344,4768.370117,42270.52734,5.33,4.22,308.735,3.8
12/20/2023,2034.5,102.04000091552734,74.22000122070312,24.347000122070312,4698.350098,43652.25,5.33,4.22,308.735,3.8
12/21/2023,2039.0999755859375,101.47799682617188,73.88999938964844,24.30699920654297,4746.75,43869.15234,5.33,4.22,308.735,3.8
12/22/2023,2057.100098,101.33799743652344,73.55999755859375,24.290000915527344,4754.629883,43997.90234,5.33,4.22,308.735,3.8
12/26/2023,2058.199951171875,101.10399627685547,75.56999969482422,24.143999099731445,4774.75,42520.40234,5.33,4.22,308.735,3.8
12/27/2023,2081.899902,100.65399932861328,74.11000061035156,24.375,4781.580078,43442.85547,5.33,4.22,308.735,3.8
12/28/2023,2073.899902,100.91300201416016,71.76999664,24.134000778198242,4783.350098,42627.85547,5.33,4.22,308.735,3.8
12/29/2023,2062.399902,101.02899932861328,71.65000153,23.85300064086914,4769.830078,42099.40234,5.33,4.22,308.735,3.8
1/1/2024,2062.399902,101.02899932861328,71.65000153,23.85300064086914,4769.830078,42099.40234,5.33,4.22,309.794,3.7
1/2/2024,2064.399902,101.89099884033203,70.37999725341797,23.732999801635742,4742.830078,44957.96875,5.33,4.22,309.794,3.7
1/3/2024,2034.199951171875,102.19499969482422,72.69999694824219,22.945999145507812,4704.810059,42848.17578,5.33,4.22,309.794,3.7
1/4/2024,2042.300048828125,102.13500213623047,72.19000244140625,22.98900032043457,4688.680176,44179.92188,5.33,4.22,309.794,3.7
1/5/2024,2042.4000244140625,102.12899780273438,73.80999755859375,23.121999740600586,4697.240234,44162.69141,5.33,4.22,309.794,3.7
1/8/2024,2026.5999755859375,101.9280014038086,70.76999664,23.12000084,4763.540039,46970.50391,5.33,4.22,309.794,3.7
1/9/2024,2026.4000244140625,102.28399658203125,72.23999786376953,22.90399932861328,4756.5,46139.73047,5.33,4.22,309.794,3.7
1/10/2024,2021.699951171875,102.08000183105469,71.37000274658203,22.884000778198242,4783.450195,46627.77734,5.33,4.22,309.794,3.7
1/11/2024,2014.300048828125,102.02400207519531,72.01999664,22.53700065612793,4780.240234,46368.58594,5.33,4.22,309.794,3.7
1/12/2024,2046.699951171875,102.1510009765625,72.68000030517578,23.16200065612793,4783.830078,42853.16797,5.33,4.22,309.794,3.7
1/16/2024,2026,103.11199951171875,72.40000153,22.933000564575195,4765.97998,43154.94531,5.33,4.22,309.794,3.7
1/17/2024,2002.5999755859375,103.20600128173828,72.55999755859375,22.516000747680664,4739.209961,42742.65234,5.33,4.22,309.794,3.7
1/18/2024,2018.5999755859375,103.31199645996094,74.08000183105469,22.66699981689453,4780.939941,41262.05859,5.33,4.22,309.794,3.7
1/19/2024,2026.5,103.06900024414062,73.41000366210938,22.570999145507812,4839.810059,41618.40625,5.33,4.22,309.794,3.7
1/22/2024,2019.800048828125,103.11799621582031,75.19000244140625,22.163000106811523,4850.430176,39507.36719,5.33,4.22,309.794,3.7
1/23/2024,2023.699951171875,103.4020004272461,74.37000274658203,22.333999633789062,4864.600098,39845.55078,5.33,4.22,309.794,3.7
1/24/2024,2013.9000244140625,103.03900146484375,75.08999633789062,22.75499916,4868.549805,40077.07422,5.33,4.22,309.794,3.7
1/25/2024,2016.9000244140625,103.37000274658203,77.36000061035156,22.808000564575195,4894.160156,39933.80859,5.33,4.22,309.794,3.7
1/26/2024,2016.800048828125,103.23400115966797,78.01000213623047,22.75499916,4890.970215,41816.87109,5.33,4.22,309.794,3.7
1/29/2024,2025.199951171875,103.4209976196289,76.77999877929688,23.13800048828125,4927.930176,43288.24609,5.33,4.22,309.794,3.7
1/30/2024,2031.5,103.21499633789062,77.81999969482422,23.10700035095215,4924.970215,42952.60938,5.33,4.22,309.794,3.7
1/31/2024,2048.399902,103.08899688720703,75.84999847,23.051000595092773,4845.649902,42582.60547,5.33,4.22,309.794,3.7
2/1/2024,2053,102.87200164794922,73.81999969482422,23.12999916,4906.189941,43075.77344,5.33,3.87,311.022,3.9
2/2/2024,2036.0999755859375,103.78099822998047,72.27999877929688,22.701000213623047,4958.609863,43185.85938,5.33,3.87,311.022,3.9
2/5/2024,2025.699951171875,104.31900024414062,72.77999877929688,22.334999084472656,4942.810059,42658.66797,5.33,3.87,311.022,3.9
2/6/2024,2034.5,104.06800079345703,73.30999755859375,22.39299964904785,4954.22998,43084.67188,5.33,3.87,311.022,3.9
2/7/2024,2035.199951171875,103.91699981689453,73.86000061035156,22.277999877929688,4995.060059,44318.22266,5.33,3.87,311.022,3.9
2/8/2024,2032.199951171875,104.03700256347656,76.22000122070312,22.565000534057617,4997.910156,45301.56641,5.33,3.87,311.022,3.9
2/9/2024,2023.300048828125,103.99299621582031,76.83999633789062,22.527999877929688,5026.609863,47147.19922,5.33,3.87,311.022,3.9
2/12/2024,2018.199951171875,104.0469970703125,76.91999816894531,22.708999633789062,5021.839844,49958.22266,5.33,3.87,311.022,3.9
2/13/2024,1992.9000244140625,104.8499984741211,77.87000274658203,22.09600067138672,4953.169922,49742.44141,5.33,3.87,311.022,3.9
2/14/2024,1990.300048828125,104.61199951171875,76.63999938964844,22.33099937438965,5000.620117,51826.69531,5.33,3.87,311.022,3.9
2/15/2024,2002.0999755859375,104.19999694824219,78.02999877929688,22.91200065612793,5029.72998,51938.55469,5.33,3.87,311.022,3.9
2/16/2024,2011.5,104.18199920654297,79.19000244140625,23.43899917602539,5005.569824,52160.20313,5.33,3.87,311.022,3.9
2/20/2024,2027.5,103.97799682617188,78.18000030517578,23.106000900268555,4975.509766,52284.875,5.33,3.87,311.022,3.9
2/21/2024,2022.300048828125,103.91200256347656,77.91000366210938,22.85099983215332,4981.799805,51839.17969,5.33,3.87,311.022,3.9
2/22/2024,2019.699951171875,103.875,78.61000061035156,22.764999389648438,5087.029785,51304.97266,5.33,3.87,311.022,3.9
2/23/2024,2038.5999755859375,103.85900115966797,76.48999786376953,22.96899986,5088.799805,50731.94922,5.33,3.87,311.022,3.9
2/26/2024,2028.5,103.7509994506836,77.58000183105469,22.517000198364258,5069.529785,54522.40234,5.33,3.87,311.022,3.9
2/27/2024,2034,103.75900268554688,78.87000274658203,22.523000717163086,5078.180176,57085.37109,5.33,3.87,311.022,3.9
2/28/2024,2033,103.90399932861328,78.54000091552734,22.40999984741211,5069.759766,62504.78906,5.33,3.87,311.022,3.9
2/29/2024,2045.699951171875,104.0979995727539,78.26000213623047,22.666000366210938,5096.27002,61198.38281,5.33,3.87,311.022,3.9
3/1/2024,2086.899902,103.79900360107422,79.97000122070312,23.149999618530273,5137.080078,62440.63281,5.33,4.19,312.107,3.9
3/4/2024,2117.699951171875,103.77799987792969,78.73999786376953,23.77899932861328,5130.950195,68330.41406,5.33,4.19,312.107,3.9
3/5/2024,2133.5,103.75299835205078,78.15000153,23.76300048828125,5078.649902,63801.19922,5.33,4.19,312.107,3.9
3/6/2024,2150.300048828125,103.32099914550781,79.12999725341797,24.27199935913086,5104.759766,66106.80469,5.33,4.19,312.107,3.9
3/7/2024,2158,102.77200317382812,78.93000030517578,24.37000084,5157.359863,66925.48438,5.33,4.19,312.107,3.9
3/8/2024,2178.600098,102.68800354003906,78.01000213623047,24.339000701904297,5123.689941,68300.09375,5.33,4.19,312.107,3.9
3/11/2024,2182.5,102.85199737548828,77.93000030517578,24.511999130249023,5117.939941,72123.90625,5.33,4.19,312.107,3.9
3/12/2024,2160.399902,102.93399810791016,77.55999755859375,24.194000244140625,5175.27002,71481.28906,5.33,4.19,312.107,3.9
3/13/2024,2175.399902,102.76599884033203,79.72000122070312,24.958999633789062,5165.310059,73083.5,5.33,4.19,312.107,3.9
3/14/2024,2163,103.34200286865234,81.26000213623047,24.874000549316406,5150.47998,71396.59375,5.33,4.19,312.107,3.9
3/15/2024,2157.300048828125,103.41400146484375,81.04000091552734,25.200000762939453,5117.089844,69403.77344,5.33,4.19,312.107,3.9
3/18/2024,2160.699951171875,103.46099853515625,82.72000122070312,25.090999603271484,5149.419922,67548.59375,5.33,4.19,312.107,3.9
3/19/2024,2156.300048828125,103.48400115966797,83.47000122070312,24.964000701904297,5178.509766,61912.77344,5.33,4.19,312.107,3.9
3/20/2024,2157.899902,103.0459976196289,81.68000030517578,24.933000564575195,5224.620117,67913.67188,5.33,4.19,312.107,3.9
3/21/2024,2182.399902,103.66600036621094,81.06999969482422,24.849000930786133,5241.529785,65491.39063,5.33,4.19,312.107,3.9
3/22/2024,2158.100098,104.177002,80.62999725341797,24.691999435424805,5234.180176,63778.76172,5.33,4.19,312.107,3.9
3/25/2024,2174.800048828125,103.93399810791016,81.94999694824219,24.74500084,5218.189941,69958.8125,5.33,4.19,312.107,3.9
3/26/2024,2175.600098,103.99099731445312,81.62000274658203,24.482999801635742,5203.580078,69987.83594,5.33,4.19,312.107,3.9
3/27/2024,2190.600098,104.06400299072266,81.34999847,24.625,5248.490234,69455.34375,5.33,4.19,312.107,3.9
3/28/2024,2217.399902,104.26899719238281,83.16999816894531,24.797000885009766,5254.350098,70744.95313,5.33,4.19,312.107,3.9
4/1/2024,2236.5,104.76399993896484,83.70999908447266,24.95400047302246,5243.77002,69702.14844,5.33,4.33,313.016,3.9
4/2/2024,2261,104.56199645996094,85.15000153,25.804000854492188,5205.810059,65446.97266,5.33,4.33,313.016,3.9
4/3/2024,2294.399902,103.99700164794922,85.43000030517578,26.94499969482422,5211.490234,65980.8125,5.33,4.33,313.016,3.9
4/4/2024,2288.800048828125,103.89099884033203,86.58999633789062,27.139999389648438,5147.209961,68508.84375,5.33,4.33,313.016,3.9
4/5/2024,2325.699951171875,104.07099914550781,86.91000366210938,27.399999618530273,5204.339844,67837.64063,5.33,4.33,313.016,3.9
4/8/2024,2331.699951171875,103.9020004272461,86.43000030517578,27.711999893188477,5202.390137,71631.35938,5.33,4.33,313.016,3.9
4/9/2024,2343.5,103.9219970703125,85.23000336,27.891000747680664,5209.910156,69139.01563,5.33,4.33,313.016,3.9
4/10/2024,2329.600098,105.03099822998047,86.20999908447266,27.961000442504883,5160.640137,70587.88281,5.33,4.33,313.016,3.9
4/11/2024,2354.800048828125,105.06400299072266,85.01999664,28.176000595092773,5199.060059,70060.60938,5.33,4.33,313.016,3.9
4/12/2024,2356.199951171875,105.83200073242188,85.66000366210938,28.25499916,5123.410156,67195.86719,5.33,4.33,313.016,3.9
4/15/2024,2365.800048828125,105.99800109863281,85.41000366210938,28.650999069213867,5061.819824,63426.21094,5.33,4.33,313.016,3.9
4/16/2024,2390.800048828125,106.06500244140625,85.36000061035156,28.31800079345703,5051.410156,63811.86328,5.33,4.33,313.016,3.9
4/17/2024,2371.699951171875,105.76399993896484,82.69000244140625,28.34600067138672,5022.209961,61276.69141,5.33,4.33,313.016,3.9
4/18/2024,2382.300048828125,105.98200225830078,82.73000336,28.32900047302246,5011.120117,63512.75391,5.33,4.33,313.016,3.9
4/19/2024,2398.399902,105.98400115966797,83.13999938964844,28.808000564575195,4967.22998,63843.57031,5.33,4.33,313.016,3.9
4/22/2024,2332.199951171875,105.91300201416016,82.84999847,27.21299934387207,5010.600098,66837.67969,5.33,4.33,313.016,3.9
4/23/2024,2327.699951171875,105.50499725341797,83.36000061035156,27.33099937438965,5070.549805,66407.27344,5.33,4.33,313.016,3.9
4/24/2024,2324.5,105.69999694824219,82.80999755859375,27.323999404907227,5071.629883,64276.89844,5.33,4.33,313.016,3.9
4/25/2024,2329.800048828125,105.45099639892578,83.56999969482422,27.341999053955078,5048.419922,64481.70703,5.33,4.33,313.016,3.9
4/26/2024,2334.800048828125,105.80400085449219,83.84999847,27.240999221801758,5099.959961,63755.32031,5.33,4.33,313.016,3.9
4/29/2024,2345.399902,105.447998,82.62999725341797,27.37299919128418,5116.169922,63841.12109,5.33,4.33,313.016,3.9
4/30/2024,2291.399902,106.0999984741211,81.93000030517578,26.391000747680664,5035.689941,60636.85547,5.33,4.33,313.016,3.9
5/1/2024,2299.899902,105.62799835205078,79,26.48900032043457,5018.390137,58254.01172,5.33,4.63,313.14,4
5/2/2024,2299.199951171875,105.1780014038086,78.94999694824219,26.58300018310547,5064.200195,59123.43359,5.33,4.63,313.14,4
5/3/2024,2299,104.91799926757812,78.11000061035156,26.44499969482422,5127.790039,62889.83594,5.33,4.63,313.14,4
5/6/2024,2321.600098,104.91899871826172,78.48000336,27.368999481201172,5180.740234,63161.94922,5.33,4.63,313.14,4
5/7/2024,2315.199951171875,105.30000305175781,78.37999725341797,27.30299949645996,5187.700195,62334.81641,5.33,4.63,313.14,4
5/8/2024,2313.600098,105.4260025024414,78.98999786376953,27.361000061035156,5187.669922,61187.94141,5.33,4.63,313.14,4
5/9/2024,2332.100098,105.10399627685547,79.26000213623047,28.131999969482422,5214.080078,63049.96094,5.33,4.63,313.14,4
5/10/2024,2367.300048828125,105.17500305175781,78.26000213623047,28.274999618530273,5222.680176,60792.77734,5.33,4.63,313.14,4
5/13/2024,2336.100098,105.10299682617188,79.12000274658203,28.22100067138672,5221.419922,62901.44922,5.33,4.63,313.14,4
5/14/2024,2353.399902,104.89199829101562,78.01999664,28.485000610351562,5246.680176,61552.78906,5.33,4.63,313.14,4
5/15/2024,2388.699951171875,104.21199798583984,78.62999725341797,29.513999938964844,5308.149902,66267.49219,5.33,4.63,313.14,4
5/16/2024,2380,104.34500122070312,79.23000336,29.665000915527344,5297.100098,65231.58203,5.33,4.63,313.14,4
5/17/2024,2412.199951171875,104.33000183105469,80.05999755859375,31.047000885009766,5303.27002,67051.875,5.33,4.63,313.14,4
5/20/2024,2433.899902,104.45999908447266,79.80000305175781,32.20500183105469,5308.129883,71448.19531,5.33,4.63,313.14,4
5/21/2024,2421.699951171875,104.55599975585938,79.26000213623047,31.868000030517578,5321.410156,70136.53125,5.33,4.63,313.14,4
5/22/2024,2389.199951171875,104.83599853515625,77.56999969482422,31.295000076293945,5307.009766,69122.33594,5.33,4.63,313.14,4
5/23/2024,2335,105.03600311279297,76.87000274658203,30.284000396728516,5267.839844,67929.5625,5.33,4.63,313.14,4
5/24/2024,2332.5,104.63800048828125,77.72000122070312,30.329999923706055,5304.720215,68526.10156,5.33,4.63,313.14,4
5/28/2024,2355.199951171875,104.53900146484375,79.83000183105469,31.97100067138672,5306.040039,68296.21875,5.33,4.63,313.14,4
5/29/2024,2340.300048828125,105.03399658203125,79.23000336,32.202999114990234,5266.950195,67578.09375,5.33,4.63,313.14,4
5/30/2024,2342.899902,104.65799713134766,77.91000366210938,31.38800048828125,5235.47998,68364.99219,5.33,4.63,313.14,4
5/31/2024,2322.899902,104.62699890136719,76.98999786376953,30.297000885009766,5277.509766,67491.41406,5.33,4.63,313.14,4
6/1/2024,2322.899902,104.62699890136719,76.98999786376953,30.297000885009766,5277.509766,67491.41406,5.33,4.63,313.131,4.1
6/3/2024,2346.600098,104.0780029296875,74.22000122070312,30.641000747680664,5283.399902,68804.78125,5.33,4.63,313.131,4.1
6/4/2024,2325.5,104.0510025024414,73.25,29.488000869750977,5291.339844,70567.76563,5.33,4.63,313.131,4.1
6/5/2024,2354.100098,104.22100067138672,74.06999969482422,29.947999954223633,5354.029785,71082.82031,5.33,4.63,313.131,4.1
6/6/2024,2370.300048828125,104.05699920654297,75.55000305175781,31.246999740600586,5352.959961,70757.16406,5.33,4.63,313.131,4.1
6/7/2024,2305.199951171875,104.8550033569336,75.52999877929688,29.334999084472656,5346.990234,69342.58594,5.33,4.63,313.131,4.1
6/10/2024,2307.699951171875,105.11199951171875,77.73999786376953,29.768999099731445,5360.790039,69512.28125,5.33,4.63,313.131,4.1
6/11/2024,2307.5,105.1989974975586,77.90000153,29.132999420166016,5375.319824,67332.03125,5.33,4.63,313.131,4.1
6/12/2024,2336,104.61499786376953,78.5,30.176000595092773,5421.029785,68241.1875,5.33,4.63,313.131,4.1
6/13/2024,2300.199951171875,105.18699645996094,78.62000274658203,28.989999771118164,5433.740234,66756.39844,5.33,4.63,313.131,4.1
6/14/2024,2331.399902,105.54499816894531,78.44999694824219,29.402000427246094,5431.600098,66011.09375,5.33,4.63,313.131,4.1
6/17/2024,2312.399902,105.56400299072266,80.33000183105469,29.325000762939453,5473.22998,66490.29688,5.33,4.63,313.131,4.1
6/18/2024,2330.399902,104.8759994506836,81.56999969482422,29.50499916,5487.029785,65140.74609,5.33,4.63,313.131,4.1
6/20/2024,2353.800048828125,105.22699737548828,82.16999816894531,30.775999069213867,5473.169922,64828.65625,5.33,4.63,313.131,4.1
6/21/2024,2316.399902,105.44300079345703,80.73000336,29.572999954223633,5464.620117,64096.19922,5.33,4.63,313.131,4.1
6/24/2024,2330,105.12100219726562,81.62999725341797,29.48900032043457,5447.870117,60277.41406,5.33,4.63,313.131,4.1
6/25/2024,2316.600098,105.25900268554688,80.83000183105469,28.836999893188477,5469.299805,61804.64063,5.33,4.63,313.131,4.1
6/26/2024,2299.199951171875,105.71399688720703,80.90000153,28.909000396728516,5477.899902,60811.27734,5.33,4.63,313.131,4.1
6/27/2024,2324.5,105.57099914550781,81.73999786376953,28.917999267578125,5482.870117,61604.80078,5.33,4.63,313.131,4.1
6/28/2024,2327.699951171875,105.54499816894531,81.54000091552734,29.23699951171875,5460.47998,60320.13672,5.33,4.63,313.131,4.1
7/1/2024,2327.600098,105.58699798583984,83.37999725341797,29.299999237060547,5475.089844,62851.98047,5.33,4.48,313.566,4.2
7/2/2024,2323,105.40699768066406,82.80999755859375,29.35300064086914,5509.009766,62029.01563,5.33,4.48,313.566,4.2
7/3/2024,2359.800048828125,105.0770034790039,83.87999725341797,30.54800033569336,5537.02002,60173.92188,5.33,4.48,313.566,4.2
7/5/2024,2388.5,104.5479965209961,83.16000366210938,31.38800048828125,5567.189941,56662.375,5.33,4.48,313.566,4.2
7/8/2024,2355.199951171875,104.66799926757812,82.33000183105469,30.618000030517578,5572.850098,56705.09766,5.33,4.48,313.566,4.2
7/9/2024,2360.100098,104.80699920654297,81.41000366210938,30.77199935913086,5576.97998,58009.22656,5.33,4.48,313.566,4.2
7/10/2024,2372.199951171875,104.72899627685547,82.09999847,30.726999282836914,5633.910156,57742.49609,5.33,4.48,313.566,4.2
7/11/2024,2415,104.13099670410156,82.62000274658203,31.393999099731445,5584.540039,57344.91406,5.33,4.48,313.566,4.2
7/12/2024,2414,103.78299713134766,82.20999908447266,30.88599967956543,5615.350098,57899.46484,5.33,4.48,313.566,4.2
7/15/2024,2422.899902,103.88200378417969,81.91000366210938,30.672000885009766,5631.220215,64870.15234,5.33,4.48,313.566,4.2
7/16/2024,2462.399902,103.95899963378906,80.76000213623047,31.19499969482422,5667.200195,65097.14844,5.33,4.48,313.566,4.2
7/17/2024,2454.800048828125,103.44300079345703,82.84999847,30.136999130249023,5588.27002,64118.79297,5.33,4.48,313.566,4.2
7/18/2024,2451.800048828125,103.88500213623047,82.81999969482422,29.99500084,5544.589844,63974.06641,5.33,4.48,313.566,4.2
7/19/2024,2395.5,104.11199951171875,80.12999725341797,29.08799934387207,5505,66710.15625,5.33,4.48,313.566,4.2
7/22/2024,2392,104.03700256347656,79.77999877929688,29.124000549316406,5564.410156,67585.25,5.33,4.48,313.566,4.2
7/23/2024,2404.600098,104.17500305175781,76.95999908447266,29.131999969482422,5555.740234,65927.67188,5.33,4.48,313.566,4.2
7/24/2024,2413.300048828125,104.12200164794922,77.58999633789062,29.115999221801758,5427.129883,65372.13281,5.33,4.48,313.566,4.2
7/25/2024,2351.899902,104.10800170898438,78.27999877929688,27.80699920654297,5399.220215,65777.22656,5.33,4.48,313.566,4.2
7/26/2024,2380,104.05899810791016,77.16000366210938,27.860000610351562,5459.100098,67912.0625,5.33,4.48,313.566,4.2
7/29/2024,2377.300048828125,104.31400299072266,75.80999755859375,27.702999114990234,5463.540039,66819.91406,5.33,4.48,313.566,4.2
7/30/2024,2405,104.31900024414062,74.73000336,28.364999771118164,5436.439941,66201.01563,5.33,4.48,313.566,4.2
7/31/2024,2426.5,103.85900115966797,77.91000366210938,28.777999877929688,5522.299805,64619.25,5.33,4.48,313.566,4.2
8/1/2024,2435,104.20500183105469,76.30999755859375,28.33099937438965,5446.680176,65357.5,5.33,3.99,314.131,4.2
8/2/2024,2425.699951171875,102.98799896240234,73.51999664,28.246000289916992,5346.560059,61415.06641,5.33,3.99,314.131,4.2
8/5/2024,2401.699951171875,102.48300170898438,72.94000244140625,27.076000213623047,5186.330078,53991.45703,5.33,3.99,314.131,4.2
8/6/2024,2389.100098,102.75800323486328,73.19999694824219,27.09600067138672,5240.029785,56034.31641,5.33,3.99,314.131,4.2
8/7/2024,2390.5,102.99800109863281,75.23000336,26.829999923706055,5199.5,55027.46094,5.33,3.99,314.131,4.2
8/8/2024,2422.199951171875,103.02200317382812,76.19000244140625,27.5,5319.310059,61710.13672,5.33,3.99,314.131,4.2
8/9/2024,2432.100098,102.95700073242188,76.83999633789062,27.48699951171875,5344.160156,60880.11328,5.33,3.99,314.131,4.2
8/12/2024,2462.399902,102.96099853515625,80.05999755859375,27.91699981689453,5344.390137,59354.51563,5.33,3.99,314.131,4.2
8/13/2024,2466.699951171875,102.37999725341797,78.34999847,27.69499969482422,5434.430176,60609.56641,5.33,3.99,314.131,4.2
8/14/2024,2439.399902,102.38500213623047,76.98000336,27.253999710083008,5455.209961,58737.26953,5.33,3.99,314.131,4.2
8/15/2024,2453.100098,102.80799865722656,78.16000366210938,28.341999053955078,5543.220215,57560.09766,5.33,3.99,314.131,4.2
8/16/2024,2498.600098,102.30699920654297,76.65000153,28.777999877929688,5554.25,58894.10547,5.33,3.99,314.131,4.2
8/19/2024,2501.800048828125,101.73100280761719,74.37000274658203,29.239999771118164,5608.25,59493.45313,5.33,3.99,314.131,4.2
8/20/2024,2511.300048828125,101.29900360107422,74.04000091552734,29.454999923706055,5597.120117,59012.79297,5.33,3.99,314.131,4.2
8/21/2024,2508.399902,100.91000366210938,71.93000030517578,29.47599983215332,5620.850098,61175.19141,5.33,3.99,314.131,4.2
8/22/2024,2478.899902,101.39900207519531,73.01000213623047,29.006000518798828,5570.640137,60381.91406,5.33,3.99,314.131,4.2
8/23/2024,2508.399902,100.60600280761719,74.83000183105469,29.785999298095703,5634.609863,64094.35547,5.33,3.99,314.131,4.2
8/26/2024,2517.699951171875,100.74099731445312,77.41999816894531,29.976999282836914,5616.839844,62880.66016,5.33,3.99,314.131,4.2
8/27/2024,2516,100.45500183105469,75.52999877929688,29.951000213623047,5625.799805,59504.13281,5.33,3.99,314.131,4.2
8/28/2024,2501,100.98999786376953,74.51999664,29.176000595092773,5592.180176,59027.625,5.33,3.99,314.131,4.2
8/29/2024,2525.699951171875,101.2699966430664,75.91000366210938,29.55699920654297,5591.959961,59388.17969,5.33,3.99,314.131,4.2
8/30/2024,2493.800048828125,101.6240005493164,73.55000305175781,28.731000900268555,5648.399902,59119.47656,5.33,3.99,314.131,4.2
9/1/2024,2493.800048828125,101.6240005493164,73.55000305175781,28.731000900268555,5648.399902,59119.47656,5.13,3.99,314.851,4.1
9/3/2024,2489.899902,101.76599884033203,70.33999633789062,27.951000213623047,5528.930176,57431.02344,5.13,3.99,314.851,4.1
9/4/2024,2493.399902,101.3010025024414,69.19999694824219,28.16699981689453,5520.069824,57971.53906,5.13,3.99,314.851,4.1
9/5/2024,2511.399902,101.0739974975586,69.15000153,28.719999313354492,5503.410156,56160.48828,5.13,3.99,314.851,4.1
9/6/2024,2493.5,101.14299774169922,67.66999816894531,27.808000564575195,5408.419922,53948.75391,5.13,3.99,314.851,4.1
9/9/2024,2501.800048828125,101.51799774169922,68.70999908447266,28.291000366210938,5471.049805,57019.53516,5.13,3.99,314.851,4.1
9/10/2024,2512.300048828125,101.5979995727539,65.75,28.256999969482422,5495.52002,57648.71094,5.13,3.99,314.851,4.1
9/11/2024,2512.100098,101.65799713134766,67.30999755859375,28.562999725341797,5554.129883,57343.17188,5.13,3.99,314.851,4.1
9/12/2024,2551.199951171875,101.35099792480469,68.97000122070312,29.743000030517578,5595.759766,58127.01172,5.13,3.99,314.851,4.1
9/13/2024,2581.300048828125,101.12000274658203,68.65000153,30.698999404907227,5626.02002,60571.30078,5.13,3.99,314.851,4.1
9/16/2024,2580.399902,100.71099853515625,70.08999633789062,30.770999908447266,5633.089844,58192.50781,5.13,3.99,314.851,4.1
9/17/2024,2564.300048828125,100.56700134277344,71.19000244140625,30.618999481201172,5634.580078,60308.53906,5.13,3.99,314.851,4.1
9/18/2024,2570.699951171875,100.28199768066406,70.91000366210938,30.340999603271484,5618.259766,61649.67969,5.13,3.99,314.851,4.1
9/19/2024,2588,100.32099914550781,71.94999694824219,31.09399986,5713.640137,62940.45703,5.13,3.99,314.851,4.1
9/20/2024,2619.899902,100.4229965209961,71.91999816894531,31.176000595092773,5702.549805,63192.97656,5.13,3.99,314.851,4.1
9/23/2024,2626.5,100.55999755859375,70.37000274658203,30.767000198364258,5718.569824,63329.80078,5.13,3.99,314.851,4.1
9/24/2024,2651.199951171875,100.15899658203125,71.55999755859375,32.111000061035156,5732.930176,64301.96875,5.13,3.99,314.851,4.1
9/25/2024,2659.199951171875,100.6240005493164,69.69000244140625,31.697999954223633,5722.259766,63143.14453,5.13,3.99,314.851,4.1
9/26/2024,2669.899902,100.24600219726562,67.66999816894531,32.025001525878906,5745.370117,65181.01953,5.13,3.99,314.851,4.1
9/27/2024,2644.300048828125,100.10900115966797,68.18000030517578,31.518999099731445,5738.169922,65790.66406,5.13,3.99,314.851,4.1
9/30/2024,2636.100098,100.52100372314453,68.16999816894531,31.163999557495117,5762.47998,63329.5,5.13,3.99,314.851,4.1
10/1/2024,2667.300048828125,100.93099975585938,69.83000183105469,31.44499969482422,5708.75,60837.00781,4.83,3.74,315.564,4.1
10/2/2024,2647.100098,101.42500305175781,70.09999847,31.628000259399414,5709.540039,60632.78516,4.83,3.74,315.564,4.1
10/3/2024,2657.100098,101.75,73.70999908447266,32.18899917602539,5699.939941,60759.40234,4.83,3.74,315.564,4.1
10/4/2024,2645.800048828125,102.2750015258789,74.37999725341797,32.12799835205078,5751.069824,62067.47656,4.83,3.74,315.564,4.1
10/7/2024,2644.800048828125,102.3010025024414,77.13999938964844,31.74500084,5695.939941,62236.66016,4.83,3.74,315.564,4.1
10/8/2024,2615,102.3030014038086,73.56999969482422,30.354999542236328,5751.129883,62131.96875,4.83,3.74,315.564,4.1
10/9/2024,2606,102.69499969482422,73.23999786376953,30.424999237060547,5792.040039,60582.10156,4.83,3.74,315.564,4.1
10/10/2024,2620.600098,102.77300262451172,75.84999847,31.00499916,5780.049805,60274.5,4.83,3.74,315.564,4.1
10/11/2024,2657.600098,102.677002,75.55999755859375,31.520000457763672,5815.029785,62445.08984,4.83,3.74,315.564,4.1
10/14/2024,2647.800048828125,103.08200073242188,73.83000183105469,31.08300018310547,5859.850098,66046.125,4.83,3.74,315.564,4.1
10/15/2024,2661.399902,103.05500030517578,70.58000183105469,31.527000427246094,5815.259766,67041.10938,4.83,3.74,315.564,4.1
10/16/2024,2674,103.4000015258789,70.38999938964844,31.760000228881836,5842.470215,67612.71875,4.83,3.74,315.564,4.1
10/17/2024,2691,103.6520004272461,70.66999816894531,31.572999954223633,5841.470215,67399.83594,4.83,3.74,315.564,4.1
10/18/2024,2713.699951171875,103.30699920654297,69.22000122070312,33.03200149536133,5864.669922,68418.78906,4.83,3.74,315.564,4.1
10/21/2024,2723.100098,103.83399963378906,70.55999755859375,33.86899948120117,5853.97998,67367.85156,4.83,3.74,315.564,4.1
10/22/2024,2744.199951171875,103.90899658203125,72.08999633789062,34.83100128173828,5851.200195,67361.40625,4.83,3.74,315.564,4.1
10/23/2024,2714.399902,104.2770004272461,70.76999664,33.63999938964844,5797.419922,66432.19531,4.83,3.74,315.564,4.1
10/24/2024,2734.899902,103.91899871826172,70.19000244140625,33.611000061035156,5809.859863,68161.05469,4.83,3.74,315.564,4.1
10/25/2024,2740.899902,104.13200378417969,71.77999877929688,33.60300064086914,5808.120117,66642.41406,4.83,3.74,315.564,4.1
10/28/2024,2742.899902,104.18299865722656,67.37999725341797,33.83000183105469,5823.52002,69907.75781,4.83,3.74,315.564,4.1
10/29/2024,2768.399902,104.19100189208984,67.20999908447266,34.26900100708008,5832.919922,72720.49219,4.83,3.74,315.564,4.1
10/30/2024,2788.5,103.86199951171875,68.61000061035156,33.91400146484375,5813.669922,72339.53906,4.83,3.74,315.564,4.1
10/31/2024,2738.300048828125,103.87799835205078,69.26000213623047,32.65299987792969,5705.450195,70215.1875,4.83,3.74,315.564,4.1
11/1/2024,2738.600098,104.2030029296875,69.48999786376953,32.54199981689453,5728.799805,69482.46875,4.64,4.37,316.449,4.2
11/4/2024,2736.100098,103.79000091552734,71.47000122070312,32.47999954223633,5712.689941,67811.50781,4.64,4.37,316.449,4.2
11/5/2024,2740.300048828125,103.3239974975586,71.98999786376953,32.654998779296875,5782.759766,69359.5625,4.64,4.37,316.449,4.2
11/6/2024,2667.600098,104.98500061035156,71.69000244140625,31.22100067138672,5929.040039,75639.07813,4.64,4.37,316.449,4.2
11/7/2024,2698.399902,104.37000274658203,72.36000061035156,31.764999389648438,5973.100098,75904.85938,4.64,4.37,316.449,4.2
11/8/2024,2687.5,104.88999938964844,70.37999725341797,31.358999252319336,5995.540039,76545.47656,4.64,4.37,316.449,4.2
11/11/2024,2611.199951171875,105.45700073242188,68.04000091552734,30.540000915527344,6001.350098,88701.48438,4.64,4.37,316.449,4.2
11/12/2024,2600,105.94999694824219,68.12000274658203,30.68600082397461,5983.990234,87955.8125,4.64,4.37,316.449,4.2
11/13/2024,2580.800048828125,106.37899780273438,68.43000030517578,30.59000015258789,5985.379883,90584.16406,4.64,4.37,316.449,4.2
11/14/2024,2568.199951171875,106.5979995727539,68.69999694824219,30.507999420166016,5949.169922,87250.42969,4.64,4.37,316.449,4.2
11/15/2024,2565.699951171875,106.61499786376953,67.01999664,30.371000289916992,5870.620117,91066.00781,4.64,4.37,316.449,4.2
11/18/2024,2610.600098,106.20099639892578,69.16000366210938,31.163000106811523,5893.620117,90542.64063,4.64,4.37,316.449,4.2
11/19/2024,2627.100098,106.14299774169922,69.38999938964844,31.20800018310547,5916.97998,92343.78906,4.64,4.37,316.449,4.2
11/20/2024,2648.199951171875,106.61599731445312,68.87000274658203,30.95599937438965,5917.109863,94339.49219,4.64,4.37,316.449,4.2
11/21/2024,2672.100098,106.93000030517578,70.09999847,30.91200065612793,5948.709961,98504.72656,4.64,4.37,316.449,4.2
11/22/2024,2709.899902,107.50700378417969,71.23999786376953,31.30900001525879,5969.339844,98997.66406,4.64,4.37,316.449,4.2
11/25/2024,2616.800048828125,106.7699966430664,68.94000244140625,30.209999084472656,5987.370117,93102.29688,4.64,4.37,316.449,4.2
11/26/2024,2620.300048828125,106.96800231933594,68.76999664,30.38800048828125,6021.629883,91985.32031,4.64,4.37,316.449,4.2
11/27/2024,2639.899902,106.0479965209961,68.72000122070312,30.111000061035156,5998.740234,95962.53125,4.64,4.37,316.449,4.2
11/29/2024,2657,105.8280029296875,68,30.684999465942383,6032.379883,97461.52344,4.64,4.37,316.449,4.2
12/1/2024,2657,105.8280029296875,68,30.684999465942383,6032.379883,97461.52344,4.48,4.37,317.603,4.1
12/2/2024,2634.899902,106.4229965209961,68.09999847,30.448999404907227,6047.149902,95865.30469,4.48,4.37,317.603,4.1
12/3/2024,2644.699951171875,106.33999633789062,69.94000244140625,31.07699966430664,6049.879883,96002.16406,4.48,4.37,317.603,4.1
12/4/2024,2653.800048828125,106.29000091552734,68.54000091552734,31.50499916,6086.490234,98768.53125,4.48,4.37,317.603,4.1
12/5/2024,2626.600098,105.70099639892578,68.30000305175781,31.134000778198242,6075.109863,96593.57031,4.48,4.37,317.603,4.1
12/6/2024,2638.600098,106.03900146484375,67.19999694824219,31.18600082397461,6090.27002,99920.71094,4.48,4.37,317.603,4.1
12/9/2024,2664.899902,106.125,68.37000274658203,32.215999603271484,6052.850098,97432.71875,4.48,4.37,317.603,4.1
12/10/2024,2697.600098,106.38200378417969,68.58999633789062,32.362998962402344,6034.910156,96675.42969,4.48,4.37,317.603,4.1
12/11/2024,2733.800048828125,106.69499969482422,70.29000091552734,32.56200027,6084.189941,101173.0313,4.48,4.37,317.603,4.1
12/12/2024,2687.5,106.95899963378906,70.01999664,31.22800064086914,6051.25,100043,4.48,4.37,317.603,4.1
12/13/2024,2656,106.99299621582031,71.29000091552734,30.655000686645508,6051.089844,101459.2578,4.48,4.37,317.603,4.1
12/16/2024,2651.399902,107.02999877929688,70.70999908447266,30.69700050354004,6074.080078,106029.7188,4.48,4.37,317.603,4.1
12/17/2024,2644.399902,106.66300201416016,70.08000183105469,30.572999954223633,6050.609863,106140.6016,4.48,4.37,317.603,4.1
12/18/2024,2636.5,107.7490005493164,70.58000183105469,30.40999984741211,5872.160156,100041.5391,4.48,4.37,317.603,4.1
12/19/2024,2592.199951171875,108.1520004272461,69.91000366210938,29.09399986,5867.080078,97490.95313,4.48,4.37,317.603,4.1
12/20/2024,2628.699951171875,107.35099792480469,69.45999908447266,29.65999984741211,5930.850098,97755.92969,4.48,4.37,317.603,4.1
12/23/2024,2612.300048828125,107.80699920654297,69.23999786376953,29.88800048828125,5974.069824,94686.24219,4.48,4.37,317.603,4.1
12/24/2024,2620,108.02300262451172,70.09999847,29.974000930786133,6040.040039,98676.09375,4.48,4.37,317.603,4.1
12/26/2024,2638.800048828125,107.89299774169922,69.62000274658203,30.047000885009766,6037.589844,95795.51563,4.48,4.37,317.603,4.1
12/27/2024,2617.199951171875,107.79199981689453,70.59999847,29.655000686645508,5970.839844,94164.85938,4.48,4.37,317.603,4.1
12/30/2024,2606.100098,107.93299865722656,70.98999786376953,29.106000900268555,5906.939941,92643.21094,4.48,4.37,317.603,4.1
12/31/2024,2629.199951171875,108.2959976196289,71.72000122070312,28.940000534057617,5881.629883,93429.20313,4.48,4.37,317.603,4.1
1/1/2025,2629.199951171875,108.2959976196289,71.72000122070312,28.940000534057617,5881.629883,93429.20313,4.33,4.37,319.086,4
1/2/2025,2658.899902,109.20899963378906,73.12999725341797,29.621999740600586,5868.549805,96886.875,4.33,4.37,319.086,4
1/3/2025,2645,108.7979965209961,73.95999908447266,29.805999755859375,5942.470215,98107.42969,4.33,4.37,319.086,4
1/6/2025,2638.399902,108.10099792480469,73.55999755859375,30.341999053955078,5975.379883,102078.0859,4.33,4.37,319.086,4
1/7/2025,2656.699951171875,108.37799835205078,74.25,30.44700050354004,5909.029785,96922.70313,4.33,4.37,319.086,4
1/8/2025,2664.5,108.9260025024414,73.31999969482422,30.45199966430664,5918.25,95043.52344,4.33,4.37,319.086,4
1/9/2025,2683.800048828125,109.00399780273438,73.91999816894531,30.791000366210938,5918.25,92484.03906,4.33,4.37,319.086,4
1/10/2025,2708.5,109.48699951171875,76.56999969482422,31.090999603271484,5827.040039,94701.45313,4.33,4.37,319.086,4
1/13/2025,2673.5,109.81199645996094,78.81999969482422,30.090999603271484,5836.220215,94516.52344,4.33,4.37,319.086,4
1/14/2025,2677.5,109.11000061035156,77.5,30.131999969482422,5842.910156,96534.04688,4.33,4.37,319.086,4
1/15/2025,2712.5,108.91600036621094,80.04000091552734,31.319000244140625,5949.910156,100504.4922,4.33,4.37,319.086,4
1/16/2025,2746.399902,108.81700134277344,78.68000030517578,31.523000717163086,5937.339844,99756.90625,4.33,4.37,319.086,4
1/17/2025,2744.300048828125,109.2030029296875,77.87999725341797,30.951000213623047,5996.660156,104462.0391,4.33,4.37,319.086,4
1/21/2025,2755,107.86100006103516,75.88999938964844,31.31100082397461,6049.240234,106146.2656,4.33,4.37,319.086,4
1/22/2025,2767.600098,107.96199798583984,75.44000244140625,31.23900032043457,6086.370117,103653.0703,4.33,4.37,319.086,4
1/23/2025,2763.100098,107.86299896240234,74.62000274658203,30.67300033569336,6118.709961,103960.1719,4.33,4.37,319.086,4
1/24/2025,2777.300048828125,107.24500274658203,74.66000366210938,31.023000717163086,6101.240234,104819.4844,4.33,4.37,319.086,4
1/27/2025,2737.5,107.16000366210938,73.16999816894531,30.253999710083008,6012.279785,102087.6875,4.33,4.37,319.086,4
1/28/2025,2766.800048828125,107.68299865722656,73.76999664,30.726999282836914,6067.700195,101332.4766,4.33,4.37,319.086,4
1/29/2025,2769.100098,107.80899810791016,72.62000274658203,31.238000869750977,6039.310059,103703.2109,4.33,4.37,319.086,4
1/30/2025,2823,107.63099670410156,72.73000336,32.36399841308594,6071.169922,104735.3047,4.33,4.37,319.086,4
1/31/2025,2812.5,108.21700286865234,72.52999877929688,32.12799835205078,6040.529785,102405.0234,4.33,4.37,319.086,4
2/1/2025,2812.5,108.21700286865234,72.52999877929688,32.12799835205078,6040.529785,102405.0234,4.33,4.37,319.775,4.1
2/3/2025,2833.899902,108.87699890136719,73.16000366210938,32.391998291015625,5994.569824,101405.4219,4.33,4.37,319.775,4.1
2/4/2025,2853.300048828125,107.822998,72.69999694824219,32.88800048828125,6037.879883,97871.82031,4.33,4.37,319.775,4.1
2/5/2025,2871.600098,107.44200134277344,71.02999877929688,32.856998443603516,6061.47998,96615.44531,4.33,4.37,319.775,4.1
2/6/2025,2856,107.5469970703125,70.61000061035156,32.518001556396484,6083.569824,96593.29688,4.33,4.37,319.775,4.1
2/7/2025,2867.300048828125,107.9280014038086,71,32.334999084472656,6025.990234,96529.08594,4.33,4.37,319.775,4.1
2/10/2025,2914.300048828125,108.19300079345703,72.31999969482422,32.391998291015625,6066.439941,97437.55469,4.33,4.37,319.775,4.1
2/11/2025,2912.5,107.83300018310547,73.31999969482422,32.23099899291992,6068.5,95747.42969,4.33,4.37,319.775,4.1
2/12/2025,2909,107.822998,71.37000274658203,32.69499969482422,6051.970215,97885.85938,4.33,4.37,319.775,4.1
2/13/2025,2925.899902,107.21600341796875,71.29000091552734,32.650001525878906,6115.069824,96623.86719,4.33,4.37,319.775,4.1
2/14/2025,2883.600098,106.57499694824219,70.73999786376953,32.80099868774414,6114.629883,97508.96875,4.33,4.37,319.775,4.1
2/18/2025,2931.600098,106.95500183105469,71.84999847,33.31700134277344,6129.580078,95539.54688,4.33,4.37,319.775,4.1
2/19/2025,2919.399902,107.06300354003906,72.25,32.99300003051758,6144.149902,96635.60938,4.33,4.37,319.775,4.1
2/20/2025,2940,106.26899719238281,72.56999969482422,33.444000244140625,6117.52002,98333.9375,4.33,4.37,319.775,4.1
2/21/2025,2937.600098,106.51899719238281,70.40000153,32.97600173950195,6013.129883,96125.54688,4.33,4.37,319.775,4.1
2/24/2025,2947.899902,106.50900268554688,70.69999694824219,32.57500076293945,5983.25,91418.17188,4.33,4.37,319.775,4.1
2/25/2025,2904.5,106.22799682617188,68.93000030517578,31.801000595092773,5955.25,88736.17188,4.33,4.37,319.775,4.1
2/26/2025,2916.800048828125,106.3290023803711,68.62000274658203,32.25299835205078,5956.060059,84347.02344,4.33,4.37,319.775,4.1
2/27/2025,2883.199951171875,107.1760025024414,70.34999847,31.801000595092773,5861.569824,84704.22656,4.33,4.37,319.775,4.1
2/28/2025,2836.800048828125,107.55799865722656,69.76000213623047,31.21899986,5954.5,84373.00781,4.33,4.37,319.775,4.1
3/1/2025,2836.800048828125,107.55799865722656,69.76000213623047,31.21899986,5954.5,84373.00781,4.33,4.37,319.615,4.2
3/3/2025,2890.199951171875,106.66899871826172,68.37000274658203,32.03200149536133,5849.720215,86065.67188,4.33,4.37,319.615,4.2
3/4/2025,2909.600098,105.68699645996094,68.26000213623047,32.108001708984375,5778.149902,87222.19531,4.33,4.37,319.615,4.2
3/5/2025,2915.300048828125,104.25199890136719,66.30999755859375,32.858001708984375,5842.629883,90623.5625,4.33,4.37,319.615,4.2
3/6/2025,2916.600098,104.02799987792969,66.36000061035156,33.06299973,5738.52002,89961.72656,4.33,4.37,319.615,4.2
3/7/2025,2904.699951171875,103.81199645996094,67.04000091552734,32.54800033569336,5770.200195,86742.67188,4.33,4.37,319.615,4.2
3/10/2025,2891,103.9530029296875,66.02999877929688,32.275001525878906,5614.560059,78532,4.33,4.37,319.615,4.2
3/11/2025,2912.899902,103.27300262451172,66.25,32.88800048828125,5572.069824,82862.21094,4.33,4.37,319.615,4.2
3/12/2025,2939.100098,103.58699798583984,67.68000030517578,33.48400115966797,5599.299805,83722.35938,4.33,4.37,319.615,4.2
3/13/2025,2984.300048828125,103.83000183105469,66.55000305175781,34.05099868774414,5521.52002,81066.70313,4.33,4.37,319.615,4.2
3/14/2025,2994.5,103.70500183105469,67.18000030517578,34.18700027,5638.939941,83969.10156,4.33,4.37,319.615,4.2
3/17/2025,3000,103.47000122070312,67.58000183105469,34.07400131225586,5675.120117,84075.6875,4.33,4.37,319.615,4.2
3/18/2025,3035.100098,102.89199829101562,66.90000153,34.57899856567383,5614.660156,82718.5,4.33,4.37,319.615,4.2
3/19/2025,3035.899902,103.09300231933594,67.16000366210938,33.974998474121094,5675.290039,86854.22656,4.33,4.37,319.615,4.2
3/20/2025,3040,103.49700164794922,68.26000213623047,33.7859993,5662.890137,84167.19531,4.33,4.37,319.615,4.2
3/21/2025,3018.199951171875,103.74400329589844,68.27999877929688,33.290000915527344,5667.560059,84043.24219,4.33,4.37,319.615,4.2
3/24/2025,3013.100098,103.93599700927734,69.11000061035156,33.26499938964844,5767.569824,87498.91406,4.33,4.37,319.615,4.2
3/25/2025,3023.699951171875,103.83100128173828,69,34.00199890136719,5776.649902,87471.70313,4.33,4.37,319.615,4.2
3/26/2025,3020.899902,104.20700073242188,69.65000153,34.03300094604492,5712.200195,86900.88281,4.33,4.37,319.615,4.2
3/27/2025,3060.199951171875,103.99199676513672,69.91999816894531,34.89699935913086,5693.310059,87177.10156,4.33,4.37,319.615,4.2
3/28/2025,3086.5,103.70899963378906,69.36000061035156,34.64400100708008,5580.939941,84353.14844,4.33,4.37,319.615,4.2
3/31/2025,3122.800048828125,103.88300323486328,71.48000336,34.457000732421875,5611.850098,82548.91406,4.33,4.37,319.615,4.2
4/1/2025,3118.899902,103.9489974975586,71.19999694824219,34.15800094604492,5633.069824,85169.17188,4.33,4.17,320.321,4.2
4/2/2025,3139.899902,103.49099731445312,71.70999908447266,34.499000549316406,5670.970215,82485.71094,4.33,4.17,320.321,4.2
4/3/2025,3097,101.79499816894531,66.94999694824219,31.84399986,5396.52002,83102.82813,4.33,4.17,320.321,4.2
4/4/2025,3012,102.76799774169922,61.99000168,29.115999221801758,5074.080078,83843.80469,4.33,4.17,320.321,4.2
4/7/2025,2951.300048828125,102.97200012207031,60.70000076293945,29.510000228881836,5062.25,79235.33594,4.33,4.17,320.321,4.2
4/8/2025,2968.399902,102.70099639892578,59.58000183105469,29.591999053955078,4982.77002,76271.95313,4.33,4.17,320.321,4.2
4/9/2025,3056.5,102.62300109863281,62.349998474121094,30.322999954223633,5456.899902,82573.95313,4.33,4.17,320.321,4.2
4/10/2025,3155.199951171875,100.61000061035156,60.06999969482422,30.67099952697754,5268.049805,79626.14063,4.33,4.17,320.321,4.2
4/11/2025,3222.199951171875,99.89199829101562,61.5,31.823999404907227,5363.359863,83404.83594,4.33,4.17,320.321,4.2
4/14/2025,3204.800048828125,99.39700317382812,61.529998779296875,32.09199905395508,5405.970215,84542.39063,4.33,4.17,320.321,4.2
4/15/2025,3218.699951171875,99.96199798583984,61.33000183105469,32.22700119018555,5396.629883,83668.99219,4.33,4.17,320.321,4.2
4/16/2025,3326.600098,99.14299774169922,62.470001220703125,32.92599868774414,5275.700195,84033.86719,4.33,4.17,320.321,4.2
4/17/2025,3308.699951171875,99.12899780273438,64.68000030517578,32.41999816894531,5282.700195,84895.75,4.33,4.17,320.321,4.2
4/21/2025,3406.199951171875,98.04399871826172,63.08000183105469,32.49599838256836,5158.200195,87518.90625,4.33,4.17,320.321,4.2
4/22/2025,3400.800048828125,98.69000244140625,64.30999755859375,32.880001068115234,5287.759766,93441.89063,4.33,4.17,320.321,4.2
4/23/2025,3276.300048828125,99.63600158691406,62.27000045776367,33.518001556396484,5375.859863,93699.10938,4.33,4.17,320.321,4.2
4/24/2025,3332,99.16799926757812,62.790000915527344,33.481998443603516,5484.77002,93943.79688,4.33,4.17,320.321,4.2
4/25/2025,3282.399902,99.25399780273438,63.02000045776367,32.98899841308594,5525.209961,94720.5,4.33,4.17,320.321,4.2
4/28/2025,3332.5,98.78900146484375,62.04999923706055,32.99000168,5528.75,94978.75,4.33,4.17,320.321,4.2
4/29/2025,3318.800048828125,99.01799774169922,60.41999816894531,33.275001525878906,5560.830078,94284.78906,4.33,4.17,320.321,4.2
4/30/2025,3305,99.26999664,58.209999084472656,32.53099822998047,5569.060059,94207.3125,4.33,4.17,320.321,4.2
5/1/2025,3210,100.05400085449219,59.24000168,32.18899917602539,5604.140137,96492.33594,4.33,4.25,320.58,4.2
5/2/2025,3231.899902,99.83999633789062,58.290000915527344,31.98900032043457,5686.669922,96910.07031,4.33,4.25,320.58,4.2
5/5/2025,3311.300048828125,99.63999938964844,57.130001068115234,32.20500183105469,5650.379883,94748.05469,4.33,4.25,320.58,4.2
5/6/2025,3411.399902,99.04699707,59.09000015258789,33.112998962402344,5606.910156,96802.47656,4.33,4.25,320.58,4.2
5/7/2025,3381.399902,99.43499755859375,58.06999969482422,32.53099822998047,5631.279785,97032.32031,4.33,4.25,320.58,4.2
5/8/2025,3296.600098,100.48999786376953,59.90999984741211,32.37799835205078,5663.939941,103241.4609,4.33,4.25,320.58,4.2
5/9/2025,3335.399902,100.16799926757812,61.02000045776367,32.67599868774414,5659.910156,102970.8516,4.33,4.25,320.58,4.2
5/12/2025,3220,101.5989990234375,61.95000076293945,32.38800048828125,5844.189941,102812.9531,4.33,4.25,320.58,4.2
5/13/2025,3240.300048828125,100.82599639892578,63.66999816894531,32.86800003051758,5886.549805,104169.8125,4.33,4.25,320.58,4.2
5/14/2025,3181.399902,100.87300109863281,63.150001525878906,32.22600173950195,5892.580078,103539.4141,4.33,4.25,320.58,4.2
5/15/2025,3220.699951171875,100.72899627685547,61.619998931884766,32.48099899291992,5916.930176,103744.6406,4.33,4.25,320.58,4.2
5/16/2025,3182,100.94599914550781,62.49000168,32.15800094604492,5958.379883,103489.2891,4.33,4.25,320.58,4.2
5/19/2025,3228.899902,100.28800201416016,62.689998626708984,32.31299973,5963.600098,105606.1797,4.33,4.25,320.58,4.2
5/20/2025,3280.300048828125,99.97699737548828,62.560001373291016,32.97999954223633,5940.459961,106791.0859,4.33,4.25,320.58,4.2
5/21/2025,3309.300048828125,99.43499755859375,61.56999969482422,33.46300125,5844.609863,109678.0781,4.33,4.25,320.58,4.2
5/22/2025,3292.300048828125,99.84899902,61.20000076293945,33.047000885009766,5842.009766,111673.2813,4.33,4.25,320.58,4.2
5/23/2025,3363.600098,99.01000213623047,61.529998779296875,33.44200134277344,5802.819824,107287.7969,4.33,4.25,320.58,4.2
5/27/2025,3299.100098,99.42500305175781,60.88999938964844,33.145999908447266,5921.540039,108994.6406,4.33,4.25,320.58,4.2
5/28/2025,3293.600098,99.78500366210938,61.84000015258789,33,5888.549805,107802.3281,4.33,4.25,320.58,4.2
5/29/2025,3317.100098,99.20899963378906,60.939998626708984,33.28300094604492,5912.169922,105641.7578,4.33,4.25,320.58,4.2
5/30/2025,3288.899902,99.25900268554688,60.790000915527344,32.891998291015625,5911.689941,103998.5703,4.33,4.25,320.58,4.2
6/1/2025,3288.899902,99.25900268554688,60.790000915527344,32.891998291015625,5911.689941,103998.5703,4.33,4.25,321.5,4.1
6/2/2025,3370.600098,98.63500213623047,62.52000045776367,34.56299973,5935.939941,105881.5313,4.33,4.25,321.5,4.1
6/3/2025,3350.199951171875,99.15899658203125,63.40999984741211,34.50299835205078,5970.370117,105432.4688,4.33,4.25,321.5,4.1
6/4/2025,3373.5,98.73000336,62.849998474121094,34.51900100708008,5970.810059,104731.9844,4.33,4.25,321.5,4.1
6/5/2025,3350.699951171875,98.70400238,63.369998931884766,35.68899917602539,5939.299805,101575.9531,4.33,4.25,321.5,4.1
6/6/2025,3322.699951171875,99.14199829101562,64.58000183105469,36.025001525878906,6000.359863,104390.3438,4.33,4.25,321.5,4.1
6/9/2025,3332.100098,98.90599822998047,65.29000091552734,36.68799973,6005.879883,110294.1016,4.33,4.25,321.5,4.1
6/10/2025,3320.899902,99.06999969482422,64.98000336,36.54199981689453,6038.810059,110257.2344,4.33,4.25,321.5,4.1
6/11/2025,3321.300048828125,98.60399627685547,68.15000153,36.16600036621094,6022.240234,108686.625,4.33,4.25,321.5,4.1
6/12/2025,3380.899902,97.90100098,68.04000091552734,36.21300125,6045.259766,105929.0547,4.33,4.25,321.5,4.1
6/13/2025,3431.199951171875,98.1760025,72.98000336,36.28099822998047,5976.970215,106090.9688,4.33,4.25,321.5,4.1
6/16/2025,3396.399902,97.70200348,71.76999664,36.37900161743164,6033.109863,106796.7578,4.33,4.25,321.5,4.1
6/17/2025,3386.600098,98.39399719238281,74.83999633789062,37.09000015258789,5982.720215,104601.1172,4.33,4.25,321.5,4.1
6/18/2025,3389.800048828125,98.46800231933594,75.13999938964844,36.86600112915039,5980.870117,104883.3281,4.33,4.25,321.5,4.1
6/20/2025,3368.100098,98.28199768066406,74.93000030517578,35.97600173950195,5967.839844,103309.6016,4.33,4.25,321.5,4.1
6/23/2025,3377.699951171875,98.01000213623047,68.51000213623047,36.15299987792969,6025.169922,105577.7734,4.33,4.25,321.5,4.1
6/24/2025,3317.399902,97.44999694824219,64.37000274658203,35.70100021362305,6092.180176,106045.6328,4.33,4.25,321.5,4.1
6/25/2025,3327.100098,97.27300262451172,64.91999816894531,36.084999084472656,6092.160156,107361.2578,4.33,4.25,321.5,4.1
6/26/2025,3333.5,96.76200103759766,65.23999786376953,36.58599853515625,6141.02002,106960,4.33,4.25,321.5,4.1
6/27/2025,3273.699951171875,97.03099822998047,65.51999664,36.03699875,6173.069824,107088.4297,4.33,4.25,321.5,4.1
6/30/2025,3294.399902,96.49299621582031,65.11000061035156,35.85200119018555,6204.950195,107135.3359,4.33,4.25,321.5,4.1
7/1/2025,3336.699951171875,96.46700286865234,65.44999694824219,36.082000732421875,6198.009766,105698.2813,4.33,4.26,322.132,4.2
7/2/2025,3348,96.42900085449219,67.44999694824219,36.42599868774414,6227.419922,108859.3203,4.33,4.26,322.132,4.2
7/3/2025,3331.600098,96.8219986,67,36.784000396728516,6279.350098,109647.9766,4.33,4.26,322.132,4.2
7/4/2025,3332.5,96.8219986,66.5,36.775001525878906,6279.350098,108034.3359,4.33,4.26,322.132,4.2
7/7/2025,3332.199951171875,97.14099884033203,67.93000030517578,36.61500168,6229.97998,108299.8516,4.33,4.26,322.132,4.2
7/8/2025,3307,97.17199707,68.33000183105469,36.47200012207031,6225.52002,108950.2734,4.33,4.26,322.132,4.2
7/9/2025,3311.600098,97.1989975,68.37999725341797,36.35100173950195,6263.259766,111326.5547,4.33,4.26,322.132,4.2
7/10/2025,3317.399902,97.3219986,66.56999969482422,37.03799819946289,6280.459961,115987.2031,4.33,4.26,322.132,4.2
7/11/2025,3356,97.52899932861328,68.44999694824219,38.67599868774414,6259.75,117516.9922,4.33,4.26,322.132,4.2
7/14/2025,3351.5,97.76300048828125,66.98000336,38.46200180053711,6268.560059,119849.7031,4.33,4.26,322.132,4.2
7/15/2025,3329.800048828125,98.30999755859375,66.51999664,37.83399963378906,6243.759766,117777.1875,4.33,4.26,322.132,4.2
7/16/2025,3352.5,98.07499694824219,66.37999725341797,37.85300064086914,6263.700195,118738.5078,4.33,4.26,322.132,4.2
7/17/2025,3340.100098,98.44599914550781,67.54000091552734,38.055999755859375,6297.359863,119289.8438,4.33,4.26,322.132,4.2
7/18/2025,3353,98.19799805,67.33999633789062,38.222999572753906,6296.790039,118003.2266,4.33,4.26,322.132,4.2
7/21/2025,3401.899902,97.56999969482422,67.19999694824219,39.10100173950195,6305.600098,117439.5391,4.33,4.26,322.132,4.2
7/22/2025,3439.199951171875,97.11699676513672,66.20999908447266,39.31999969482422,6309.620117,119995.4141,4.33,4.26,322.132,4.2
7/23/2025,3394.100098,96.94300079345703,65.25,39.27799987792969,6358.910156,118754.9609,4.33,4.26,322.132,4.2
7/24/2025,3371,97.12400055,66.02999877929688,39.020999908447266,6363.350098,118368,4.33,4.26,322.132,4.2
7/25/2025,3334,97.39900207519531,65.16000366210938,38.16699981689453,6388.640137,117635.8828,4.33,4.26,322.132,4.2
7/28/2025,3309.100098,98.39499664,66.70999908447266,38.02600098,6389.77002,117924.4766,4.33,4.26,322.132,4.2
7/29/2025,3323.399902,98.64700317382812,69.20999908447266,38.08399963378906,6370.859863,117922.1484,4.33,4.26,322.132,4.2
7/30/2025,3295.800048828125,99.58599853515625,70,37.566001892089844,6362.899902,117831.1875,4.33,4.26,322.132,4.2
7/31/2025,3293.199951171875,99.74299621582031,69.26000213623047,36.551998138427734,6339.390137,115758.2031,4.33,4.26,322.132,4.2
8/1/2025,3347.699951171875,98.93000030517578,67.33000183105469,36.78699875,6238.009766,113320.0859,4.33,4.23,322.132,4.3
8/4/2025,3374.399902,98.58599853515625,66.29000091552734,37.19200134277344,6329.939941,115071.8828,4.33,4.23,322.132,4.3
8/5/2025,3381.899902,98.58100128173828,65.16000366210938,37.68700027,6299.189941,114141.4453,4.33,4.23,322.132,4.3
8/6/2025,3380,97.98300170898438,64.34999847,37.76599884033203,6345.060059,115028,4.33,4.23,322.132,4.3
8/7/2025,3400.300048828125,98.22899627685547,63.880001068115234,38.15800094604492,6340,117496.8984,4.33,4.23,322.132,4.3
8/8/2025,3439.100098,98.00900268554688,63.880001068115234,38.41699981689453,6389.450195,116688.7266,4.33,4.23,322.132,4.3
8/11/2025,3353.100098,98.36100006103516,63.959999084472656,37.66199875,6373.450195,118731.4453,4.33,4.23,322.132,4.3
8/12/2025,3348.899902,97.92700195,63.16999816894531,37.89899826049805,6445.759766,120172.9063,4.33,4.23,322.132,4.3
8/13/2025,3358.699951171875,97.66200256347656,62.650001525878906,38.499000549316406,6466.580078,123344.0625,4.33,4.23,322.132,4.3
8/14/2025,3335.199951171875,98.10299682617188,63.959999084472656,37.981998443603516,6468.540039,118359.5781,4.33,4.23,322.132,4.3
8/15/2025,3336,97.71199798583984,62.79999923706055,37.89400100708008,6449.799805,117398.3516,4.33,4.23,322.132,4.3
8/18/2025,3331.699951171875,98.01699829101562,63.41999816894531,37.95100021362305,6449.149902,116252.3125,4.33,4.23,322.132,4.3
8/19/2025,3313.399902,98.11900329589844,62.349998474121094,37.26100158691406,6411.370117,112831.1797,4.33,4.23,322.132,4.3
8/20/2025,3343.399902,98.08000183105469,63.209999084472656,37.70500183105469,6395.779785,114274.7422,4.33,4.23,322.132,4.3
8/21/2025,3336.899902,98.51100158691406,63.52000045776367,38.027000427246094,6370.169922,112419.0313,4.33,4.23,322.132,4.3
8/22/2025,3374.399902,97.59899902,63.65999984741211,39.00299835205078,6466.910156,116874.0859,4.33,4.23,322.132,4.3
8/25/2025,3373.800048828125,98.31800079345703,64.80000305175781,38.676998138427734,6439.319824,110124.3516,4.33,4.23,322.132,4.3
8/26/2025,3388.600098,98.12200164794922,63.25,38.582000732421875,6465.939941,111802.6563,4.33,4.23,322.132,4.3
8/27/2025,3404.600098,98.12699890136719,64.15000153,38.68899917602539,6481.399902,111222.0625,4.33,4.23,322.132,4.3
8/28/2025,3431.800048828125,97.73799896240234,64.59999847,39.189998626708984,6501.859863,112544.8047,4.33,4.23,322.132,4.3
8/29/2025,3473.699951171875,97.69000244140625,64.01000213623047,40.20000076293945,6460.259766,108410.8359,4.33,4.23,322.132,4.3
